# Sequel Pro dump
# Version 1630
# http://code.google.com/p/sequel-pro
#
# Host: localhost (MySQL 5.5.9)
# Database: prod
# Generation Time: 2013-02-11 11:57:00 +0530
# ************************************************************

/*!40101 SET @OLD_CHARACTER_SET_CLIENT=@@CHARACTER_SET_CLIENT */;
/*!40101 SET @OLD_CHARACTER_SET_RESULTS=@@CHARACTER_SET_RESULTS */;
/*!40101 SET @OLD_COLLATION_CONNECTION=@@COLLATION_CONNECTION */;
/*!40101 SET NAMES utf8 */;
/*!40014 SET @OLD_FOREIGN_KEY_CHECKS=@@FOREIGN_KEY_CHECKS, FOREIGN_KEY_CHECKS=0 */;
/*!40101 SET @OLD_SQL_MODE=@@SQL_MODE, SQL_MODE='NO_AUTO_VALUE_ON_ZERO' */;
/*!40111 SET @OLD_SQL_NOTES=@@SQL_NOTES, SQL_NOTES=0 */;


# Dump of table accounts
# ------------------------------------------------------------

LOCK TABLES `accounts` WRITE;
/*!40000 ALTER TABLE `accounts` DISABLE KEYS */;
INSERT INTO `accounts` (`id`,`username`,`password`,`firstName`,`lastName`,`email`,`roles`,`createdOn`,`verifiedOn`,`lastsignedinOn`,`deletedOn`,`suspendedOn`,`resetsentOn`,`pics`)
VALUES
	(1,NULL,'himanshu','Himanshu','Bhutani','him.bhutani@gmail.com','3',NULL,NULL,NULL,NULL,NULL,NULL,NULL),
	(2,NULL,'ashwin','Ashwin','M','ashwin.rsmd@gmail.com','3',NULL,NULL,NULL,NULL,NULL,NULL,NULL),
	(3,NULL,'tanuj','Tanuj','Bhojwani','tanuj.bhojwani@gmail.com','3',NULL,NULL,NULL,NULL,NULL,NULL,NULL),
	(4,NULL,'aa','aa','aa','a@a.com',NULL,'2012-12-28 20:42:09',NULL,NULL,NULL,NULL,NULL,NULL),
	(5,NULL,'123456','aa','aa','aa@aa.com',NULL,'2012-12-31 11:09:00',NULL,NULL,NULL,NULL,NULL,NULL),
	(6,NULL,'anirban','Anirban','Naskar','anirbanaskar@gmail.com','3',NULL,NULL,NULL,NULL,NULL,NULL,NULL),
	(7,'arpit','demo1234','Demo Demo','Agarwal','demo@demo.in','3','2012-12-31 11:09:00',NULL,NULL,NULL,NULL,NULL,NULL),
	(8,NULL,'rs','RS','dummy','rs@rs.com',NULL,'2013-01-21 13:16:47',NULL,NULL,NULL,NULL,NULL,NULL),
	(9,NULL,'rst','RST','dummy','rst@rst.com',NULL,'2013-01-21 14:13:02',NULL,NULL,NULL,NULL,NULL,NULL),
	(10,NULL,'abc','s@s.com','dummy','sho@g.com',NULL,'2013-01-21 14:13:51',NULL,NULL,NULL,NULL,NULL,NULL),
	(11,NULL,'abc','ab@a.com','dummy','ab@a.com',NULL,'2013-01-21 14:14:26',NULL,NULL,NULL,NULL,NULL,NULL),
	(12,NULL,'asd','asd','dummy','asd@asd.com',NULL,'2013-01-21 14:41:06',NULL,NULL,NULL,NULL,NULL,NULL),
	(13,NULL,'rr','Raghav','dummy','r@r.com',NULL,'2013-01-22 16:52:51',NULL,NULL,NULL,NULL,NULL,NULL),
	(14,NULL,'RV','Raghav','dummy','raghav@prepsquare.com',NULL,'2013-01-22 17:27:40',NULL,NULL,NULL,NULL,NULL,NULL),
	(15,NULL,'rv','RV','dummy','rv@rv.com',NULL,'2013-01-22 17:55:38',NULL,NULL,NULL,NULL,NULL,NULL),
	(16,NULL,'aa','AA','dummy','a@aa.com',NULL,'2013-01-22 18:23:03',NULL,NULL,NULL,NULL,NULL,NULL),
	(17,NULL,'kk','kk','dummy','k@k.com',NULL,'2013-01-22 18:24:35',NULL,NULL,NULL,NULL,NULL,NULL),
	(18,NULL,'tt','T','dummy','t@t.com',NULL,'2013-01-22 19:49:22',NULL,NULL,NULL,NULL,NULL,NULL),
	(19,NULL,'ss','Shikhar','dummy','ss@ss.com',NULL,'2013-01-22 20:16:47',NULL,NULL,NULL,NULL,NULL,NULL),
	(20,NULL,'rr','Raghav','dummy','rr@rr.com',NULL,'2013-01-23 19:02:05',NULL,NULL,NULL,NULL,NULL,NULL),
	(21,NULL,'ra','ra','dummy','ra@ra.com',NULL,'2013-01-23 19:33:06',NULL,NULL,NULL,NULL,NULL,NULL),
	(22,NULL,'rt','rt','dummy','rt@rt.com',NULL,'2013-01-23 22:47:41',NULL,NULL,NULL,NULL,NULL,NULL),
	(23,NULL,'ll','LL','dummy','ll@ll.com',NULL,'2013-01-24 10:06:37',NULL,NULL,NULL,NULL,NULL,NULL),
	(24,NULL,'ry','ry','dummy','ry@ry.com',NULL,'2013-01-24 10:55:53',NULL,NULL,NULL,NULL,NULL,NULL),
	(25,NULL,'tanuj','tanuj','dummy','tanuj@tanuj.com',NULL,'2013-01-24 11:17:27',NULL,NULL,NULL,NULL,NULL,NULL),
	(26,NULL,'sss','sss','dummy','sss@sss.com',NULL,'2013-01-24 12:01:43',NULL,NULL,NULL,NULL,NULL,NULL),
	(27,NULL,'abc','Vinod','Agrawal','va@p.com','3',NULL,NULL,NULL,NULL,NULL,NULL,NULL),
	(28,NULL,'abc','Gaurav','Talwar','gt@p.com','3',NULL,NULL,NULL,NULL,NULL,NULL,NULL),
	(29,NULL,'abc','Binny','Marwaha','bm@p.com','3',NULL,NULL,NULL,NULL,NULL,NULL,NULL),
	(31,NULL,'demo1234','R Sundar','dummy','r.sundar@timesgroup.com',NULL,'2013-01-24 13:09:58',NULL,NULL,NULL,NULL,NULL,NULL),
	(32,NULL,'sonali123','Sonali Khandelwal','dummy','sonali.khandelwal9@gmail.com',NULL,'2013-01-25 11:52:44',NULL,NULL,NULL,NULL,NULL,NULL),
	(33,NULL,'oo','oo','dummy','o@o.com',NULL,'2013-01-28 10:04:02',NULL,NULL,NULL,NULL,NULL,NULL),
	(34,NULL,'pp','Raghav Verma','dummy','p@p.com',NULL,'2013-01-29 13:04:50',NULL,NULL,NULL,NULL,NULL,NULL),
	(35,NULL,'ra','Raghav Verma','dummy','raghavverma1@gmail.com',NULL,'2013-01-31 12:54:14',NULL,NULL,NULL,NULL,NULL,NULL),
	(36,NULL,'ss','Shikhar Sachan','dummy','shikhar.sachan@gmail.com',NULL,'2013-01-31 12:55:12',NULL,NULL,NULL,NULL,NULL,NULL),
	(37,NULL,'aa','asgs','dummy','asasd@asdas.com',NULL,'2013-01-31 12:56:04',NULL,NULL,NULL,NULL,NULL,NULL),
	(38,NULL,'rrs','rr','dummy','rrs@rrs.com',NULL,'2013-01-31 13:53:36',NULL,NULL,NULL,NULL,NULL,NULL),
	(39,NULL,'rs','rs','dummy','ff@ff.com',NULL,'2013-01-31 15:21:00',NULL,NULL,NULL,NULL,NULL,NULL),
	(40,NULL,'ggg','ggg','dummy','ggg@g.com',NULL,'2013-02-05 05:57:16',NULL,NULL,NULL,NULL,NULL,NULL),
	(41,NULL,'aaa','gfgg','dummy','ghghg@g.com',NULL,'2013-02-07 15:29:54',NULL,NULL,NULL,NULL,NULL,NULL),
	(42,NULL,'sss','ss','dummy','ssss@d.com',NULL,'2013-02-08 00:40:54',NULL,NULL,NULL,NULL,NULL,NULL),
	(43,NULL,'aaa','pppop','dummy','pppop@p.com',NULL,'2013-02-08 00:44:40',NULL,NULL,NULL,NULL,NULL,NULL),
	(44,NULL,'kkkt','ppop','dummy','ppp@l.com',NULL,'2013-02-08 01:17:21',NULL,NULL,NULL,NULL,NULL,NULL),
	(45,NULL,'asdf','ttyu','dummy','tty@gmail.com',NULL,'2013-02-08 01:18:21',NULL,NULL,NULL,NULL,NULL,NULL),
	(46,NULL,'kkkjk','loppo','dummy','loppo@g.com',NULL,'2013-02-08 01:19:42',NULL,NULL,NULL,NULL,NULL,NULL),
	(47,NULL,'vvv','vvv','dummy','vv@v.com',NULL,'2013-02-11 03:50:14',NULL,NULL,NULL,NULL,NULL,NULL),
	(48,NULL,'jjj','ppplp','dummy','khkh@g.com',NULL,'2013-02-11 03:52:44',NULL,NULL,NULL,NULL,NULL,NULL),
	(49,NULL,'ggg','eeerrr','dummy','gg@g.com',NULL,'2013-02-11 04:19:34',NULL,NULL,NULL,NULL,NULL,NULL),
	(50,NULL,'rrr','rrr','dummy','r@r1.com',NULL,'2013-02-11 05:03:19',NULL,NULL,NULL,NULL,NULL,NULL);

/*!40000 ALTER TABLE `accounts` ENABLE KEYS */;
UNLOCK TABLES;


# Dump of table accounts_fb
# ------------------------------------------------------------



# Dump of table accounts_google
# ------------------------------------------------------------



# Dump of table ascores_l1
# ------------------------------------------------------------

LOCK TABLES `ascores_l1` WRITE;
/*!40000 ALTER TABLE `ascores_l1` DISABLE KEYS */;
INSERT INTO `ascores_l1` (`accountId`,`score`,`updatedOn`,`l1Id`,`numQuestions`,`numCorrect`,`numIncorrect`,`numUnattempted`,`streamId`)
VALUES
	(4,10,'2013-01-08 00:00:00',1,0,0,0,0,1),
	(4,82.4767,'2013-02-08 12:16:04',2,676,33,116,527,1),
	(4,49.9487,'2013-02-02 10:23:56',3,304,8,63,233,1),
	(7,55.0548,'0000-00-00 00:00:00',1,10,4,6,0,1),
	(7,49.4468,'2013-01-31 15:37:32',2,205,22,51,132,1),
	(7,55.8639,'2013-01-24 18:56:38',3,85,12,24,49,1),
	(7,56.0734,'0000-00-00 00:00:00',4,10,0,10,0,1),
	(7,55.3601,'0000-00-00 00:00:00',5,10,2,8,0,1),
	(7,58.6417,'0000-00-00 00:00:00',6,10,2,8,0,1),
	(8,42.16,'2013-01-21 13:19:17',2,20,3,17,0,1),
	(9,55.3077,'2013-01-21 14:14:35',3,20,6,12,2,1),
	(11,81.9615,'2013-01-21 14:21:10',3,3,0,3,0,1),
	(10,59.0256,'2013-01-21 14:15:50',3,20,2,7,11,1),
	(9,49.9733,'2013-01-21 14:34:27',2,77,7,31,39,1),
	(11,42,'2013-01-21 14:22:26',2,25,0,0,25,1),
	(10,38.38,'2013-01-21 14:30:15',2,34,4,6,24,1),
	(12,37.9134,'2013-01-22 14:05:50',2,24,4,20,0,1),
	(12,47.0897,'2013-01-21 15:12:36',3,20,5,13,2,1),
	(13,32.2167,'2013-01-22 17:15:45',2,53,5,12,36,1),
	(13,40.9487,'2013-01-22 17:21:58',3,40,3,14,23,1),
	(14,54.9872,'2013-01-22 17:35:56',3,1,0,1,0,1),
	(14,60.02,'2013-01-22 17:46:12',2,65,1,3,61,1),
	(15,23.9872,'2013-02-01 14:31:58',3,4,0,1,3,1),
	(15,85.0333,'2013-01-23 10:48:38',2,77,11,52,14,1),
	(16,37,'2013-01-22 18:24:20',3,5,1,4,0,1),
	(17,66.8719,'2013-01-22 19:47:35',3,20,2,18,0,1),
	(18,71.04,'2013-01-22 19:50:23',2,25,2,5,18,1),
	(17,29.87,'2013-01-22 20:13:44',2,77,4,21,52,1),
	(19,47.86,'2013-01-22 21:06:53',2,49,1,7,41,1),
	(19,57.9487,'2013-01-22 20:20:12',3,20,0,2,18,1),
	(18,64.6666,'2013-01-28 10:01:40',3,40,10,14,16,1),
	(20,36.8733,'2013-01-23 19:03:54',2,4,0,4,0,1),
	(20,89.0769,'2013-01-23 19:09:49',3,20,1,1,18,1),
	(21,45.0933,'2013-01-23 19:44:21',2,37,4,10,23,1),
	(21,46.8769,'2013-01-23 19:43:15',3,11,1,9,1,1),
	(22,24.8718,'2013-01-23 22:48:39',3,20,0,5,15,1),
	(23,68.3707,'2013-01-24 10:27:51',2,55,9,20,26,1),
	(23,63.9744,'2013-01-24 10:14:15',3,20,1,5,14,1),
	(24,54.9867,'2013-01-24 10:57:32',2,27,1,4,22,1),
	(24,78,'2013-01-24 10:56:51',3,20,1,4,15,1),
	(25,52.8527,'2013-01-24 11:57:47',2,49,1,11,37,1),
	(25,80.0513,'2013-01-24 11:58:55',3,40,2,6,32,1),
	(31,40.8613,'2013-01-29 16:11:59',2,49,0,3,46,1),
	(33,46.8436,'2013-01-28 18:18:45',3,10,2,8,0,1),
	(34,88.3447,'2013-01-31 19:17:06',2,61,7,16,38,1),
	(34,24.1615,'2013-01-30 14:10:04',3,22,6,16,0,1),
	(31,49.9744,'2013-01-29 21:56:50',3,20,0,1,19,1),
	(38,54.9233,'2013-01-31 13:54:45',2,2,0,1,1,1),
	(35,65.9667,'2013-01-31 19:20:30',2,12,0,1,11,1),
	(40,39.98,'2013-02-05 05:58:31',2,25,0,1,24,1),
	(40,35.9795,'2013-02-05 06:27:40',3,1,0,1,0,1),
	(42,57.959,'2013-02-08 00:44:24',3,1,0,1,0,1),
	(44,79.9487,'2013-02-08 01:17:58',3,20,0,2,18,1),
	(45,52.9744,'2013-02-08 01:19:21',3,20,0,1,19,1),
	(46,74.9,'2013-02-08 01:20:42',2,12,0,3,9,1),
	(47,44.0333,'2013-02-11 03:50:43',2,12,1,3,8,1),
	(49,88.9667,'2013-02-11 04:20:19',2,12,0,1,11,1);

/*!40000 ALTER TABLE `ascores_l1` ENABLE KEYS */;
UNLOCK TABLES;


# Dump of table ascores_l2
# ------------------------------------------------------------

LOCK TABLES `ascores_l2` WRITE;
/*!40000 ALTER TABLE `ascores_l2` DISABLE KEYS */;
INSERT INTO `ascores_l2` (`accountId`,`score`,`updatedOn`,`l2Id`,`numQuestions`,`numCorrect`,`numIncorrect`,`numUnattempted`,`streamId`)
VALUES
	(4,10,'2013-01-08 00:00:00',1,0,0,0,0,1),
	(4,72.9334,'2013-02-06 17:13:59',7,203,13,33,157,1),
	(4,57.45,'2013-02-08 12:16:04',6,426,20,79,327,1),
	(4,50,'2013-01-24 16:54:22',5,47,0,4,43,1),
	(4,49.8462,'2013-02-02 10:23:56',10,304,8,63,233,1),
	(7,54.5,'0000-00-00 00:00:00',1,10,7,3,0,1),
	(7,58.6,'0000-00-00 00:00:00',2,10,9,1,0,1),
	(7,52.2857,'0000-00-00 00:00:00',3,10,1,9,0,1),
	(7,54.8334,'0000-00-00 00:00:00',4,10,8,2,0,1),
	(7,42.6,'2013-01-24 18:57:46',5,25,1,9,15,1),
	(7,57.3501,'2013-01-24 18:57:47',6,175,22,36,117,1),
	(7,45.7835,'2013-01-31 15:37:32',7,25,4,21,0,1),
	(7,52,'0000-00-00 00:00:00',8,10,8,2,0,1),
	(7,49.5,'0000-00-00 00:00:00',9,10,10,0,0,1),
	(7,60.3001,'2013-01-24 18:56:38',10,85,14,22,49,1),
	(7,62.6668,'0000-00-00 00:00:00',11,10,1,9,0,1),
	(7,44.625,'0000-00-00 00:00:00',12,10,8,2,0,1),
	(7,49.8,'0000-00-00 00:00:00',13,10,7,3,0,1),
	(7,58.4,'0000-00-00 00:00:00',14,10,6,4,0,1),
	(7,65.1668,'0000-00-00 00:00:00',15,10,8,2,0,1),
	(7,63,'0000-00-00 00:00:00',16,10,1,9,0,1),
	(7,44,'0000-00-00 00:00:00',17,10,3,7,0,1),
	(7,51.25,'0000-00-00 00:00:00',18,10,1,9,0,1),
	(7,64,'0000-00-00 00:00:00',19,10,4,6,0,1),
	(7,58.8571,'0000-00-00 00:00:00',20,10,10,0,0,1),
	(7,47.3333,'0000-00-00 00:00:00',21,10,6,4,0,1),
	(7,34.6666,'0000-00-00 00:00:00',22,10,1,9,0,1),
	(7,82,'0000-00-00 00:00:00',23,10,5,5,0,1),
	(7,53.3333,'0000-00-00 00:00:00',24,10,0,10,0,1),
	(7,62,'0000-00-00 00:00:00',25,10,9,1,0,1),
	(7,60.1668,'0000-00-00 00:00:00',26,10,10,0,0,1),
	(7,63.25,'0000-00-00 00:00:00',27,10,7,3,0,1),
	(7,67.9999,'0000-00-00 00:00:00',28,10,1,9,0,1),
	(7,57.9999,'0000-00-00 00:00:00',29,10,6,4,0,1),
	(7,52.5,'0000-00-00 00:00:00',30,10,5,5,0,1),
	(7,52.5,'0000-00-00 00:00:00',31,10,2,8,0,1),
	(8,82.8,'2013-01-21 13:19:17',6,20,3,17,0,1),
	(9,73.9231,'2013-01-21 14:14:35',10,20,6,12,2,1),
	(11,31.8846,'2013-01-21 14:21:10',10,3,0,3,0,1),
	(10,65.077,'2013-01-21 14:15:50',10,20,2,7,11,1),
	(9,19.6,'2013-01-21 14:34:27',6,59,5,24,30,1),
	(9,88.6,'2013-01-21 14:34:11',5,6,1,1,4,1),
	(11,68,'2013-01-21 14:22:26',6,22,0,0,22,1),
	(11,86,'2013-01-21 14:22:26',5,3,0,0,3,1),
	(10,26.9,'2013-01-21 14:25:31',6,19,0,2,17,1),
	(10,50,'2013-01-21 14:25:03',5,3,0,0,3,1),
	(9,29.6667,'2013-01-21 14:27:13',7,12,1,6,5,1),
	(10,65,'2013-01-21 14:30:15',7,12,4,4,4,1),
	(12,89.6667,'2013-01-21 14:49:06',7,12,2,10,0,1),
	(12,46.2693,'2013-01-21 15:12:36',10,20,5,13,2,1),
	(12,24.9,'2013-01-22 14:05:50',6,12,2,10,0,1),
	(13,29.8333,'2013-01-22 16:55:57',7,2,0,2,0,1),
	(13,59.8462,'2013-01-22 17:21:58',10,40,3,14,23,1),
	(13,79.25,'2013-01-22 17:15:45',6,48,5,10,33,1),
	(13,77,'2013-01-22 17:05:11',5,3,0,0,3,1),
	(14,48.9615,'2013-01-22 17:35:56',10,1,0,1,0,1),
	(14,64.1,'2013-01-22 17:46:12',6,59,1,3,55,1),
	(14,24,'2013-01-22 17:45:37',5,6,0,0,6,1),
	(15,40.9615,'2013-02-01 14:31:58',10,4,0,1,3,1),
	(15,29.6667,'2013-01-22 18:14:58',7,12,3,8,1,1),
	(15,32.8,'2013-01-23 10:48:38',6,59,8,41,10,1),
	(15,73.7,'2013-01-22 18:22:14',5,6,0,3,3,1),
	(16,56,'2013-01-22 18:24:20',10,5,1,4,0,1),
	(17,37.6154,'2013-01-22 19:47:35',10,20,2,18,0,1),
	(18,59.4,'2013-01-22 19:50:23',6,22,2,4,16,1),
	(18,80.8,'2013-01-22 19:50:22',5,3,0,1,2,1),
	(17,40.25,'2013-01-22 20:03:24',7,12,3,9,0,1),
	(17,19.3,'2013-01-22 20:13:44',6,59,1,11,47,1),
	(17,55.8,'2013-01-22 20:10:52',5,6,0,1,5,1),
	(19,76.3,'2013-01-22 20:17:29',6,22,1,1,20,1),
	(19,55,'2013-01-22 20:17:29',5,3,0,0,3,1),
	(19,20.8462,'2013-01-22 20:20:12',10,20,0,2,18,1),
	(19,54,'2013-01-22 21:06:53',7,24,0,6,18,1),
	(18,34,'2013-01-28 10:01:40',10,40,10,14,16,1),
	(20,88.3667,'2013-01-23 19:03:54',7,4,0,4,0,1),
	(20,41.2308,'2013-01-23 19:09:49',10,20,1,1,18,1),
	(21,52.8,'2013-01-23 19:34:23',6,22,3,4,15,1),
	(21,55,'2013-01-23 19:34:22',5,3,0,0,3,1),
	(21,57.6308,'2013-01-23 19:43:15',10,11,1,9,1,1),
	(21,63.6667,'2013-01-23 19:44:21',7,12,1,6,5,1),
	(22,34.6154,'2013-01-23 22:48:39',10,20,0,5,15,1),
	(23,57.2833,'2013-01-24 10:12:35',7,3,1,2,0,1),
	(23,54.9231,'2013-01-24 10:14:15',10,20,1,5,14,1),
	(23,72.57,'2013-01-24 10:27:51',6,49,8,18,23,1),
	(23,75,'2013-01-24 10:24:04',5,3,0,0,3,1),
	(24,47.7333,'2013-01-24 10:56:24',7,2,0,2,0,1),
	(24,68,'2013-01-24 10:56:51',10,20,1,4,15,1),
	(24,50.2,'2013-01-24 10:57:32',6,22,1,2,19,1),
	(24,80,'2013-01-24 10:57:32',5,3,0,0,3,1),
	(25,85.6833,'2013-01-24 11:20:42',7,2,0,2,0,1),
	(25,81.1539,'2013-01-24 11:58:55',10,40,2,6,32,1),
	(25,48.58,'2013-01-24 11:57:47',6,44,1,9,34,1),
	(25,76,'2013-01-24 11:33:19',5,3,0,0,3,1),
	(31,64.79,'2013-01-29 14:58:05',6,43,0,2,41,1),
	(31,55,'2013-01-24 13:12:07',5,3,0,0,3,1),
	(31,54.5167,'2013-01-29 16:11:59',7,3,0,1,2,1),
	(33,23.5308,'2013-01-28 18:18:45',10,10,2,8,0,1),
	(34,83.89,'2013-01-30 15:56:56',6,43,6,15,22,1),
	(34,82,'2013-01-29 13:24:38',5,3,0,0,3,1),
	(34,60.4846,'2013-01-30 14:10:04',10,22,6,16,0,1),
	(31,85.9231,'2013-01-29 21:56:50',10,20,0,1,19,1),
	(34,35.8333,'2013-01-31 19:17:06',7,15,1,1,13,1),
	(38,81.6167,'2013-01-31 13:54:45',7,2,0,1,1,1),
	(35,89.8333,'2013-01-31 19:20:30',7,12,0,1,11,1),
	(40,79.9,'2013-02-05 05:58:31',6,22,0,1,21,1),
	(40,79,'2013-02-05 05:58:31',5,3,0,0,3,1),
	(40,45.9385,'2013-02-05 06:27:40',10,1,0,1,0,1),
	(42,66.8769,'2013-02-08 00:44:24',10,1,0,1,0,1),
	(44,54.8462,'2013-02-08 01:17:58',10,20,0,2,18,1),
	(45,48.9231,'2013-02-08 01:19:21',10,20,0,1,19,1),
	(46,31.5,'2013-02-08 01:20:42',7,12,0,3,9,1),
	(47,64.1667,'2013-02-11 03:50:43',7,12,1,3,8,1),
	(49,48.8333,'2013-02-11 04:20:19',7,12,0,1,11,1);

/*!40000 ALTER TABLE `ascores_l2` ENABLE KEYS */;
UNLOCK TABLES;


# Dump of table ascores_l3
# ------------------------------------------------------------

LOCK TABLES `ascores_l3` WRITE;
/*!40000 ALTER TABLE `ascores_l3` DISABLE KEYS */;
INSERT INTO `ascores_l3` (`accountId`,`score`,`updatedOn`,`l3id`,`numQuestions`,`numCorrect`,`numIncorrect`,`numUnattempted`,`streamId`)
VALUES
	(4,50,'0000-00-00 00:00:00',1,0,0,0,0,1),
	(4,50,'0000-00-00 00:00:00',2,0,0,0,0,1),
	(4,50,'0000-00-00 00:00:00',3,0,0,0,0,1),
	(4,50,'0000-00-00 00:00:00',4,0,0,0,0,1),
	(4,50,'0000-00-00 00:00:00',5,0,0,0,0,1),
	(4,50,'0000-00-00 00:00:00',6,0,0,0,0,1),
	(4,50,'0000-00-00 00:00:00',7,0,0,0,0,1),
	(4,50,'0000-00-00 00:00:00',8,0,0,0,0,1),
	(4,50,'0000-00-00 00:00:00',9,0,0,0,0,1),
	(4,50,'0000-00-00 00:00:00',10,0,0,0,0,1),
	(4,50,'0000-00-00 00:00:00',11,0,0,0,0,1),
	(4,50,'0000-00-00 00:00:00',12,0,0,0,0,1),
	(4,50,'0000-00-00 00:00:00',13,0,0,0,0,1),
	(4,50,'0000-00-00 00:00:00',14,0,0,0,0,1),
	(4,50,'0000-00-00 00:00:00',15,0,0,0,0,1),
	(4,50,'0000-00-00 00:00:00',16,0,0,0,0,1),
	(4,50,'0000-00-00 00:00:00',17,0,0,0,0,1),
	(4,50,'0000-00-00 00:00:00',18,0,0,0,0,1),
	(4,50,'0000-00-00 00:00:00',19,0,0,0,0,1),
	(4,50,'0000-00-00 00:00:00',20,0,0,0,0,1),
	(4,50,'0000-00-00 00:00:00',21,0,0,0,0,1),
	(4,50,'0000-00-00 00:00:00',22,0,0,0,0,1),
	(4,50,'0000-00-00 00:00:00',23,0,0,0,0,1),
	(4,50,'0000-00-00 00:00:00',24,0,0,0,0,1),
	(4,50,'0000-00-00 00:00:00',25,0,0,0,0,1),
	(4,50,'0000-00-00 00:00:00',26,0,0,0,0,1),
	(4,50,'0000-00-00 00:00:00',27,0,0,0,0,1),
	(4,50,'0000-00-00 00:00:00',28,0,0,0,0,1),
	(4,50,'0000-00-00 00:00:00',29,0,0,0,0,1),
	(4,50,'0000-00-00 00:00:00',30,0,0,0,0,1),
	(4,50,'0000-00-00 00:00:00',31,0,0,0,0,1),
	(4,50,'0000-00-00 00:00:00',32,0,0,0,0,1),
	(4,50,'2013-01-24 16:54:22',33,47,0,4,43,1),
	(4,48.7,'2013-02-08 12:16:04',34,193,9,39,145,1),
	(4,53.8,'2013-02-08 12:16:04',35,233,11,40,182,1),
	(4,50,'0000-00-00 00:00:00',36,0,0,0,0,1),
	(4,50,'0000-00-00 00:00:00',37,0,0,0,0,1),
	(4,50,'0000-00-00 00:00:00',38,0,0,0,0,1),
	(4,50,'0000-00-00 00:00:00',39,0,0,0,0,1),
	(4,50,'0000-00-00 00:00:00',40,0,0,0,0,1),
	(4,50,'0000-00-00 00:00:00',41,0,0,0,0,1),
	(4,50,'0000-00-00 00:00:00',42,0,0,0,0,1),
	(4,50,'0000-00-00 00:00:00',43,0,0,0,0,1),
	(4,39.6,'2013-02-06 17:10:37',44,53,0,23,30,1),
	(4,43,'2013-02-06 17:12:53',45,50,0,4,46,1),
	(4,71,'2013-02-06 17:12:56',46,50,12,4,34,1),
	(4,50,'2013-02-06 17:13:59',47,50,1,2,47,1),
	(4,50,'0000-00-00 00:00:00',48,0,0,0,0,1),
	(4,50,'0000-00-00 00:00:00',49,0,0,0,0,1),
	(4,50,'0000-00-00 00:00:00',50,0,0,0,0,1),
	(4,50,'0000-00-00 00:00:00',51,0,0,0,0,1),
	(4,50,'0000-00-00 00:00:00',52,0,0,0,0,1),
	(4,50,'0000-00-00 00:00:00',53,0,0,0,0,1),
	(4,50,'0000-00-00 00:00:00',54,0,0,0,0,1),
	(4,50,'0000-00-00 00:00:00',55,0,0,0,0,1),
	(4,50,'0000-00-00 00:00:00',56,0,0,0,0,1),
	(4,50,'0000-00-00 00:00:00',57,0,0,0,0,1),
	(4,50,'0000-00-00 00:00:00',58,0,0,0,0,1),
	(4,50,'0000-00-00 00:00:00',59,0,0,0,0,1),
	(4,50,'0000-00-00 00:00:00',60,0,0,0,0,1),
	(4,48,'2013-02-02 10:23:56',61,108,3,25,80,1),
	(4,61,'2013-02-02 10:23:56',62,75,4,14,57,1),
	(4,39,'2013-02-02 10:23:56',63,121,1,24,96,1),
	(4,50,'0000-00-00 00:00:00',64,0,0,0,0,1),
	(4,50,'0000-00-00 00:00:00',65,0,0,0,0,1),
	(4,50,'0000-00-00 00:00:00',66,0,0,0,0,1),
	(4,50,'0000-00-00 00:00:00',67,0,0,0,0,1),
	(4,50,'0000-00-00 00:00:00',68,0,0,0,0,1),
	(4,50,'0000-00-00 00:00:00',69,0,0,0,0,1),
	(4,50,'0000-00-00 00:00:00',70,0,0,0,0,1),
	(4,50,'0000-00-00 00:00:00',71,0,0,0,0,1),
	(4,50,'0000-00-00 00:00:00',72,0,0,0,0,1),
	(4,50,'0000-00-00 00:00:00',73,0,0,0,0,1),
	(4,50,'0000-00-00 00:00:00',74,0,0,0,0,1),
	(4,50,'0000-00-00 00:00:00',75,0,0,0,0,1),
	(4,50,'0000-00-00 00:00:00',76,0,0,0,0,1),
	(4,50,'0000-00-00 00:00:00',77,0,0,0,0,1),
	(4,50,'0000-00-00 00:00:00',78,0,0,0,0,1),
	(4,50,'0000-00-00 00:00:00',79,0,0,0,0,1),
	(4,50,'0000-00-00 00:00:00',80,0,0,0,0,1),
	(4,50,'0000-00-00 00:00:00',81,0,0,0,0,1),
	(4,50,'0000-00-00 00:00:00',82,0,0,0,0,1),
	(4,50,'0000-00-00 00:00:00',83,0,0,0,0,1),
	(4,50,'0000-00-00 00:00:00',84,0,0,0,0,1),
	(4,50,'0000-00-00 00:00:00',85,0,0,0,0,1),
	(4,50,'0000-00-00 00:00:00',86,0,0,0,0,1),
	(4,50,'0000-00-00 00:00:00',87,0,0,0,0,1),
	(4,50,'0000-00-00 00:00:00',88,0,0,0,0,1),
	(4,50,'0000-00-00 00:00:00',89,0,0,0,0,1),
	(4,50,'0000-00-00 00:00:00',90,0,0,0,0,1),
	(4,50,'0000-00-00 00:00:00',91,0,0,0,0,1),
	(4,50,'0000-00-00 00:00:00',92,0,0,0,0,1),
	(4,50,'0000-00-00 00:00:00',93,0,0,0,0,1),
	(4,50,'0000-00-00 00:00:00',94,0,0,0,0,1),
	(4,50,'0000-00-00 00:00:00',95,0,0,0,0,1),
	(4,50,'0000-00-00 00:00:00',96,0,0,0,0,1),
	(4,50,'0000-00-00 00:00:00',97,0,0,0,0,1),
	(4,50,'0000-00-00 00:00:00',98,0,0,0,0,1),
	(4,50,'0000-00-00 00:00:00',99,0,0,0,0,1),
	(4,50,'0000-00-00 00:00:00',100,0,0,0,0,1),
	(4,50,'0000-00-00 00:00:00',101,0,0,0,0,1),
	(4,50,'0000-00-00 00:00:00',102,0,0,0,0,1),
	(4,50,'0000-00-00 00:00:00',103,0,0,0,0,1),
	(4,50,'0000-00-00 00:00:00',104,0,0,0,0,1),
	(4,50,'0000-00-00 00:00:00',105,0,0,0,0,1),
	(4,50,'0000-00-00 00:00:00',106,0,0,0,0,1),
	(4,50,'0000-00-00 00:00:00',107,0,0,0,0,1),
	(4,50,'0000-00-00 00:00:00',108,0,0,0,0,1),
	(4,50,'0000-00-00 00:00:00',109,0,0,0,0,1),
	(4,50,'0000-00-00 00:00:00',110,0,0,0,0,1),
	(4,50,'0000-00-00 00:00:00',111,0,0,0,0,1),
	(4,50,'0000-00-00 00:00:00',112,0,0,0,0,1),
	(4,50,'0000-00-00 00:00:00',113,0,0,0,0,1),
	(4,50,'0000-00-00 00:00:00',114,0,0,0,0,1),
	(4,50,'0000-00-00 00:00:00',115,0,0,0,0,1),
	(4,50,'0000-00-00 00:00:00',116,0,0,0,0,1),
	(4,50,'0000-00-00 00:00:00',117,0,0,0,0,1),
	(4,50,'0000-00-00 00:00:00',118,0,0,0,0,1),
	(4,50,'0000-00-00 00:00:00',119,0,0,0,0,1),
	(4,50,'0000-00-00 00:00:00',120,0,0,0,0,1),
	(4,50,'0000-00-00 00:00:00',121,0,0,0,0,1),
	(4,50,'0000-00-00 00:00:00',122,0,0,0,0,1),
	(4,50,'0000-00-00 00:00:00',123,0,0,0,0,1),
	(4,50,'0000-00-00 00:00:00',124,0,0,0,0,1),
	(4,50,'0000-00-00 00:00:00',125,0,0,0,0,1),
	(4,50,'0000-00-00 00:00:00',126,0,0,0,0,1),
	(4,50,'0000-00-00 00:00:00',127,0,0,0,0,1),
	(4,50,'0000-00-00 00:00:00',128,0,0,0,0,1),
	(4,50,'0000-00-00 00:00:00',129,0,0,0,0,1),
	(4,50,'0000-00-00 00:00:00',130,0,0,0,0,1),
	(4,50,'0000-00-00 00:00:00',131,0,0,0,0,1),
	(4,50,'0000-00-00 00:00:00',132,0,0,0,0,1),
	(4,50,'0000-00-00 00:00:00',133,0,0,0,0,1),
	(4,50,'0000-00-00 00:00:00',134,0,0,0,0,1),
	(4,50,'0000-00-00 00:00:00',135,0,0,0,0,1),
	(4,50,'0000-00-00 00:00:00',136,0,0,0,0,1),
	(4,50,'0000-00-00 00:00:00',137,0,0,0,0,1),
	(4,50,'0000-00-00 00:00:00',138,0,0,0,0,1),
	(4,50,'0000-00-00 00:00:00',139,0,0,0,0,1),
	(4,50,'0000-00-00 00:00:00',140,0,0,0,0,1),
	(4,50,'0000-00-00 00:00:00',141,0,0,0,0,1),
	(4,50,'0000-00-00 00:00:00',142,0,0,0,0,1),
	(4,50,'0000-00-00 00:00:00',143,0,0,0,0,1),
	(4,50,'0000-00-00 00:00:00',144,0,0,0,0,1),
	(4,50,'0000-00-00 00:00:00',145,0,0,0,0,1),
	(4,50,'0000-00-00 00:00:00',146,0,0,0,0,1),
	(4,50,'0000-00-00 00:00:00',147,0,0,0,0,1),
	(4,50,'0000-00-00 00:00:00',148,0,0,0,0,1),
	(4,50,'0000-00-00 00:00:00',149,0,0,0,0,1),
	(4,50,'0000-00-00 00:00:00',150,0,0,0,0,1),
	(4,50,'0000-00-00 00:00:00',151,0,0,0,0,1),
	(4,50,'0000-00-00 00:00:00',152,0,0,0,0,1),
	(4,50,'0000-00-00 00:00:00',153,0,0,0,0,1),
	(4,50,'0000-00-00 00:00:00',154,0,0,0,0,1),
	(4,50,'0000-00-00 00:00:00',155,0,0,0,0,1),
	(4,50,'0000-00-00 00:00:00',156,0,0,0,0,1),
	(4,50,'0000-00-00 00:00:00',157,0,0,0,0,1),
	(4,50,'0000-00-00 00:00:00',158,0,0,0,0,1),
	(4,50,'0000-00-00 00:00:00',159,0,0,0,0,1),
	(4,50,'0000-00-00 00:00:00',160,0,0,0,0,1),
	(4,50,'0000-00-00 00:00:00',161,0,0,0,0,1),
	(4,50,'0000-00-00 00:00:00',162,0,0,0,0,1),
	(4,50,'0000-00-00 00:00:00',163,0,0,0,0,1),
	(4,50,'0000-00-00 00:00:00',164,0,0,0,0,1),
	(4,50,'0000-00-00 00:00:00',165,0,0,0,0,1),
	(4,50,'0000-00-00 00:00:00',166,0,0,0,0,1),
	(4,50,'0000-00-00 00:00:00',167,0,0,0,0,1),
	(4,50,'0000-00-00 00:00:00',168,0,0,0,0,1),
	(4,50,'0000-00-00 00:00:00',169,0,0,0,0,1),
	(4,50,'0000-00-00 00:00:00',170,0,0,0,0,1),
	(4,50,'0000-00-00 00:00:00',171,0,0,0,0,1),
	(4,50,'0000-00-00 00:00:00',172,0,0,0,0,1),
	(4,50,'0000-00-00 00:00:00',173,0,0,0,0,1),
	(4,50,'0000-00-00 00:00:00',174,0,0,0,0,1),
	(4,50,'0000-00-00 00:00:00',175,0,0,0,0,1),
	(4,50,'0000-00-00 00:00:00',176,0,0,0,0,1),
	(7,25,'2013-01-18 16:17:02',1,0,0,0,0,1),
	(7,64,'2013-01-18 16:17:02',2,0,0,0,0,1),
	(7,70,'2013-01-18 16:17:02',3,0,0,0,0,1),
	(7,22,'2013-01-18 16:17:02',4,0,0,0,0,1),
	(7,35,'2013-01-18 16:17:02',5,0,0,0,0,1),
	(7,81,'2013-01-18 16:17:02',6,0,0,0,0,1),
	(7,85,'2013-01-18 16:17:02',7,0,0,0,0,1),
	(7,81,'2013-01-18 16:17:02',8,0,0,0,0,1),
	(7,20,'2013-01-18 16:17:02',9,0,0,0,0,1),
	(7,62,'2013-01-18 16:17:02',10,0,0,0,0,1),
	(7,58,'2013-01-18 16:17:02',11,0,0,0,0,1),
	(7,52,'2013-01-18 16:17:02',12,0,0,0,0,1),
	(7,85,'2013-01-18 16:17:02',13,0,0,0,0,1),
	(7,61,'2013-01-18 16:17:02',14,0,0,0,0,1),
	(7,37,'2013-01-18 16:17:02',15,0,0,0,0,1),
	(7,75,'2013-01-18 16:17:02',16,0,0,0,0,1),
	(7,38,'2013-01-18 16:17:02',17,0,0,0,0,1),
	(7,76,'2013-01-18 16:17:02',18,0,0,0,0,1),
	(7,84,'2013-01-18 16:17:02',19,0,0,0,0,1),
	(7,47,'2013-01-18 16:17:02',20,0,0,0,0,1),
	(7,23,'2013-01-18 16:17:02',21,0,0,0,0,1),
	(7,23,'2013-01-18 16:17:02',22,0,0,0,0,1),
	(7,45,'2013-01-18 16:17:02',23,0,0,0,0,1),
	(7,82,'2013-01-18 16:17:02',24,0,0,0,0,1),
	(7,28,'2013-01-18 16:17:02',25,0,0,0,0,1),
	(7,83,'2013-01-18 16:17:02',26,0,0,0,0,1),
	(7,63,'2013-01-18 16:17:02',27,0,0,0,0,1),
	(7,28,'2013-01-18 16:17:02',28,0,0,0,0,1),
	(7,35,'2013-01-18 16:17:02',29,0,0,0,0,1),
	(7,36,'2013-01-18 16:17:02',30,0,0,0,0,1),
	(7,22,'2013-01-18 16:17:02',31,0,0,0,0,1),
	(7,40,'2013-01-18 16:17:02',32,0,0,0,0,1),
	(7,80,'2013-01-24 18:57:46',33,15,0,0,15,1),
	(7,83,'2013-01-24 18:57:47',34,81,17,21,43,1),
	(7,58.5,'2013-01-24 18:57:46',35,84,8,12,64,1),
	(7,24,'2013-01-18 16:17:02',36,0,0,0,0,1),
	(7,64,'2013-01-18 16:17:02',37,0,0,0,0,1),
	(7,37,'2013-01-18 16:17:02',38,0,0,0,0,1),
	(7,85,'2013-01-18 16:17:02',39,0,0,0,0,1),
	(7,64,'2013-01-18 16:17:02',40,0,0,0,0,1),
	(7,80,'2013-01-18 16:17:02',41,0,0,0,0,1),
	(7,53,'2013-01-18 16:17:02',42,0,0,0,0,1),
	(7,25,'2013-01-18 16:17:02',43,0,0,0,0,1),
	(7,75.2,'2013-01-31 15:37:32',44,5,1,4,0,1),
	(7,24.5,'2013-01-22 14:54:27',45,4,1,3,0,1),
	(7,45,'2013-01-22 14:54:27',46,3,1,2,0,1),
	(7,60,'2013-01-22 14:54:27',47,3,1,2,0,1),
	(7,42,'2013-01-18 16:17:02',48,0,0,0,0,1),
	(7,28,'2013-01-18 16:17:02',49,0,0,0,0,1),
	(7,52,'2013-01-18 16:17:02',50,0,0,0,0,1),
	(7,69,'2013-01-18 16:17:02',51,0,0,0,0,1),
	(7,32,'2013-01-18 16:17:02',52,0,0,0,0,1),
	(7,55,'2013-01-18 16:17:02',53,0,0,0,0,1),
	(7,24,'2013-01-18 16:17:02',54,0,0,0,0,1),
	(7,23,'2013-01-18 16:17:02',55,0,0,0,0,1),
	(7,64,'2013-01-18 16:17:02',56,0,0,0,0,1),
	(7,87,'2013-01-18 16:17:02',57,0,0,0,0,1),
	(7,67,'2013-01-18 16:17:02',58,0,0,0,0,1),
	(7,73,'2013-01-18 16:17:02',59,0,0,0,0,1),
	(7,31,'2013-01-18 16:17:02',60,0,0,0,0,1),
	(7,72.4,'2013-01-24 18:56:38',61,27,0,13,14,1),
	(7,77,'2013-01-24 12:28:58',62,19,2,4,13,1),
	(7,57.5,'2013-01-24 12:28:58',63,29,3,4,22,1),
	(7,72,'2013-01-18 16:17:02',64,0,0,0,0,1),
	(7,58,'2013-01-18 16:17:02',65,0,0,0,0,1),
	(7,75,'2013-01-18 16:17:02',66,0,0,0,0,1),
	(7,77,'2013-01-18 16:17:02',67,0,0,0,0,1),
	(7,31,'2013-01-18 16:17:02',68,0,0,0,0,1),
	(7,22,'2013-01-18 16:17:02',69,0,0,0,0,1),
	(7,71,'2013-01-18 16:17:02',70,0,0,0,0,1),
	(7,76,'2013-01-18 16:17:02',71,0,0,0,0,1),
	(7,82,'2013-01-18 16:17:02',72,0,0,0,0,1),
	(7,33,'2013-01-18 16:17:02',73,0,0,0,0,1),
	(7,82,'2013-01-18 16:17:02',74,0,0,0,0,1),
	(7,66,'2013-01-18 16:17:02',75,0,0,0,0,1),
	(7,37,'2013-01-18 16:17:02',76,0,0,0,0,1),
	(7,34,'2013-01-18 16:17:02',77,0,0,0,0,1),
	(7,33,'2013-01-18 16:17:02',78,0,0,0,0,1),
	(7,59,'2013-01-18 16:17:02',79,0,0,0,0,1),
	(7,42,'2013-01-18 16:17:02',80,0,0,0,0,1),
	(7,66,'2013-01-18 16:17:02',81,0,0,0,0,1),
	(7,38,'2013-01-18 16:17:02',82,0,0,0,0,1),
	(7,55,'2013-01-18 16:17:02',83,0,0,0,0,1),
	(7,30,'2013-01-18 16:17:02',84,0,0,0,0,1),
	(7,42,'2013-01-18 16:17:02',85,0,0,0,0,1),
	(7,58,'2013-01-18 16:17:02',86,0,0,0,0,1),
	(7,75,'2013-01-18 16:17:02',87,0,0,0,0,1),
	(7,39,'2013-01-18 16:17:02',88,0,0,0,0,1),
	(7,35,'2013-01-18 16:17:02',89,0,0,0,0,1),
	(7,58,'2013-01-18 16:17:02',90,0,0,0,0,1),
	(7,51,'2013-01-18 16:17:02',91,0,0,0,0,1),
	(7,28,'2013-01-18 16:17:02',92,0,0,0,0,1),
	(7,43,'2013-01-18 16:17:02',93,0,0,0,0,1),
	(7,84,'2013-01-18 16:17:02',94,0,0,0,0,1),
	(7,81,'2013-01-18 16:17:02',95,0,0,0,0,1),
	(7,82,'2013-01-18 16:17:02',96,0,0,0,0,1),
	(7,68,'2013-01-18 16:17:02',97,0,0,0,0,1),
	(7,67,'2013-01-18 16:17:02',98,0,0,0,0,1),
	(7,22,'2013-01-18 16:17:02',99,0,0,0,0,1),
	(7,71,'2013-01-18 16:17:02',100,0,0,0,0,1),
	(7,48,'2013-01-18 16:17:02',101,0,0,0,0,1),
	(7,79,'2013-01-18 16:17:02',102,0,0,0,0,1),
	(7,62,'2013-01-18 16:17:02',103,0,0,0,0,1),
	(7,61,'2013-01-18 16:17:02',104,0,0,0,0,1),
	(7,70,'2013-01-18 16:17:02',105,0,0,0,0,1),
	(7,38,'2013-01-18 16:17:02',106,0,0,0,0,1),
	(7,79,'2013-01-18 16:17:02',107,0,0,0,0,1),
	(7,84,'2013-01-18 16:17:02',108,0,0,0,0,1),
	(7,51,'2013-01-18 16:17:02',109,0,0,0,0,1),
	(7,47,'2013-01-18 16:17:02',110,0,0,0,0,1),
	(7,36,'2013-01-18 16:17:02',111,0,0,0,0,1),
	(7,27,'2013-01-18 16:17:02',112,0,0,0,0,1),
	(7,66,'2013-01-18 16:17:02',113,0,0,0,0,1),
	(7,71,'2013-01-18 16:17:02',114,0,0,0,0,1),
	(7,38,'2013-01-18 16:17:02',115,0,0,0,0,1),
	(7,88,'2013-01-18 16:17:02',116,0,0,0,0,1),
	(7,39,'2013-01-18 16:17:02',117,0,0,0,0,1),
	(7,22,'2013-01-18 16:17:02',118,0,0,0,0,1),
	(7,37,'2013-01-18 16:17:02',119,0,0,0,0,1),
	(7,55,'2013-01-18 16:17:02',120,0,0,0,0,1),
	(7,60,'2013-01-18 16:17:02',121,0,0,0,0,1),
	(7,69,'2013-01-18 16:17:02',122,0,0,0,0,1),
	(7,63,'2013-01-18 16:17:02',123,0,0,0,0,1),
	(7,84,'2013-01-18 16:17:02',124,0,0,0,0,1),
	(7,62,'2013-01-18 16:17:02',125,0,0,0,0,1),
	(7,54,'2013-01-18 16:17:02',126,0,0,0,0,1),
	(7,75,'2013-01-18 16:17:02',127,0,0,0,0,1),
	(7,39,'2013-01-18 16:17:02',128,0,0,0,0,1),
	(7,31,'2013-01-18 16:17:02',129,0,0,0,0,1),
	(7,78,'2013-01-18 16:17:02',130,0,0,0,0,1),
	(7,90,'2013-01-18 16:17:02',131,0,0,0,0,1),
	(7,59,'2013-01-18 16:17:02',132,0,0,0,0,1),
	(7,66,'2013-01-18 16:17:02',133,0,0,0,0,1),
	(7,62,'2013-01-18 16:17:02',134,0,0,0,0,1),
	(7,30,'2013-01-18 16:17:02',135,0,0,0,0,1),
	(7,46,'2013-01-18 16:17:02',136,0,0,0,0,1),
	(7,80,'2013-01-18 16:17:02',137,0,0,0,0,1),
	(7,89,'2013-01-18 16:17:02',138,0,0,0,0,1),
	(7,39,'2013-01-18 16:17:02',139,0,0,0,0,1),
	(7,41,'2013-01-18 16:17:02',140,0,0,0,0,1),
	(7,46,'2013-01-18 16:17:02',141,0,0,0,0,1),
	(7,55,'2013-01-18 16:17:02',142,0,0,0,0,1),
	(7,48,'2013-01-18 16:17:02',143,0,0,0,0,1),
	(7,21,'2013-01-18 16:17:02',144,0,0,0,0,1),
	(7,35,'2013-01-18 16:17:02',145,0,0,0,0,1),
	(7,66,'2013-01-18 16:17:02',146,0,0,0,0,1),
	(7,90,'2013-01-18 16:17:02',147,0,0,0,0,1),
	(7,55,'2013-01-18 16:17:02',148,0,0,0,0,1),
	(7,69,'2013-01-18 16:17:02',149,0,0,0,0,1),
	(7,36,'2013-01-18 16:17:02',150,0,0,0,0,1),
	(7,90,'2013-01-18 16:17:02',151,0,0,0,0,1),
	(7,39,'2013-01-18 16:17:02',152,0,0,0,0,1),
	(7,85,'2013-01-18 16:17:02',153,0,0,0,0,1),
	(7,63,'2013-01-18 16:17:02',154,0,0,0,0,1),
	(7,33,'2013-01-18 16:17:02',155,0,0,0,0,1),
	(7,57,'2013-01-18 16:17:02',156,0,0,0,0,1),
	(7,26,'2013-01-18 16:17:02',157,0,0,0,0,1),
	(7,88,'2013-01-18 16:17:02',158,0,0,0,0,1),
	(7,76,'2013-01-18 16:17:02',159,0,0,0,0,1),
	(7,38,'2013-01-18 16:17:02',160,0,0,0,0,1),
	(7,76,'2013-01-18 16:17:02',161,0,0,0,0,1),
	(7,76,'2013-01-18 16:17:02',162,0,0,0,0,1),
	(7,77,'2013-01-18 16:17:02',163,0,0,0,0,1),
	(7,52,'2013-01-18 16:17:02',164,0,0,0,0,1),
	(7,48,'2013-01-18 16:17:02',165,0,0,0,0,1),
	(7,88,'2013-01-18 16:17:02',166,0,0,0,0,1),
	(7,78,'2013-01-18 16:17:02',167,0,0,0,0,1),
	(7,38,'2013-01-18 16:17:02',168,0,0,0,0,1),
	(7,87,'2013-01-18 16:17:02',169,0,0,0,0,1),
	(7,27,'2013-01-18 16:17:02',170,0,0,0,0,1),
	(7,60,'2013-01-18 16:17:02',171,0,0,0,0,1),
	(7,43,'2013-01-18 16:17:02',172,0,0,0,0,1),
	(7,62,'2013-01-18 16:17:02',173,0,0,0,0,1),
	(7,88,'2013-01-18 16:17:02',174,0,0,0,0,1),
	(7,44,'2013-01-18 16:17:02',175,0,0,0,0,1),
	(7,78,'2013-01-18 16:17:02',176,0,0,0,0,1),
	(8,58.5,'2013-01-21 13:19:17',34,9,3,6,0,1),
	(8,27.5,'2013-01-21 13:19:13',35,11,0,11,0,1),
	(9,91,'2013-01-21 14:14:35',61,7,2,4,1,1),
	(9,22,'2013-01-21 14:14:35',63,8,2,6,0,1),
	(9,57,'2013-01-21 14:14:34',62,5,2,2,1,1),
	(11,63.5,'2013-01-21 14:15:16',61,1,0,1,0,1),
	(10,60,'2013-01-21 14:15:49',61,7,0,4,3,1),
	(10,71,'2013-01-21 14:15:50',63,8,1,1,6,1),
	(10,70,'2013-01-21 14:15:49',62,5,1,2,2,1),
	(11,42,'2013-01-21 14:21:10',63,2,0,2,0,1),
	(9,78,'2013-01-21 14:34:27',34,28,4,9,15,1),
	(9,26,'2013-01-21 14:34:27',35,31,1,15,15,1),
	(9,89,'2013-01-21 14:34:11',33,6,1,1,4,1),
	(11,20,'2013-01-21 14:22:26',34,13,0,0,13,1),
	(11,87,'2013-01-21 14:22:26',35,9,0,0,9,1),
	(11,37,'2013-01-21 14:22:26',33,3,0,0,3,1),
	(10,34,'2013-01-21 14:25:31',34,8,0,2,6,1),
	(10,79,'2013-01-21 14:25:03',35,11,0,0,11,1),
	(10,90,'2013-01-21 14:25:03',33,3,0,0,3,1),
	(9,59,'2013-01-21 14:27:13',44,3,1,1,1,1),
	(9,77,'2013-01-21 14:27:13',45,3,0,1,2,1),
	(9,76,'2013-01-21 14:27:13',46,3,0,2,1,1),
	(9,50,'2013-01-21 14:27:13',47,3,0,2,1,1),
	(10,68,'2013-01-21 14:30:15',44,3,1,1,1,1),
	(10,19,'2013-01-21 14:30:15',45,3,0,2,1,1),
	(10,41,'2013-01-21 14:30:15',46,3,1,1,1,1),
	(10,66,'2013-01-21 14:30:15',47,3,2,0,1,1),
	(12,39,'2013-01-21 14:49:06',44,3,0,3,0,1),
	(12,67,'2013-01-21 14:49:06',45,3,1,2,0,1),
	(12,53,'2013-01-21 14:49:06',46,3,0,3,0,1),
	(12,53,'2013-01-21 14:49:06',47,3,1,2,0,1),
	(12,86.5,'2013-01-21 15:12:22',61,7,1,5,1,1),
	(12,39,'2013-01-21 15:12:36',63,8,3,4,1,1),
	(12,47,'2013-01-21 15:12:11',62,5,1,4,0,1),
	(12,87,'2013-01-22 14:05:50',34,5,1,4,0,1),
	(12,32,'2013-01-22 14:05:36',35,7,1,6,0,1),
	(13,64.5,'2013-01-22 16:55:43',44,1,0,1,0,1),
	(13,33.5,'2013-01-22 16:55:57',45,1,0,1,0,1),
	(13,50,'2013-01-22 17:21:58',61,14,1,6,7,1),
	(13,65,'2013-01-22 17:21:58',63,16,1,6,9,1),
	(13,31,'2013-01-22 17:21:58',62,10,1,2,7,1),
	(13,31,'2013-01-22 17:05:55',34,22,2,3,17,1),
	(13,69.5,'2013-01-22 17:15:45',35,26,3,7,16,1),
	(13,58,'2013-01-22 17:05:11',33,3,0,0,3,1),
	(14,61.5,'2013-01-22 17:35:56',61,1,0,1,0,1),
	(14,23,'2013-01-22 17:46:12',35,31,1,1,29,1),
	(14,68,'2013-01-22 17:46:12',34,28,0,2,26,1),
	(14,77,'2013-01-22 17:45:37',33,6,0,0,6,1),
	(15,25.5,'2013-02-01 14:31:48',61,2,0,1,1,1),
	(15,92,'2013-01-22 18:14:58',44,3,1,2,0,1),
	(15,46,'2013-01-22 18:14:58',45,3,1,2,0,1),
	(15,84,'2013-01-22 18:14:58',46,3,1,2,0,1),
	(15,23,'2013-01-22 18:14:58',47,3,0,2,1,1),
	(15,80,'2013-01-23 10:48:38',34,28,6,18,4,1),
	(15,21,'2013-01-23 10:48:34',35,31,2,23,6,1),
	(15,34.5,'2013-01-22 18:22:14',33,6,0,3,3,1),
	(16,56,'2013-01-22 18:24:20',61,3,1,2,0,1),
	(16,37,'2013-01-22 18:23:58',63,2,0,2,0,1),
	(17,66.5,'2013-01-22 19:47:18',61,7,2,5,0,1),
	(17,63,'2013-01-22 19:47:35',63,8,0,8,0,1),
	(17,42.5,'2013-01-22 19:47:12',62,5,0,5,0,1),
	(18,58,'2013-01-22 19:50:23',34,13,2,4,7,1),
	(18,88,'2013-01-22 19:50:22',35,9,0,0,9,1),
	(18,31,'2013-01-22 19:50:22',33,3,0,1,2,1),
	(17,70.5,'2013-01-22 20:03:11',44,3,0,3,0,1),
	(17,25,'2013-01-22 20:03:15',45,3,1,2,0,1),
	(17,31,'2013-01-22 20:03:19',46,3,1,2,0,1),
	(17,53,'2013-01-22 20:03:24',47,3,1,2,0,1),
	(17,37,'2013-01-22 20:13:44',34,28,1,7,20,1),
	(17,25,'2013-01-22 20:13:44',35,31,0,4,27,1),
	(17,86,'2013-01-22 20:10:52',33,6,0,1,5,1),
	(19,23,'2013-01-22 20:17:29',34,13,1,1,11,1),
	(19,63,'2013-01-22 20:17:29',35,9,0,0,9,1),
	(19,20,'2013-01-22 20:17:29',33,3,0,0,3,1),
	(19,84,'2013-01-22 20:20:12',61,7,0,1,6,1),
	(19,50,'2013-01-22 20:20:12',63,8,0,1,7,1),
	(19,50,'2013-01-22 20:20:12',62,5,0,0,5,1),
	(19,57,'2013-01-22 21:06:53',44,6,0,3,3,1),
	(19,74,'2013-01-22 21:06:53',45,6,0,1,5,1),
	(19,41,'2013-01-22 21:06:53',46,6,0,0,6,1),
	(19,31,'2013-01-22 21:06:53',47,6,0,2,4,1),
	(18,36,'2013-01-28 10:01:40',61,14,4,5,5,1),
	(18,62,'2013-01-28 10:01:40',63,16,4,6,6,1),
	(18,87,'2013-01-28 10:01:40',62,10,2,3,5,1),
	(20,35.3,'2013-01-23 19:03:12',44,1,0,1,0,1),
	(20,21.5,'2013-01-23 19:03:16',45,1,0,1,0,1),
	(20,18.7,'2013-01-23 19:03:33',46,1,0,1,0,1),
	(20,28.7,'2013-01-23 19:03:54',47,1,0,1,0,1),
	(20,63,'2013-01-23 19:09:48',61,7,0,1,6,1),
	(20,54,'2013-01-23 19:09:49',63,8,1,0,7,1),
	(20,56,'2013-01-23 19:09:48',62,5,0,0,5,1),
	(21,61,'2013-01-23 19:34:23',34,13,1,2,10,1),
	(21,46,'2013-01-23 19:34:22',35,9,2,2,5,1),
	(21,23,'2013-01-23 19:34:22',33,3,0,0,3,1),
	(21,41.6,'2013-01-23 19:43:09',61,4,0,3,1,1),
	(21,40.7,'2013-01-23 19:43:12',63,4,1,3,0,1),
	(21,79.9,'2013-01-23 19:43:15',62,3,0,3,0,1),
	(21,29,'2013-01-23 19:44:21',44,3,0,2,1,1),
	(21,48,'2013-01-23 19:44:21',45,3,1,1,1,1),
	(21,46,'2013-01-23 19:44:21',46,3,0,1,2,1),
	(21,64,'2013-01-23 19:44:21',47,3,0,2,1,1),
	(22,81,'2013-01-23 22:48:39',61,7,0,2,5,1),
	(22,82,'2013-01-23 22:48:39',63,8,0,2,6,1),
	(22,24,'2013-01-23 22:48:39',62,5,0,1,4,1),
	(23,49.7,'2013-01-24 10:12:12',44,1,0,1,0,1),
	(23,36.6,'2013-01-24 10:12:25',45,1,0,1,0,1),
	(23,68.4,'2013-01-24 10:12:35',46,1,1,0,0,1),
	(23,46,'2013-01-24 10:14:15',61,7,0,1,6,1),
	(23,62,'2013-01-24 10:14:15',63,8,0,3,5,1),
	(23,28,'2013-01-24 10:14:14',62,5,1,1,3,1),
	(23,36.7,'2013-01-24 10:27:51',35,26,3,15,8,1),
	(23,90,'2013-01-24 10:27:51',34,23,5,3,15,1),
	(23,20,'2013-01-24 10:24:04',33,3,0,0,3,1),
	(24,70.7,'2013-01-24 10:56:18',44,1,0,1,0,1),
	(24,65.7,'2013-01-24 10:56:24',45,1,0,1,0,1),
	(24,26,'2013-01-24 10:56:51',61,7,0,1,6,1),
	(24,28,'2013-01-24 10:56:51',63,8,1,3,4,1),
	(24,46,'2013-01-24 10:56:51',62,5,0,0,5,1),
	(24,49,'2013-01-24 10:57:32',34,13,1,1,11,1),
	(24,29,'2013-01-24 10:57:31',35,9,0,1,8,1),
	(24,42,'2013-01-24 10:57:32',33,3,0,0,3,1),
	(25,30.9,'2013-01-24 11:20:39',44,1,0,1,0,1),
	(25,86.2,'2013-01-24 11:20:42',45,1,0,1,0,1),
	(25,63,'2013-01-24 11:58:55',61,14,2,1,11,1),
	(25,75,'2013-01-24 11:58:55',63,16,0,5,11,1),
	(25,52,'2013-01-24 11:58:55',62,10,0,0,10,1),
	(25,68,'2013-01-24 11:57:47',34,22,1,4,17,1),
	(25,72.8,'2013-01-24 11:57:47',35,22,0,5,17,1),
	(25,61,'2013-01-24 11:33:19',33,3,0,0,3,1),
	(31,58.9,'2013-01-29 14:58:05',34,23,0,2,21,1),
	(31,77,'2013-01-24 13:15:22',35,20,0,0,20,1),
	(31,81,'2013-01-24 13:12:07',33,3,0,0,3,1),
	(31,54.1,'2013-01-29 16:11:59',44,2,0,1,1,1),
	(31,24,'2013-01-24 13:14:43',45,1,0,0,1,1),
	(33,29.2,'2013-01-28 18:18:11',61,4,1,3,0,1),
	(33,64.8,'2013-01-28 18:18:44',63,4,1,3,0,1),
	(33,68.9,'2013-01-28 18:18:35',62,2,0,2,0,1),
	(34,36,'2013-01-30 15:56:56',34,22,3,4,15,1),
	(34,88.9,'2013-01-30 15:56:56',35,21,3,11,7,1),
	(34,24,'2013-01-29 13:24:38',33,3,0,0,3,1),
	(34,77.9,'2013-01-30 14:10:04',61,8,2,6,0,1),
	(31,72,'2013-01-29 21:56:50',61,7,0,1,6,1),
	(31,27,'2013-01-29 21:56:50',63,8,0,0,8,1),
	(31,60,'2013-01-29 21:56:50',62,5,0,0,5,1),
	(34,87,'2013-01-31 19:17:05',44,4,0,1,3,1),
	(34,69,'2013-01-31 19:17:05',45,4,0,0,4,1),
	(34,45,'2013-01-31 19:17:06',46,4,1,0,3,1),
	(34,82.4,'2013-01-30 14:10:04',63,9,2,7,0,1),
	(34,60,'2013-01-30 14:10:04',62,5,2,3,0,1),
	(38,36.7,'2013-01-31 13:54:42',44,1,0,1,0,1),
	(38,76,'2013-01-31 13:54:45',45,1,0,0,1,1),
	(34,46,'2013-01-31 19:17:06',47,3,0,0,3,1),
	(35,69,'2013-01-31 19:20:30',44,3,0,1,2,1),
	(35,48,'2013-01-31 19:20:30',45,3,0,0,3,1),
	(35,28,'2013-01-31 19:20:30',46,3,0,0,3,1),
	(35,22,'2013-01-31 19:20:30',47,3,0,0,3,1),
	(15,38,'2013-02-01 14:31:58',63,2,0,0,2,1),
	(40,35,'2013-02-05 05:58:31',34,13,0,1,12,1),
	(40,80,'2013-02-05 05:58:31',35,9,0,0,9,1),
	(40,63,'2013-02-05 05:58:31',33,3,0,0,3,1),
	(40,67.2,'2013-02-05 06:27:40',61,1,0,1,0,1),
	(42,68.4,'2013-02-08 00:44:24',61,1,0,1,0,1),
	(44,42,'2013-02-08 01:17:58',61,7,0,1,6,1),
	(44,41,'2013-02-08 01:17:58',63,8,0,1,7,1),
	(44,50,'2013-02-08 01:17:58',62,5,0,0,5,1),
	(45,33,'2013-02-08 01:19:21',61,7,0,1,6,1),
	(45,27,'2013-02-08 01:19:21',63,8,0,0,8,1),
	(45,80,'2013-02-08 01:19:21',62,5,0,0,5,1),
	(46,74,'2013-02-08 01:20:42',44,3,0,1,2,1),
	(46,68,'2013-02-08 01:20:42',45,3,0,1,2,1),
	(46,76,'2013-02-08 01:20:42',46,3,0,1,2,1),
	(46,86,'2013-02-08 01:20:42',47,3,0,0,3,1),
	(47,86,'2013-02-11 03:50:43',44,3,0,1,2,1),
	(47,67,'2013-02-11 03:50:43',45,3,0,1,2,1),
	(47,78,'2013-02-11 03:50:43',46,3,1,0,2,1),
	(47,42,'2013-02-11 03:50:43',47,3,0,1,2,1),
	(49,67,'2013-02-11 04:20:19',44,3,0,1,2,1),
	(49,70,'2013-02-11 04:20:19',45,3,0,0,3,1),
	(49,26,'2013-02-11 04:20:19',46,3,0,0,3,1),
	(49,75,'2013-02-11 04:20:19',47,3,0,0,3,1);

/*!40000 ALTER TABLE `ascores_l3` ENABLE KEYS */;
UNLOCK TABLES;


# Dump of table creditHistory
# ------------------------------------------------------------



# Dump of table devices
# ------------------------------------------------------------



# Dump of table exams
# ------------------------------------------------------------

LOCK TABLES `exams` WRITE;
/*!40000 ALTER TABLE `exams` DISABLE KEYS */;
INSERT INTO `exams` (`id`,`displayName`,`fullName`,`streamId`)
VALUES
	(1,NULL,NULL,NULL);

/*!40000 ALTER TABLE `exams` ENABLE KEYS */;
UNLOCK TABLES;


# Dump of table fac_contact
# ------------------------------------------------------------



# Dump of table faculty
# ------------------------------------------------------------

LOCK TABLES `faculty` WRITE;
/*!40000 ALTER TABLE `faculty` DISABLE KEYS */;
INSERT INTO `faculty` (`l1Ids`,`l2Ids`,`specialization`,`bioShort`,`bio`,`experience`,`education`,`streamIds`,`totalQuizzes`,`rec`,`subscribers`,`accountId`,`earlyLife`,`teachingJourney`)
VALUES
	('3','','Physical Chemistry','Physical Chemistry Specialist; B. Tech, IIT Guwahati','Himanshu is a specialist in Physical Chemistry. He completed his B.Tech. from IIT Guwahati in Chemical Engineering. With a combined coaching experience of 3 years, multiple All India Ranks (AIR) under 100 have had the  opportunity to study key physical chemistry concepts with him','Physical Chemistry - 3 years','B. Tech., IIT Guwahati, 2009','1',1,10,0,1,'Himanshu did his schooling from Delhi - he was a topper throughout his school years. Having obtained a rank of 2000 in the IIT JEE, he opted for a course in Chemical Engineering at IIT Madras. At the institute, he was a prolific performer.\n','Not satisfied with a corporate career, Himanshu returned to his roots to take up teaching. As a teacher of engineering entrance, he specializes in chemistry - with a focus on physical chemistry. \nHe is presently with VMC classes. His aptitude and sincerity for teaching and mentoring students has to be seen to be believed.'),
	('2','','Mechanics','Physics Faculty at Kartikkey Classes;  IIT Madras','Ashwin is a B. Tech. from IIT Madras. He specializes in Physics and is a founding member at Kartikkey classes. His unique approach to teaching physics has got him excellent reviews from all students','Co-founder, Physics faculty - Kartikkey Classes','B. Tech., IIT Madras, 2010','1',2,20,0,2,'Ashwin did his schooling primarily in Chennai itself - he was a topper throughout his school years. Having obtained a rank of 700 in the IIT JEE, he opted for a course in Electrical Engineering at IIT Madras. At the institute, he was a prolific performer and published 2 papers in his final year','Not satisfied with a corporate career, Ashwin returned to his roots to take up teaching. As a teacher of engineering entrance, he specializes in physics - with a focus on mechanics and electricity. \nHe co-founded Kartikkey classes with Prof Vinod Aagrawal and Prof Rajesh Ramrakhyani and was the head of physics there. His aptitude and sincerity for teaching and mentoring students has to be seen to be believed.'),
	('2','','Electricity, Magnetism','Physics Faculty at Rise Institute','Tanuj Bhojwani is an IIT Bombay alumnus, and has co-founded the first IIT-JEE training institute in Kashmir: Rise Institute. Though he is a chemical engineer, his area of expertise is physics','Co-founder, Rise Institute','B. Tech., IIT Bombay, 2010','1',1,15,0,3,'Tanuj did his schooling primarily in Chennai itself - he was a topper throughout his school years. Having obtained a rank of 600 in the IIT JEE, he opted for a course in Chemical Engineering at IIT Bombay. At the institute, he was a prolific performer and published 2 papers in his final year\n\n','Not satisfied with a corporate career, Tanuj returned to his roots to take up teaching. As a teacher of engineering entrance, he specializes in physics - with a focus on mechanics and electricity. \nHe co-founded RISE institute and was the head of physics there. His aptitude and sincerity for teaching and mentoring students has to be seen to be believed.'),
	('2','','Newton Laws','Physics Faculty at Education Helpline','Anirban always had a fascination for mechanics and electric circuits. A mechanical engineering graduate of IIT Delhi, he gave up the opportunities of a promising corporate career to pursue his passion for teaching. In 2011, he co-founded Education Helpline and is a physics HOD since then','4 yrs of Teaching Exp.','B. Tech., IIT Delhi, 2010','1',2,25,0,6,'Anirban always had a fascination for mechanics and electric circuits. A mechanical engineering graduate of IIT Delhi, he gave up the opportunities of a promising corporate career to pursue his passion for teaching. In 2011, he co-founded Education Helpline and is a physics HOD since then','Not satisfied with a corporate career, Anirban returned to his roots to take up teaching. As a teacher of engineering entrance, he specializes in physics - with a focus on mechanics and electricity. \nHe co-founded Education Helpline and was the head of physics there. His aptitude and sincerity for teaching and mentoring students has to be seen to be believed.'),
	('3',NULL,'Physical Chemistry','Ex-Head of Chemisrty at FIITJEE','Prof Vinod Agrawal, popularly known as VA Sir, is a Ph.D. in Chemistry from Jaipur. He is regarded by many as the best chemistry teacher in India. \nHe has taught several all India rank 1\'s during his 14 years of experience.','FIITJEE - 15 yrs','PhD in Chemistry','1',3,0,0,27,'Prof Vinod Agrawal, popularly known as VA Sir, is a Ph.D. in Chemistry from Jaipur. He is regarded by many as the best chemistry teacher in India. \nHe has taught several all India rank 1\'s during his 14 years of experience.',NULL),
	('1',NULL,'Calculus','Excellent Calculus Teacher','Gaurav (also known to his students as GT sir) has experience teaching in multiple coaching classes in Kota. He currently teaches in Rise Academy as a maths faculty. Gaurav has a B. Tech. degree from IIT Delhi in Civil Engineering.','4 years at Rise Academy, Kota','B. Tech IIT Delhi, 2009','1',0,0,0,28,'Gaurav (also known to his students as GT sir) has experience teaching in multiple coaching classes in Kota. He currently teaches in Rise Academy as a maths faculty. Gaurav has a B. Tech. degree from IIT Delhi in Civil Engineering. Originally hailing from Kota, he passed out of IIT with flying colours and decided to inspire kids like him to get the college of their dreams',NULL),
	('3',NULL,'Organic Chemistry','Organic Chemistry Specialist','inny Marwaha is the main founding member of Education Helpline in Delhi - she has experience teaching in FIITJEE as a Chemistry teacher for many years. Her specialization is Organic Chemistry','10 yrs at FIITJEE, 3 yrs at Education Helpline','PhD in Chemistry','1',0,0,0,29,'Binny Marwaha is the main founding member of Education Helpline in Delhi - she has experience teaching in FIITJEE as a Chemistry teacher for many years. Her specialization is Organic Chemistry',NULL);

/*!40000 ALTER TABLE `faculty` ENABLE KEYS */;
UNLOCK TABLES;


# Dump of table insight_type
# ------------------------------------------------------------

LOCK TABLES `insight_type` WRITE;
/*!40000 ALTER TABLE `insight_type` DISABLE KEYS */;
INSERT INTO `insight_type` (`id`,`type`)
VALUES
	(1,'post-test'),
	(2,'dashboard'),
	(3,'analytics');

/*!40000 ALTER TABLE `insight_type` ENABLE KEYS */;
UNLOCK TABLES;


# Dump of table insights
# ------------------------------------------------------------

LOCK TABLES `insights` WRITE;
/*!40000 ALTER TABLE `insights` DISABLE KEYS */;
INSERT INTO `insights` (`id`,`text`,`typeId`)
VALUES
	(1,'Your accuracy was very low while you utilized less than half the time. Focus more on accuracy than time',NULL),
	(2,'Give more time to the questions to improve on your accuracy I <%num%>',NULL),
	(3,'You are doing excellent on the time strategy, work on improving accuracy in the extra time you save',NULL),
	(4,'Rockstar',NULL),
	(5,'Your accuracy was very low while you did not utilize all the time',NULL),
	(6,'Give more time to the questions to improve on your accuracy',NULL),
	(7,'You are doing good on the time strategy, work on improving accuracy in the extra time you save ',NULL),
	(8,'Rockstar',NULL),
	(9,'You need to work on improving your accuracy',NULL),
	(10,'There is still scope of improvement in the accuracy',NULL),
	(11,'Your time strategy seems to be working, get your accuracy up there too',NULL),
	(12,'You are doing well on both time and accuracy. Lets give you a tougher challenge',NULL),
	(13,'Get back to concepts',NULL),
	(14,'Better time strategy will help you pick easier questions and improve your accuracy',NULL),
	(15,'Better time strategy will help you pick easier questions and improve your accuracy',NULL),
	(16,'While you did well, you could have picked a better set of questions to answers if you managed time well',NULL),
	(17,'Easy questions you did not attempt',NULL),
	(18,'Easy questions you got wrong',NULL),
	(19,'Difficult questions you got right',NULL),
	(20,'Wasted time on calculation based questions',NULL),
	(21,'You toggled too many times between the options and got it wrong',NULL),
	(22,'You toggled too many times between the options but eventually got it wrong',NULL);

/*!40000 ALTER TABLE `insights` ENABLE KEYS */;
UNLOCK TABLES;


# Dump of table package_type
# ------------------------------------------------------------

LOCK TABLES `package_type` WRITE;
/*!40000 ALTER TABLE `package_type` DISABLE KEYS */;
INSERT INTO `package_type` (`id`,`name`)
VALUES
	(1,'Basic'),
	(2,'Custom');

/*!40000 ALTER TABLE `package_type` ENABLE KEYS */;
UNLOCK TABLES;


# Dump of table packages
# ------------------------------------------------------------

LOCK TABLES `packages` WRITE;
/*!40000 ALTER TABLE `packages` DISABLE KEYS */;
INSERT INTO `packages` (`id`,`displayName`,`number`,`price`,`streamId`)
VALUES
	(1,'JEE MAINS',5,500,1),
	(2,'JEE ADVANCED',10,2000,1);

/*!40000 ALTER TABLE `packages` ENABLE KEYS */;
UNLOCK TABLES;


# Dump of table para
# ------------------------------------------------------------

LOCK TABLES `para` WRITE;
/*!40000 ALTER TABLE `para` DISABLE KEYS */;
INSERT INTO `para` (`id`,`text`,`questionIds`,`questionCount`,`resources`,`l3Id`,`difficulty`,`mobileFlag`)
VALUES
	(1,'<p>Two blocks \\\'A\\\' and \\\'B\\\' of mass \\\'m\\\' and \\\'2m\\\' kgs respectively are connected by a light spring and placed on a smooth horizontal surface. The blocks are now pressed towards each other so that the compression in the spring is \\\'x\\\' and then released. </p><img src=\"../api/resources/questions/37img1.jpg\" height = \"200\">','37|:38',2,'../api/resources/questions/p1img1.jpg',34,2,NULL),
	(2,'<p>A block A of mass 8kg is moving towards the right with a speed of 3m/s on a horizontal frictionless surface. Another block B of mass 4kg with a spring (massless, k = 50000/12 Nm<sup>-1</sup>) attached to it, is moving towards left with speed 2m/s. At some instant, A collides with the spring attached to B. After some time, the spring has maximum compression and then the blocks move independently with their final velocities.</p><img src=\"../api/resources/questions/p1img1.jpg\" height = \"200\"><p>Take the direction towards right as +ve x direction. Assume spring force is conservative and no kinetic energy is converted to internal energy of spring in the form of heat. Assume no sound is generated on collision.</p>','51|:52|:53|:54|:55|:56',7,'../api/resources/questions/p2img1.jpg',34,2,NULL);

/*!40000 ALTER TABLE `para` ENABLE KEYS */;
UNLOCK TABLES;


# Dump of table purchases
# ------------------------------------------------------------

LOCK TABLES `purchases` WRITE;
/*!40000 ALTER TABLE `purchases` DISABLE KEYS */;
INSERT INTO `purchases` (`accountId`,`packageId`,`purchasedOn`)
VALUES
	(4,1,'2013-02-06 13:32:02'),
	(4,1,'2013-02-06 13:39:31'),
	(4,2,'2013-02-06 13:44:31'),
	(4,1,'2013-02-06 13:44:36'),
	(4,2,'2013-02-06 13:44:38'),
	(4,1,'2013-02-06 14:01:56'),
	(4,2,'2013-02-06 14:01:59'),
	(4,1,'2013-02-06 14:02:00'),
	(4,1,'2013-02-06 14:19:17'),
	(4,2,'2013-02-06 14:19:29'),
	(4,2,'2013-02-06 14:19:45'),
	(4,2,'2013-02-06 14:20:11'),
	(4,1,'2013-02-06 14:22:52'),
	(4,2,'2013-02-06 14:23:05'),
	(42,1,'2013-02-08 00:44:00'),
	(44,2,'2013-02-08 01:17:37'),
	(45,2,'2013-02-08 01:19:09'),
	(46,2,'2013-02-08 01:20:15'),
	(4,2,'2013-02-08 12:16:10'),
	(4,1,'2013-02-08 12:16:12'),
	(4,2,'2013-02-08 12:16:16'),
	(4,1,'2013-02-08 12:16:17'),
	(47,1,'2013-02-11 03:50:20'),
	(49,2,'2013-02-11 04:20:05'),
	(50,2,'2013-02-11 05:03:32');

/*!40000 ALTER TABLE `purchases` ENABLE KEYS */;
UNLOCK TABLES;


# Dump of table question_tags
# ------------------------------------------------------------

LOCK TABLES `question_tags` WRITE;
/*!40000 ALTER TABLE `question_tags` DISABLE KEYS */;
INSERT INTO `question_tags` (`id`,`name`)
VALUES
	(1,'lengthy'),
	(2,'calculations');

/*!40000 ALTER TABLE `question_tags` ENABLE KEYS */;
UNLOCK TABLES;


# Dump of table question_type
# ------------------------------------------------------------

LOCK TABLES `question_type` WRITE;
/*!40000 ALTER TABLE `question_type` DISABLE KEYS */;
INSERT INTO `question_type` (`id`,`type`)
VALUES
	(1,'single-option'),
	(2,'multiple-option'),
	(3,'integer-answer'),
	(4,'matrix-type');

/*!40000 ALTER TABLE `question_type` ENABLE KEYS */;
UNLOCK TABLES;


# Dump of table questions
# ------------------------------------------------------------

LOCK TABLES `questions` WRITE;
/*!40000 ALTER TABLE `questions` DISABLE KEYS */;
INSERT INTO `questions` (`id`, `text`, `options`, `correctAnswer`, `explanation`, `l3Id`, `typeId`, `tagIds`, `difficulty`, `paraId`, `resources`, `averageTimeCorrect`, `averageTimeIncorrect`, `averageTimeUnattempted`, `averageCorrect`, `averageIncorrect`, `averageUnattempted`, `allotedTime`, `correctScore`, `incorrectScore`, `optionScore`, `unattemptedScore`, `mobileFlag`, `availableFlag`)
VALUES
	(1,'<p>Two large vertical and parallel metal plates having a separation of 1 cm are connected to a DC voltage source of potential difference X. A proton is released at rest midway between the two plates. It is found to move at 45<sup>o</sup> to the vertical JUST after release. Then X is nearly</p>','1*10<sup>-5</sup> V |: 1*10<sup>-7</sup> V |: 1*10<sup>-9</sup> V |: 1*10<sup>-10</sup> V','2','<p>Writing the force equations on the particle,</p><img src = \"../api/resources/questions/s1q1img1.jpg\"><p>mg = qE $$1.67 * 10^{-27} * (10) = (1.6 * 10^{-19})\\frac{x}{0.01}$$  $$x =\\frac{1.67 * 10^{-9}}{1.6}$$ $$x=1 * 10^{-9}V$$</p>',44,1,'',1,NULL,'../api/resources/questions/s1q1img1.jpg',0,0,0,0,0,0,0,4,-1,0,0,0,0),
	(2,'<p>For the circuit given below which of the following is true:</p> <img src = \"../api/resources/questions/s1q2img1.jpg\">','The current I through the battery is 7.5mA |: The potential difference across RL is 20V|: The ratios of power dissipated in R1 and R2 is 5 |:\n If R1 and R2 are interchanged, magnitude of power dissipated in RL will decrease by a factor of 3','0','<p>R<sub>2</sub> and R<sub>L</sub> are in parallel hence $$R_{2L} = \\frac{6 * 1.5}{6 + 1.5}$$\nR<sub>2L</sub> = 1.2 k~~\\Omega~~ <br>\nR<sub>2L</sub> in turn is in series with R<sub>1</sub> hence the resistance of the circuit is:<br>\nR = 1.2 + 2 = 3.2 k~~\\Omega~~ <br>\nThe current I through battery is $$ i= \\frac{24V}{3.2 * 1000\\Omega} = 7.5 mA $$</p>',45,1,'',2,NULL,'../api/resources/questions/s2q2img1.jpg',0,0,0,0,0,0,0,4,-1,0,0,0,0),
	(3,'<img src = \"../api/resources/questions/s1q3img1.jpg\"> <p> A meter bridge is set-up as shown, to determine an unknown resistance \'X\' using a standard 10 ohm resistor. The galvanometer shows null point when tapping-key is at 52 cm mark. The end-corrections are 1 cm and 2 cm respectively for the ends A and B.  The determined value of \'X\' is:</p>','10.2 ohm |: 10.6 ohm |:\n10.8 ohm |: 11.1 ohm','1','<p>$$\\frac{x}{10} = \\frac{l_1}{l_2}$$\nWhere l<sub>1</sub> and l<sub>2</sub> are the lengths with end corrections\nl<sub>1</sub> = 52 + 1 = 53 cm; l<sub>2</sub> = 48 + 2 = 50 cm$$\\frac{x}{10}=\\frac{53cm}{50cm}$$\nX = 10.6 ~~\\Omega~~</p>',46,1,'',1,NULL,'../api/resources/questions/s1q3img1.jpg',0,0,0,0,0,0,0,4,-1,0,0,0,0),
	(4,'<p> A spherical metal A of radius R<sub>A</sub> and a solid metal sphere B of radius R<sub>B</sub> \n(< R<sub>A</sub>) are kept far apart and each is given charge \'+Q\'. Now a thin metal wire connects them. Which one of the following is false:</p>','E<sub>A</sub> (inside) = 0 |: Q<sub>A</sub> < Q<sub>B</sub> |: ~~\\sigma_A/ \\sigma_B~~ = R<sub>B</sub> / R<sub>A </sub>|: E<sub>A</sub> (on surface) < E<sub>B</sub> (on surface)','3','<p>E <sub>(inside)</sub> for metallic shell = 0 $$\\frac{Q_A}{4\\pi \\epsilon_oR_A} = \\frac{Q_B}{4\\pi \\epsilon_oR_B}$$ $$\\therefore\\frac{Q_A}{Q_B} = \\frac{R_A}{R_B}$$\nSince R<sub>A</sub> > R<sub>B</sub> hence Q<sub>A</sub> > Q<sub>B</sub> => B is false $$\\frac{Q_A}{R_A}{4\\pi R_A^2} = \\frac{Q_B}{R_B}{4\\pi R_B^2}$$ $$\\therefore \\frac{\\sigma_A}{\\sigma_B} = \\frac{R_B}{R_A}$$ $$\\frac{E_A}{E_B} = \\frac{\\sigma_A}{\\sigma_B} = \\frac{R_B}{R_A} < 1$$ E<sub>A</sub><E<sub>B</sub> </p>',47,1,'',1,NULL,'',0,0,0,0,0,0,0,4,-1,0,0,0,0),
	(5,'<p>For the resistance network shown in the figure, choose the wrong option.</p><img src = \"../api/resources/questions/s1q5img1.jpg\">','The current through PQ is zero |: i<sub>1</sub> = 3 A |: The potential at S is more than that at Q |: i<sub>2</sub> = 2 A\n','1','<p>Due to input and output symmetry P & Q and S & T have same potential\nHence PQ and ST have 0 current\n Hence R<sub>2</sub> = ~~6\\Omega~~\nAnd R<sub>3</sub> = ~~12\\Omega~~\nSince the 2 are in parallel, $$\\therefore R_1 = \\frac {6 * 12}{6 + 12} = 4\\Omega$$ $$i_1 = 12/4 = 3 A$$\nQ and P have same potential. Since current is flowing from P to S with a resistance of ~~2\\Omega~~, V<sub>S</sub>< V<sub>P</sub> and hence V<sub>S</sub>< V<sub>Q</sub><br>\nTo calculate I<sub>2</sub>:\n6 * I<sub>2</sub> = 12 * (3-I<sub>2</sub>)\nI<sub>2</sub> = 2A</p>',44,1,'',2,NULL,'../api/resources/questions/s1q5img1.jpg',0,0,0,0,0,0,0,4,-1,0,0,0,0),
	(6,'<p>A ~~2\\mu~~F capacitor is charged as shown in figure.<br> <img src = \"../api/resources/questions/s1q6img1.jpg\"><br> The percentage of its stored energy dissipated after the switch S is turned to position 2 is:</p>','0% |: 20% |: 75% |: 80%','3','<p>The initial charge: Q = C<sub>1</sub>V\nThe charge is distributed as Q1 and Q2 till the potentials are same.$$\\frac{Q_1}{Q_2} = \\frac{C_1}{C_2} = \\frac{2\\mu F}{8\\mu F} = \\frac{1}{4}$$ $$\\therefore Q_1 = Q/5, Q_2 = 4Q/5 $$ Hence Q1 = Q/5 and Q2 = 4Q/5 <br> Energy in initial configuration $$ E_i = \\frac{1}{2}\\frac{Q^2}{C_1} $$ $$\\therefore E_i = \\frac{Q^2}{4}$$ Energy in final configuration $$E_f = \\frac{1}{2}\\frac{Q^2_1}{C_1} + \\frac{1}{2}\\frac{Q^2_2}{C_2} $$ $$\\therefore E_f = \\frac{Q^2}{20}$$ $$E_{dissipated} = \\frac{Q^2}{4} - \\frac{Q^2}{20} = \\frac{Q^2}{5}$$ $$ \\%_{dissipated} = \\frac{E_{dissipated}}{E_i} = \\frac{\\frac{Q^2}{5}}{\\frac{Q^2}{4}} = 80\\%$$</p>',45,1,'',2,NULL,'../api/resources/questions/s1q6img1.jpg',0,0,0,0,0,0,0,4,-1,0,0,0,0),
	(7,'<p>Two batteries of different EMFs and different internal resistances are connected as shown. The voltage across AB in volts is: </p><img src = \"../api/resources/questions/s1q7img1.jpg\">',' 5 |: 4.5 |: 5.4 |: 3.8','0','<p>Total EMF = 6V - 3V = 3V<br>\nResistance = ~~1 \\Omega + 2 \\Omega = 3 \\Omega~~<br>',46,1,'',2,NULL,'../api/resources/questions/s1q7img1.jpg',0,0,0,0,0,0,0,4,-1,0,0,0,0),
	(8,'<p>A thin flexible wire of length L is connected to two adjacent fixed points and carries a current I in the clockwise direction, as shown in the figure. When the system is put in a uniform magnetic field of strength B going into the plane of the paper, the wire takes the shape of a circle. The tension in the wire is:</p>  <img src = \"../api/resources/questions/s1q8img1.jpg\">','IBL |: IBL / ~~\\pi~~ |: IBL /2~~\\pi~~ |: IBL / 4~~\\pi~~\n','2','<img src = \"../api/resources/questions/s1q8img2.jpg\"> <p>Magnetic force acting upwards ~~=Bl * dl = Bl * Rd\\Theta~~ <br> Tension (Vertical) acting downwards = ~~2T * sin \\frac{d\\Theta}{2}~~<br> Applying force balance - <br> $$2 T sin(\\frac{d\\Theta}{2}) = B I (R d\\Theta)~~ &nbsp&nbsp&nbsp&nbsp  ~~sin\\frac{d\\Theta}{2} = \\frac{d\\Theta}{2}$$ $$T (d\\Theta) = B I R (d\\Theta)$$ Integrating over ~~\\Theta~~ from 0 to ~~2\\pi~~ $$ T= \\frac{IBL}{2\\pi}$$',47,1,'',3,NULL,'../api/resources/questions/s1q8img1.jpg|:../api/resources/questions/s1q8img2.jpg',0,0,0,0,0,0,0,4,-1,0,0,0,0),
	(9,'<p>A few electric field lines for a system of two charges Q<sub>1</sub> and Q<sub>2</sub> fixed at two different points on the x-axis are shown in the figure. These lines suggest that:</p>  <img src = \"../api/resources/questions/s1q9img1.jpg\">','~~\\left|Q1\\right|~~ > ~~\\left|Q2\\right|~~|: ~~\\left|Q1\\right|~~ < ~~\\left|Q2\\right|~~ |: At a finite distance to the left of Q1 the electric field is zero |:  None of the above\n','0','<p>Since the number of electric field lines of forces emerging from Q<sub>1</sub> is larger than terminating at Q<sub>2</sub>, the value of absolute charge Q<sub>1</sub> would be greater than the absolute value of Q<sub>2</sub><br>\nLet us assume the distance between the 2 charges is d\nAt any distance y, left of Q<sub>1</sub>, the electric field will be: $$E_{left} = \\frac{Q_1}{4\\pi\\epsilon_oy^2} - \\frac{Q_2}{4\\pi\\epsilon_o(y+d)^2}$$ Since Q<sub>1</sub> > Q<sub>2</sub> and y<sub>2</sub> < (y+d)<sup>2</sup> for a positive y, this term cannot be 0 for any value of y</p>',44,1,'',2,NULL,'../api/resources/questions/s1q9img1.jpg',0,0,0,0,0,0,0,4,-1,0,0,0,0),
	(10,'<p>When two identical batteries of internal resistance 1~~\\Omega~~ each are connected in series across a resistor R, the rate of heat produced in R is J<sub>1</sub>. When the same batteries are connected in parallel across R, the rate is J<sub>2</sub>. If J<sub>1</sub> = 2.25J<sub>2</sub>  then the value of R in ~~\\Omega~~ is</p>','2.5 |: 4 |: 5 |: 4.3\n','1','<p>Let the potential difference of each battery be V <br>\nFor series - <br>\nV<sub>1</sub> = 2V <br>\nR<sub>1</sub> = R+2<br>\nHence, $$J_1 = (\\frac{2V}{R + 2})^2 * R$$ For parallel - <br>\nV<sub>2</sub> = V\nR<sub>2</sub> = (1 * 1)/(1+1) + R <br> = 1/2 + R <br> Hence,  $$J_2 = (\\frac{V}{R+1/2})^2 * R$$ Since J<sub>1</sub>/J<sub>2</sub> = 2.25,    R=4~~\\Omega~~</p>',45,1,'',3,NULL,'',0,0,0,0,0,0,0,4,-1,0,0,0,0),
	(11,'<p>A uniformly charged thin spherical shell of radius R carries uniform surface charge density of σ per unit area. It is made of two hemispherical shells, held together by pressing them with force F (see figure). F is proportional to: <br><img src = \"../api/resources/questions/s1q11img1.jpg\"></p>','$$\\frac{\\sigma^2R^2}{\\epsilon_o}$$|:$$\\frac{\\sigma^2R}{\\epsilon_o}$$|:$$\\frac{\\sigma^2}{\\epsilon_oR}$$|:$$\\frac{\\sigma^2}{\\epsilon_o^2R^2}$$','0','<p>Electrostatic Repulsive Force: $$F_{ele} \\propto = \\frac{\\sigma^2\\pi R^2}{\\epsilon_o}$$ Since F balances this force, hence it is proportional to $$\\frac{\\sigma^2R^2}{\\epsilon_o}$$</p>',46,1,'',3,NULL,'../api/resources/questions/s1q11img1.jpg',0,0,0,0,0,0,0,4,-1,0,0,0,0),
	(12,'<p>A series R-C combination is connected to an AC voltage of angular frequency ~~\\omega~~ = 500 radian/s. If the impedance of the R-C circuit is R ~~\\sqrt{1.25}~~, the time constant (in millisecond) of the circuit is: </p>','5 |: 2.6 |:  4|:  6\n','2','<p>$$Z = R\\sqrt{1.25} = (\\sqrt{R^2 + \\frac{1}{\\omega C}})^2$$ $$\\frac{1}{4}R^2 = (\\frac{1}{\\omega C})^2$$ $$ \\frac{1}{4}R^2 = \\frac{1}{500C}$$ $$\\therefore\\tau = RC = \\frac{1}{250}s = 4 ms$$ </p>',47,1,'',3,NULL,'',0,0,0,0,0,0,0,4,-1,0,0,0,0),
	(13,'<p>How many milliliters of 0.1M H<sub>2</sub>SO<sub>4</sub> must be added to 50mL of 0.1M NaOH to give a solution that has a concentration of 0.05M in H<sub>2</sub>SO<sub>4</sub></p>','400 mL|:50 mL|:200 mL|:100 mL','3','<p>Vml 0.1M H<sub>2</sub>SO<sub>4</sub> + 50ml 0.1M NaOH ~~\\rightarrow~~ (V + 50)ml 0.05M H<sub>2</sub>SO<sub>4</sub><br><br>0.1 X V = (V + 50) X 0.05 + 2.5<br><br>\nV = 100ml</p>',61,1,'',1,NULL,'',0,0,0,0,0,0,0,4,-1,0,0,0,0),
	(14,'<p>An unknown amino acid has 0.032% Sulphur. If each molecule has one S-atom only, 1.0 g of amino acid has ____ molecules:</p>','6.02 X 10<sup>18</sup>|:\n6.02 X 10<sup>19</sup>|:\n6.02 X 10<sup>21</sup>|:\n6.02 X 10<sup>23</sup>','0','<p>Weight of sulpher in 1 gram <br><br>= 0.032 * 1 * 1/100 <br><br>= 3.2 * 10<sup>-4</sup> g<br><br>Mol of S = 3.2 * 10<sup>-4</sup>/32 = 10<sup>-5</sup><br><br>\nNo. of S atoms = 10<sup>-5</sup> * 6.023 * 10<sup>23</sup> <br><br> = 6.023 * 10<sup>18</sup> </p>',63,1,'',2,NULL,'',0,0,0,0,0,0,0,4,-1,0,0,0,0),
	(15,'<p>In the reaction, 8 Al + 3 Fe<sub>3</sub>O<sub>4</sub> ~~\\rightarrow~~ 4 Al<sub>2</sub>O<sub>3</sub> + 9 Fe, the number of electrons transferred from reductant to oxidant is: </p>','8|:4|:7|:24','3','<p>8 Al + 3 Fe<sub>3</sub>O<sub>4</sub> ~~\\rightarrow~~ 4 Al<sub>2</sub>O<sub>3</sub> + 9 Fe <br><br> Oxidation state of Al changes from 0 to +3 <br><br>=> No. of e<sup>-</sup> lost by 8 Al is 3 * 8 = 24 </p>',63,1,'',1,NULL,'',0,0,0,0,0,0,0,4,-1,0,0,0,0),
	(16,'<p>In the reaction, H<sub>3</sub>PO<sub>4</sub> + Ca(OH)<sub>2</sub>~~\\rightarrow~~ CaHPO<sub>4</sub> + 2H<sub>2</sub>O, the equivalent mass of H<sub>3</sub>PO<sub>4</sub> is: </p>','49|:32.7|:196|:98','0','<p>H<sub>3</sub>PO<sub>4</sub> + Ca(OH)<sub>2</sub>~~\\rightarrow~~ CaHPO<sub>4</sub> + 2H<sub>2</sub>O <br><br> In the given reaction H<sub>3</sub>PO<sub>4</sub> reacts as a dibasic acid, hence x = 2  <br><br>=> E(H<sub>3</sub>PO<sub>4</sub>) = M(H<sub>3</sub>PO<sub>4</sub>) / 2 = 98/2 = 49  </p>',61,1,'',1,NULL,'',0,0,0,0,0,0,0,4,-1,0,0,0,0),
	(17,'<p>Oxidation States of Chlorine in CaOCl<sub>2</sub> (bleaching powder) is/ are: </p>','+1 and -1|:+1 only|:-1 only|:None of these','0','<p>CaOCl<sub>2</sub> (bleaching powder), the structure is: <br> <br> One Cl exists as Chloride (CL<sup>-</sup>) and the other as OCl<sup>-</sup> (Oxy Chloride) </p>',61,1,'',2,NULL,'',0,0,0,0,0,0,0,4,-1,0,0,0,0),
	(18,'<p>6.54 g of Zn reacts with 0.25 M HNO3 solution. Volume of HNO3 consumed is: </p>','0.8 L|:0.25 L|:1.6 L|:None of these','2','<p>Zn + 4 HNO<sub>3</sub> → Zn(NO<sub>3</sub>)<sub>2</sub> + 2NO<sub>2</sub> + H<sub>2</sub>O<br><br>\nThe above equation is not of the type X + Y ~~\\rightarrow~~ A + B <br><br> In X + Y ~~\\rightarrow~~A + B type of reactions, central atoms of oxidizing agent and reducing agent should be in single molecules in product; for example, <br> <br>\n FeSO<sub>4</sub> + KMnO<sub>4</sub> + H<sub>2</sub>SO<sub>4</sub> ~~\\rightarrow~~ Fe<sub>2</sub>(SO<sub>4</sub>)<sub>3</sub> + MnSO<sub>4</sub> + K<sub>2</sub>SO<sub>4</sub> + H<sub>2</sub>0</p>',62,1,'',3,NULL,'',0,0,0,0,0,0,0,4,-1,0,0,0,0),
	(19,'<p>The molar ratio of Fe<sup>2+</sup> to Fe<sup>3+</sup> in a mixture of FeSO<sub>4</sub> and Fe<sub>2</sub>(SO<sub>4</sub>)<sub>3</sub> having equal number of sulphate ions is:</p>','1:2|:3:2|:2:3|:None of these','3','<p>FeSO<sub>4</sub> ~~\\rightarrow~~ Fe<sub>2+</sub> + S0<sub>4</sub><sup>2-</sup> <br><br>Fe<sub>2</sub>(SO<sub>4</sub>)<sub>3</sub> ~~\\rightarrow~~  2Fe<sup>3+</sup> + 3SO<sub>4</sub><sup>2-</sup><br><br>Ratio of Fe<sup>2+</sup> to Fe<sup>3+</sup>=  ~~\\frac{3}{2}~~</p>',62,1,'',2,NULL,'',0,0,0,0,0,0,0,4,-1,0,0,0,0),
	(20,'<p>To remove permanent hardness (due to presence of CaSO<sub>4</sub>) of a 1 L sample of water, 10 mL of N/50 washing soda (Na<sub>2</sub>CO<sub>3</sub>) solution was added and the mixture was boiled and filtered. The filtrate was neutralized with 6 mL of N/50 HCl. The degree of hardness of water in ppm is ___.</p>','','4','<p>CaSO<sub>4</sub> + Na<sub>2</sub>CO<sub>3</sub> ~~\\rightarrow~~ CaCO<sub>3</sub> + Na<sub>2</sub>SO<sub>4</sub><br><br>  meq of HCl = meq of Na<sub>2</sub>CO<sub>3</sub> (excess) = 6/50<br><br>  meq of Na<sub>2</sub>CO<sub>3</sub> used with CaCO<sub>3</sub> = total meq of Na<sub>2</sub>CO<sub>3</sub> - excess meqs<br><br> = 10 X (1/50) - 6 X (1/50) = 2/25 = meq of CaCO<sub>3</sub><br><br> => wt. of CaCO<sub>3</sub> in 1 L sample = 2/25 X 50 = 4 mg<br><br> => degree of hardness = 4 ppm </p>',63,3,'',3,NULL,'',0,0,0,0,0,0,0,4,-1,0,0,0,0),
	(21,'<p>KMnO<sub>4</sub> reacts with KHC<sub>2</sub>O<sub>4</sub> in absence of any external acid. If stoichiometric co-efficient of KMnO<sub>4</sub> is 1 in the balanced reaction, then the co-efficient of KHC<sub>2</sub>O<sub>4</sub> is ___. </p>','','8','<p>$$( 8H^+ + 5e^- + MnO4^- \\rightarrow Mn^{2+} + 4H_20) * 2 $$ $$(C_2O_4^{2-} \\rightarrow 2CO_2 + 2e^- ) * 5$$  <table  style=\"text-align: center\"><tr><td>~~2MnO_4^-~~</td><td> +</td> <td>~~16 H^+~~</td><td> +</td> <td>~~5C_2O_4^{2-}~~</td> <td>~~\\rightarrow~~</td> <td>~~2Mn^{2+}~~</td> <td>+</td> <td>~~8H_2O~~</td> <td>+</td> <td>~~10CO_2~~</td></tr><tr><td>~~2MnO_4^-~~</td> <td>+</td> <td>~~11H^+~~</td> <td>+</td> <td>~~5HC_2O_4^-~~</td><td> ~~\\rightarrow~~</td> <td>~~2Mn^{2+}~~</td><td> +</td> <td>~~8H_2O~~</td> <td>+</td> <td>~~10CO_2~~</td></tr><tr><td>~~2K^+~~</td><td></td><td>~~11K^+ + 11C_2O_4^{2-}~~</td><td></td><td>~~5K^+~~</td><td></td><td>~~2K^+~~</td><td></td><td> ~~11K^+~~</td><td></td><td>~~ 11C_2O_4^{2-}~~</td><td></td><td> ~~ 5K^+~~</td></tr></table> $$ 2KMnO_4 + 16 KHC_2O_4\\rightarrow 2MnC_2O_4 + 8H_2O + 10CO_2 + 9K_2C_2O_4$$   Answer: 8 </p>',61,3,'',2,NULL,'',0,0,0,0,0,0,0,4,-1,0,0,0,0),
	(22,'<p>1.8 g of Oxalic Acid (COOH)<sub>2</sub>.xH<sub>2</sub>O are dissolved in water and the volume made upto 250ml. On titration, 21ml of this solution requires 24ml of N/10 NaOH solution for complete neutralization. The value of x is: </p>','1|:2|:3|:None of these','1','<p>meq of NaOH = meq of oxalic acid in 21 ml = 24 X 1/10 <br> meq of oxalic acid in 250ml = (24 X 1/10) X (250 / 21) <br> meq of oxalic acid  <br>= (1.8 / (M0 / 2)) X 1000 = (24 X 1/10) X (250/21)  => <br>M<sub>0</sub> = 126 = 90 + 18x  => x = 2</p>',63,1,'',1,NULL,'',0,0,0,0,0,0,0,4,-1,0,0,0,0),
	(23,'<p>How much NaOH should be added to 1 L of a buffer solution containing 0.1 M each of CH<sub>3</sub>COOH and CH<sub>3</sub>COONa so as to increase pH by 0.5 units.  (K<sub>a</sub> = 10<sup>-5</sup>)</p>','0.032|:0.041|:0.052|:0.01','2','<table style = \"text-align:center\"> <tr> <td></td><td>CH<sub>3</sub>COOH </td><td> &nbsp&nbsp&nbsp~~\\rightleftharpoons~~&nbsp&nbsp &nbsp</td> <td> CH<sub>3</sub>COO<sup>-</sup></td> <td> +</td> <td>H<sup>+</sup></td></tr><tr><td>t=0 &nbsp</td><td>0.1</td><td></td><td>0.1</td><td></td><td>-</td></tr><tr><td>t=t<sub>eq</sub>&nbsp </td><td>(0.1-x)</td><td> </td><td>(0.1+x)</td><td></td><td>x</td></tr></table><br>=>(0.1x) / (0.1)  = 10<sup>-5</sup><br><br>x = 10<sup>-5</sup><br><br>Initial pH = 5<br>pH<sub>new</sub> = 5.5<br><br><table style = \"text-align:center\"> <tr> <td>CH<sub>3</sub>COOH </td><td> &nbsp&nbsp&nbsp~~\\rightleftharpoons~~&nbsp&nbsp&nbsp </td> <td> CH<sub>3</sub>COO<sup>-</sup></td> <td> +</td> <td>H<sup>+</sup></td></tr><tr><td>(0.1 - z)</td><td></td><td>(0.1 + z)</td><td></td><td>10<sup>5.5</sup> </td></tr></table><br>$$\\frac{(0.1+z)}{(0.1-z)}* 10^{-5.5} = 10^5 $$ $$=>0.1+z  = 0.1\\sqrt{10}-\\sqrt{10}z$$ $$z = \\frac{0.1(\\sqrt{10}-1)}{(\\sqrt{10}+1)}$$=0.052',62,1,'',2,NULL,'',0,0,0,0,0,0,0,4,-1,0,0,0,0),
	(24,'<p>20 ml solution of 0.1 M weak base BOH is titrated with 0.1 M HCl solution. [H<sup>+</sup>] at end point is (Kb = 5 X 10<sup>-12</sup>): </p>','10-2|:9 X 10-3|:1.15 X 10-2|:None of these','2','<p><table style = \"text-align:center\"> <tr> <td></td><td>B<sup>+</sup></td><td> + </td><td>H<sub>2</sub>O</td><td> &nbsp&nbsp&nbsp~~\\rightleftharpoons~~&nbsp&nbsp&nbsp </td> <td> BOH</td> <td> + </td> <td>H<sup> + </sup></td></tr><tr><td>t=0 &nbsp</td><td>2/40</td><td></td><td>-</td><td></td><td>-</td><td></td><td>-</td></tr><tr><td>t=t<sub>eq</sub> &nbsp</td><td>2/40-x</td><td></td><td>-</td> <td></td><td>x</td><td></td><td>x</td></tr></table> <br>$$K_h = K_w / K_b \\frac{10^{-14}}{5 * 10^{-10}}$$ $$ K_h= 2 * 10^{-3} $$ $$\\frac{x.x}{\\frac{1}{20}-x} = 2 * 10^{-3}$$ $$x = 9*10^{-3}$$</p>',61,1,'',3,NULL,'',0,0,0,0,0,0,0,4,-1,0,0,0,0),
	(25,'<p>Which of the following relation is correct ? All are 1 L solution (use K<sub>a</sub> = K<sub>b</sub> = 10<sup>-5</sup>) <br> 0.1 mol NaOH + 0.1 mol HCl ~~\\rightarrow~~ pH<sub>1</sub><br>0.01 mol NaOH + 0.1 mol NH<sub>4</sub>Cl ~~\\rightarrow~~ pH<sub>2</sub> <br> 0.01 mol NH<sub>4</sub>OH + 0.01 mol CH<sub>3</sub>COOH ~~\\rightarrow~~ pH<sub>3</sub> <br> 0.01 mol CH<sub>3</sub>COOH + 0.01 mol HCl ~~\\rightarrow~~ pH<sub>4</sub></p>','pH<sub>4</sub> < pH<sub>1</sub> = pH<sub>3</sub> < pH<sub>2</sub>|:pH<sub>4</sub> < pH<sub>1</sub> < pH<sub>3</sub> < pH<sub>4</sub>|:pH<sub>4</sub> < pH<sub>2</sub> < pH<sub>1</sub> < pH<sub>3</sub>|:pH<sub>1</sub> < <sub>pH3</sub> < <sub>pH4</sub> < <sub>pH2</sub>','0','<p>0.1mol NaOH + 0.1mol HCl ~~\\rightarrow~~ pH = 7  <br><br>0.01mol NH<sub>4</sub>OH + 0.01mol CH<sub>3</sub>COOH ~~\\rightarrow~~ pH = 7<br> <br> (since K<sub>a</sub> = K<sub>b</sub> = 10<sup>-7</sup>)  <br><br> 0.01 mol CH<sub>3</sub>COOH + 0.01 mol HCl ~~\\rightarrow~~ pH < 7  <br><br>0.01 mol NaOH + 0.1 mol NH<sub>4</sub>Cl ~~\\rightarrow~~ pH > 7 <br> \n<table style = \"text-align:center\"> <tr> <td></td><td>NH<sub>4</sub>OH </td><td> &nbsp&nbsp&nbsp~~\\rightleftharpoons~~&nbsp&nbsp&nbsp </td> <td> CH<sub>4</sub><sup>+</sup></td> <td> +</td> <td>OH<sup>-</sup></td></tr><tr><td>t=0 &nbsp</td><td>-</td><td></td><td>0.1</td><td></td><td>0.01</td></tr><tr><td>t=t<sub>eq</sub>&nbsp</td><td>0.01</td><td></td><td>0.09</td><td></td><td>x</td></tr></table><br><br> x = ~~1/9 * 10^{-5} ~~</p>',63,1,'',3,NULL,'',0,0,0,0,0,0,0,4,-1,0,0,0,0),
	(26,'<p>The equilibrium constant for the reaction: <br><br>~~N_{2(g)} + O_{2(g)} \\rightleftharpoons 2NO_{(g)} is 4 * 10^{-4}~~ at 200K<br><br> In the presence of a catalyst, the equilibrium is attained 10 times faster. Therefore the equilibrium constant in presence of a catalyst at 200 K is: </p>','~~4*10^-3~~|:~~4*10^-4~~|:~~4*10^-5~~|:None of these','1','<p>K<sub>eq</sub> does not change even if the catalyst is changed</p>',62,1,'',2,NULL,'',0,0,0,0,0,0,0,4,-1,0,0,0,0),
	(27,'<p>For the reaction in equilibrium<br><br> &nbsp  ~~2NOBr_{(g)} \\rightleftharpoons 2NO_{(g)} + Br_{2(g)}~~   if ~~P_{(Br2)} = P/9~~ at equilibrium and P is the total pressure. The ratio of K<sub>p</sub> / P is equal to: </p>','1/9|:1/81|:1/27|:1/5','1','<p><table style=\"text-align: center\"><tr><td></td><td>~~2NOBr_{(g)}~~</td> <td>&nbsp&nbsp&nbsp~~\\rightleftharpoons~~&nbsp&nbsp&nbsp</td> <td>~~2NO_{(g)}~~</td> <td>+</td> <td>~~Br_{2(g)}~~</td></tr><tr><td>t = t<sub>eq</sub> &nbsp</td> <td>~~P_o - x~~</td><td></td><td> x </td><td></td> <td>x/2<td> </tr></table><br> We are given:$$P_{(Br_2)eq} = x/2 = P/9 => x = 2P/9  $$ $$P_{(NO)eq} = 2P/9$$ $$ P_{(T)eq} = P_o + x/2 = P $$ $$ =>P_o = 8P/9$$ $$=> P_o - x = 2P/3$$ $$K_p = \\frac{P(NO)^2 P(Br_2)^1}{P(NOBr)^2} =\\frac {(\\frac{2P}{9})^2.(\\frac{P}{9})}{(\\frac{2P}{3})^2} = \\frac{1}{81}.P$$</p>',62,1,'',2,NULL,'',0,0,0,0,0,0,0,4,-1,0,0,0,0),
	(28,'<p>~~PCl_5~~ dissociates in a closed container as:$$PCl_{5(g)} \\rightleftharpoons  PCl_{3(g)} + Cl_{2(g)}$$ If total pressure at equilibrium of the reaction mixture is P, and the degree of dissociation of ~~PCl_5~~ is ~~\\alpha~~ , the partial pressure of ~~PCl_3~~ will be:</p>','~~P.[\\frac{\\alpha}{\\alpha +1}]~~|:~~P.[\\frac{2\\alpha}{\\alpha -1}]~~|:~~P.[\\frac{\\alpha}{\\alpha -1}]~~|:~~P.[\\frac{\\alpha}{1 - \\alpha}]~~','0','<table style=\"text-align: center\"><tr><td>~~PCl_{5(g)}~~</td><td> ~~\\rightleftharpoons~~</td><td> ~~PCl_{3(g)}~~</td><td> + </td><td>~~Cl_{2(g)}~~</td></tr><tr><td>~~a - a\\alpha~~</td><td></td><td>~~a\\alpha~~</td><td></td><td>~~a\\alpha~~</td><td></tr></table>$$P(PCl_{3(g)})_{eq} = \\frac{a\\alpha}{a + a\\alpha}.P$$ $$\\frac {\\alpha}{1 + 1\\alpha}.P$$',61,1,'',3,NULL,'',0,0,0,0,0,0,0,4,-1,0,0,0,0),
	(29,'<p>Equal volumes of two solutions of HCl are mixed. One solution has a pH 1 while the other has a pH 6. The pH of the resulting solution is:</p>','Less than 1|:Between 1 & 2|:4|:7','1','<p>1L of (pH=1) solution + 1L of (pH=6) solution <br>$$=>[H^+]mix = \\frac{10^{-1} +10^{-6}}{2}\\approx\\frac{10^{-1}}{2}$$ <br>pH = 1.3</p>',61,1,'',3,NULL,'',0,0,0,0,0,0,0,4,-1,0,0,0,0),
	(30,'<p>The equilibrium constants K<sub>p1</sub> and K<sub>p2</sub> for the reactions X -> 2Y and Z -> P + Q, respectively are in the ratio of 1:9. If the degree of dissociation of X and Z are equal, then the ratio of total pressures at these equilibria is:  (Assume all species to be gaseous)</p>','1:9|:1:1|:1:3|:1:36','3','<p><table style=\"text-align: center\"><tr><td></td><td>&nbspX&nbsp</td><td>&nbsp&nbsp&nbsp~~\\rightleftharpoons~~&nbsp&nbsp&nbsp</td><td>&nbsp2Y&nbsp</td></tr><tr><td>t=teq&nbsp</td><td>(a - a ~~\\alpha~~)</td> <td></td><td>2aα</td></tr></table>$$Kp_1 = \\frac{(\\frac{2a\\alpha P1}{a+a\\alpha})^2}{(\\frac{(a-a\\alpha) P1}{a+a\\alpha})^1} \\Rightarrow Kp_1 = \\frac{4\\alpha^2}{1 - \\alpha^2}P_1$$ <table style=\"text-align: center\"><tr><td></td> <td>Z</td><td>&nbsp&nbsp&nbsp~~\\rightleftharpoons~~&nbsp&nbsp&nbsp</td><td>P</td><td>+</td><td>Q</td></tr><tr><td>t=t<sub>eq</sub>&nbsp</td><td>~~c-c\\alpha~~</td> <td></td> <td>~~c\\alpha~~</td><td></td><td>~~c\\alpha~~</td></tr></table> $$Kp_2 = \\frac{(\\frac{c\\alpha P2}{c+a\\alpha})^2}{(\\frac{(c-c\\alpha) P2}{c+c\\alpha})^1} \\Rightarrow Kp_2 = \\frac{4\\alpha^2}{1-\\alpha^2}P_2$$ $$\\frac{Kp_1}{Kp_2} = \\frac{4P_1}{P_2} \\Rightarrow \\frac{1}{9} = \\frac{4P_1}{P_2} \\Rightarrow \\frac{P_1}{P_2} = \\frac{1}{36} $$</p>',63,1,'',2,NULL,'',0,0,0,0,0,0,0,4,-1,0,0,0,0),
	(31,'<p>XY<sub>2</sub> dissociates as:$$XY_{2(g)} \\rightleftharpoons XY_{(g)} + Y_{(g)}$$ When the initial pressure of XY<sub>2</sub> is 600 mm of Hg, the total equilibrium pressure is 800 mm Hg. Calculate K<sub>P</sub> for the reaction, assuming that the volume of the system remains unchanged</p>','50|:100|:166.6|:400','2','<p><table style=\"text-align: center\"><tr><td></td><td> ~~XY_{2(g)}~~</td><td>~~\\rightleftharpoons~~</td> <td> ~~XY_{(g)}~~</td><td> +</td><td>~~Y_{(g)}~~</td></tr><tr><td>t=0&nbsp</td><td>600</td><td></td><td>-</td><td></td><td>-</td></tr><tr><td>t=t<sub>eq</sub>&nbsp</td><td>600-x</td><td></td><td>x</td><td></td><td>x</td></tr></table> $$(P_T)_{eq} = 600 + x = 800 $$ $$\\Rightarrow x = 200$$ $$K_{p} = \\frac{x.x}{600-x} = \\frac{200.200}{600-200} = 100mm Hg$$</p>',63,1,'',2,NULL,'',0,0,0,0,0,0,0,4,-1,0,0,0,0),
	(32,'<p>Consider the reaction, $$A^- + H_2O \\rightleftharpoons  HA + OH^-$$ The K_a value for acid HA is 1.0 X 10<sup>-6</sup>. What is the value of K for this reaction?</p>','1.0 X 10<sup>6</sup>|:1.0 X 10<sup>-8</sup>|:1.0 X 10<sup>8</sup>|:1.0 X 10<sup>-5</sup>','1','<p> $$ A^- + H_2O \\rightleftharpoons HA + OH^-$$ K<sub>c</sub> = K<sub>w</sub> / K<sub>a</sub><br>= 10<sup>-14</sup> / 10<sup>-6</sup> <br> = 10<sup>-8</sup> </p>',63,1,'',3,NULL,'',0,0,0,0,0,0,0,4,-1,0,0,0,0),
	(33,'<p>A ball thrown vertically upwards with a velocity \'u\' reaches a maximum height of \'h\'. If the maximum height reached by the ball is to be doubled, then it should be thrown up with velocity</p>','2u|:4u|:~~\\sqrt2u~~|:~~\\sqrt3u~~','2','<img src=\"../api/resources/questions/s3q1img1.jpg\"\n><p>By conservation of mechanical energy $$mgh = \\frac{1}{2}mu^2$$ For double height:$$mg(2h) = \\frac{1}{2}mv^2$$ $$\\Rightarrow v^2 = 2u^2 $$ $$ v = \\sqrt2 u $$</p>',34,1,'',1,NULL,'../api/resources/questions/s3q1img1.jpg',0,0,0,0,0,0,0,4,-1,0,0,0,0),
	(34,'<p>A simple pendulum is released from the horizontal position \'H\' as shown. If \'m\' denotes the mass of the bob and \'l\' the length of the pendulum, the gain in KE at the position P is</p>\n','~~\\frac{\\sqrt3mgl}{2}~~|:~~\\frac{mgl}{2}~~|:~~\\frac{mgl}{\\sqrt2}~~|:~~mgl~~','0','<p>By conservation of energy between positions H \nand P<br>&nbsp&nbsp mg(l cos 30<sup>o</sup>) = 1/2 mv<sup>2</sup> - 0<br><br>&nbsp&nbsp KE = mgl cos 30<sup>o</sup> = ~~\\frac{\\sqrt3mgl}{2}~~<br> <img src=\"../api/resources/questions/s3q2img1.jpg\" \n></p>',34,1,'',2,NULL,'../api/resources/questions/s3q2img1.jpg',0,0,0,0,0,0,0,4,-1,0,0,0,0),
	(35,'<p>If the PE of the particle that moves along the x-axis under the action of a single conservative force is given by: $$U(x) = \\frac{a}{x^2} - \\frac{b}{x^3} $$ Then the PE of the particle at equilibrium is:</p>','$$\\frac{27b^3}{a^2}$$|:$$\\frac{4a^3}{27b^2}$$|:0|:$$\\frac{4b^3}{27a^2}$$','2','<p>U(x) = a/x<sup>2</sup> - b/x<sup>3</sup><br><br>Since F = -dU/dx<br><br>\nF = 2a/x<sup>3</sup> - 3b/x<sup>4</sup><br><br>\nAt equilibrium F = 0 => x = 3b/2a (substituting in U(x))\n$$\\Rightarrow U =\\frac{4a^3}{27b^2}$$</p>\n',35,1,'',1,NULL,'',0,0,0,0,0,0,0,4,-1,0,0,0,0),
	(36,'<p>The PE of a spring that is stretched by 1 cm is \'U\'. If it is stretched further by 2cm, the PE stored in it becomes</p>','2U|:3U|:8U|:9U','3','<p>$$(\\Delta x)_{initial} = 1 cm = 1/100 m$$\n$$(\\Delta x)_{final} = (1 + 2 ) cm = 3/100 m$$\n$$U_{final}  = \\frac{1}{2} k (\\Delta x)^2_{initial}$$\n $$ = \\frac{1}{2} k (\\frac{3}{100})^2 = 9 U_{initial}$$</p>',35,1,'',1,NULL,'',0,0,0,0,0,0,0,4,-1,0,0,0,0),
	(37,'<p>Based on the paragraph, answer the following. <br><br>Maximum elongation in the spring will be\n</p>','x/2|:x|:2x|:3x','1','<p>Let the velocities at some instant be V<sub>a</sub> and V<sub>b</sub> of block \'a\' and \'b\' as shown </p><img src=\"../api/resources/questions/s3q5img1.jpg\"><p>As there is no external force acting on the system of the two blocks, their momentum must be conserved<br><br>\nInitial momentum (when released) = 0<br><br> $$m_bV_b - m_aV_a =0  \\Rightarrow m_bV_b = m_aV_a$$ Elongation will be maximum when V<sub>a</sub> and V<sub>b</sub> become zero.<br><br>By conservation of energy:<br>$$\\frac{1}{2}kx^2 + \\frac{1}{2} m_a0^2 + \\frac{1}{2} m_b0^2 = \\frac{1}{2}k(\\Delta l)^2 + \\frac{1}{2} m_a0^2 + \\frac{1}{2} \nm_b0^2$$\n~~ \\Rightarrow \\Delta~~l= x (max elongation)</p>',35,1,'',2,1,'../api/resources/questions/s3q5img1.jpg',0,0,0,0,0,0,0,4,-1,0,0,0,0),
	(38,'<p>Based on the paragraph, answer the following.<br><br>KE<sub>a</sub>/KE<sub>b</sub> when the spring attains its natural length will be</p>','1/8|:1/2|:2|:1/2~~\\sqrt2~~','2','<p>Let the velocities at some instant be V<sub>a</sub> and V<sub>b</sub> of block \'a\' and \'b\' as shown </p><img src=\"../api/resources/questions/s3q6img1.jpg\"><p>As there is no external force acting on the system of the two blocks, their momentum must be conserved<br><br>\nInitial momentum (when released) = 0<br><br>$$m_bV_b - m_aV_a =0  \\Rightarrow m_bV_b = m_aV_a$$ Elongation will be maximum when V<sub>a</sub> and V<sub>b</sub> become zero.$$\\frac{KE_a}{KE_b} = \\frac{1/2m_av_a^2}{1/2m_bv_b^2} = \\frac{m_av_a.v_a}{m_bv_b.v_b}=\\frac{v_a}{v_b}=\\frac{m_b}{m_a}$$ =>KE<sub>ratio</sub> = 2</p>\n',35,1,'',3,1,'../api/resources/questions/s3q6img1.jpg',0,0,0,0,0,0,0,4,-1,0,0,0,0),
	(39,'<p>A body at rest, under the action of a constant force attains a velocity V in time T. The instantaneous power delivered to the body at time \'t\' is proportional to (for t<T)</p>','$$\\frac{V}{T}t$$|:$$\\frac{V^2}{T}t^2$$|:$$\\frac{V^2}{T^2}t$$|:$$\\frac{V^2}{T^2}t^2$$','2','<p>P = Fv  (v is the velocity at time \'t\')<br><br>Given velocity is V after time T<br><br>Ta + 0 = V &nbsp &nbsp v = 0 + at<br><br>v/t = V/T, hence v = Vt/T<br><br>F = m x a = mV/T $$P = m\\frac{V^2}{T^2}t$$</p> ',34,1,'',2,NULL,'',0,0,0,0,0,0,0,4,-1,0,0,0,0),
	(40,'<p>A particle of mass \'m\' moves along a straight line on a smooth horizontal surface under the action of a force that develops a constant power \'P\'. Distance covered by the particle as its speed increases from v to 2v is</p>','$$\\frac{7mv^3}{3P}$$|:$$\\frac{9mv^3}{5P}$$|:$$\\frac{12mv^3}{5P}$$|:$$\\frac{11mv^3}{7P}$$','0','<p> Constant Power  P = Fv<br> $$P = m\\frac{dv}{dt}v$$ $$P = mv\\frac{dv}{dx}\\frac{dx}{dt} \\Rightarrow P = mv^2\\frac{dv}{dx}$$ Integrating&nbsp&nbsp ~~\\int_{x}^{x+d}P.dx = \\int_{v}^{2v}mv^2.dx~~ $$P*d = \\frac{Tmv^3}{3}$$ $$\\Rightarrow d = \\frac{7mv^3}{3P} $$</p>',34,1,'',3,NULL,'',0,0,0,0,0,0,0,4,-1,0,0,0,0),
	(41,'<p> A block moving with a speed of 5 m/s on a smooth horizontal surface compresses a spring of spring constant 100 N/m attached to a wall by a maximum extent of 10cm. Work done by the spring force on the block (until maximum compression) is :</p><img src=\"../api/resources/questions/41img1.jpg\" height = \"200\">','+5J|:-5J|:+0.5J|:-0.5J','3','<p> $$W_{spring force}   = -(1/2 kx_{max}^2)$$ $$ = -1/2 (100) (10/100)^2 $$   = -0.5 J</p>',35,1,'',2,NULL,'../api/resources/questions/s3q9img1.jpg',0,0,0,0,0,0,0,4,-1,0,0,0,0),
	(42,'<p>An object of mass 4 kg is dropped from a height  of 20 m above the ground in atmospheric air. It reaches the ground with a speed of 16m/s falling vertically. Work done by air drag on the body is : </p>','288 J|:-288 J|:512 J|:-512 J','1','<p>By the work energy theorm: </p><img src=\"../api/resources/questions/s3q10img1.jpg\" height = \"200\"><p><table style= \"text-align: center\"><tr><td>Work Done by All Forces on a Particle</td><td> &nbsp&nbsp=&nbsp&nbsp </td><td>Change in KE of the Particle</td></tr><tr><td>W<sub>gvt</sub> + W<sub>airdrag</sub></td><td> &nbsp&nbsp=&nbsp&nbsp </td><td>~~\\Delta~~KE</td></tr></table> <br>\nmgh + W<sub>airdrag</sub> = 1/2 x 4 x 16<sup>2</sup> - 0<br><br>\nW<sub>airdrag</sub> = -288 J </p>',34,1,'',1,NULL,'../api/resources/questions/s3q10img1.jpg',0,0,0,0,0,0,0,4,-1,0,0,0,0),
	(43,'<p>A block of mass 4kg falls on a light spring fixed to the ground from a height of 15 cm above the spring. If the spring constant is 2000 N/m, maximum compression in the spring will be:</p>\n','~~\\sqrt{15}cm~~|:2~~\\sqrt{15} cm~~|:10 cm|:20 cm','2','<p>Let the maximum compression in the spring be x cm. <br><br>At the instant of maximum compression vel of block = 0<br><br>By conservation of energy $$ \\frac{mg(h+x)}{100} = \\frac{1}{2}k(\\frac{x}{100})^2$$ => x = 10 cm</p>',34,1,'',2,NULL,'',0,0,0,0,0,0,0,4,-1,0,0,0,0),
	(44,'<p>An object of mass 4kg is moving along the +ve x-axis starting from the origin at t=0, such that its position x varies with time t as x<sup>2</sup> = 16t<sup>3</sup> ; x is in mts and t is in seconds. \nWork done on the object as a function of time can be shown as:</p>','<img src=\"../api/resources/questions/s3q12img1.jpg\" height = \"200\">|:<img src=\"../api/resources/questions/s3q12img2.jpg\" height = \"200\">|:<img src=\"../api/resources/questions/s3q12img3.jpg\" height = \"200\">|:<img src=\"../api/resources/questions/s3q12img4.jpg\">','2','<p>x<sup>2</sup> = 16t<sup>3</sup> &nbsp&nbsp=>&nbsp&nbsp  x = 4t<sup>3/2</sup> <br>Differentiating, we get &nbsp  ~~v = 4 * 3/2 *t^{1/2} = 6\\sqrt t~~<br>\nFurther differentiating,  &nbsp a = ~~6 * 1/2 * t^{-1/2} = 4\\sqrt t~~\n<br><br>\nF = ma = 12/\\sqrt t<br>Also v = dx/dt = ~~6\\sqrt t~~  &nbsp=>&nbsp dx = 6\\sqrt t.dt<br>dW = F.dx = 72.dt<br> dW = F.dx = 72.dt <br>W = ~~\\int_{0}^{t} 72.dt = 72t~~<br><br>W = 72t</p>',35,1,'',3,NULL,'../api/resources/questions/s3q12img1.jpg|:../api/resources/questions/s3q12img2.jpg|:../api/resources/questions/s3q12img3.jpg|:../api/resources/questions/s3q12img4.jpg',0,0,0,0,0,0,0,4,-1,0,0,0,0),
	(45,'<p> Work done from t=3 seconds to t=5 seconds is </p>','72 J|:144 J|:100 J|:88 J','1','<p> dW = F.dx = 72.dt <br><br>W = ~~\\int_{3}^{5}72.dt = 144J~~<br><br>W = 144 J </p>',34,1,'',3,NULL,'',0,0,0,0,0,0,0,4,-1,0,0,0,0),
	(46,'<p> A man weighing 80 kgs is standing on a trolley weighing 320 kgs. The trolley is resting on frictionless horizontal rails. If the man starts walking on the trolley along the rails with a speed of 1m/s relative to the trolley, then after 4 seconds, the magnitude of his displacement relative to the ground will be </p>','5m|:4m|:3m|:3.2m','3','<p> Lets consider right side as +ve x direction </p> <img src=\"../api/resources/questions/s3q14img1.jpg\" height = \"200\"><p>~~_t\\vec{V}_m = \\hat{i}~~ &nbsp&nbsp ~~\\vec{V}_t = -v\\hat{i}~~<br><br>~~\\vec{V}_m = _t\\vec{V}_m + \\vec{V}_t~~<br><br>&nbsp&nbsp= ~~(1-v)\\hat{i}~~<br><br>As no external force acts on the trolley man system in the horizontal direction, the momentum of the system in the horizontal direction must be conserved. <br><br>&nbsp&nbsp~~M_{man}V_m + M_{trolley}V_t = 0~~   (initial momentum)<br><br>&nbsp&nbsp ~~80 (1-v)\\hat{i} - 320v\\hat{i} = 0~~ <br><br> ~~=> 1-v = 4v <br>=> v = 1.5m/s~~<br>~~=>\\vec{V}_m=4/5\\hat{i} \\Rightarrow \\left |\\Delta\\vec{r}\\right| = 4/5* 4 = 3.2m~~ </p>',35,1,'',2,NULL,'../api/resources/questions/s3q14img1.jpg',0,0,0,0,0,0,0,4,-1,0,0,0,0),
	(47,'<p> An object of mass \'m\' moving with velocity \'v\' is directly approaching another object of the same mass at rest. The K.E. of this system as viewed from the center of mass of their system is </p>','(mv<sup>2</sup>)/4|:(mv<sup>2</sup>)|:(mv<sup>2</sup>)/8|:(mv<sup>2</sup>)/2','0','<p> Lets consider right side as +ve x direction</p><img src=\"../api/resources/questions/s3q15img1.jpg\" height = \"200\"><p> $$\\vec{V}_{cm}=\\frac{m_1\\vec{V}_1+m_2\\vec{V}_2}{m_1+m_2}$$ &nbsp &nbsp &nbsp v/2(towards right) <br><br> ~~KE_{from\\, center\\, of\\, mass}~~ = 1/2 m(-v/2)<sup>2</sup> + 1/2 m(v/2)<sup>2</sup> <br> = 1/4 mv<sup>2</sup> </p>',33,1,'',2,NULL,'../api/resources/questions/s3q15img1.jpg',0,0,0,0,0,0,0,4,-1,0,0,0,0),
	(48,'<p> Particle \'x\' (mass = 4kg) and \'y\'(mass = 9kg) move directly towards each other, collide and then separate moving away from each other. If ~~\\Delta \\vec{v_x}~~ is change in velocity of x, and ~~\\Delta\\vec{v_y}~~ that of y, then, $$\\frac{\\left|\\Delta \\vec{v_x}\\right|} {\\left|\\Delta \\vec{v_y}\\right|} \\, is:$$ </p>','4/9|:9/4|:2/3|:3/2','2','<img src=\"../api/resources/questions/s3q16img1.jpg\">&nbsp&nbsp&nbsp&nbsp<img src=\"s3q16img2.jpg\" height = \"200\"><p> Let direction towards right be +ve direction $$\\Delta \\vec{v_y}  = v_2 \\hat{i} -(-u_2 \\hat{i}) = (v_2 + u_2) \\hat{i}$$ $$\\Delta \\vec{v_x}  = -v_1 \\hat{i} -(u_1 \\hat{i}) = -(v_1 + u_1) \\hat{i}$$\nBy conservation of linear momentum $$ 4u_1 \\hat{i} - 9u_2 \\hat{i} = -4v_1\\hat{i} + 9v_2 \\hat{i}$$ $$4(v_1 + u_1) \\hat{i} = 9 (v_2 + u_2) \\hat{i} $$ $$ [\\frac{\\left|\\Delta \\vec{v_x}\\right|} {\\left|\\Delta \\vec{v_y}\\right|}] = \\frac{(v_1+u_1}{v_2+u_2}=\\frac{9}{2}$$</p>',35,1,'',3,NULL,'../api/resources/questions/s3q16img1.jpg|:../api/resources/questions/s3q16img2.jpg',0,0,0,0,0,0,0,4,-1,0,0,0,0),
	(49,'<p>A ball collides directly with another similar ball at rest. K.E. of the system is reduced by half due to the impact. The value of co-efficient of restitution is </p>','1/2|:1/4|:0|:~~1/\\sqrt2~~','2','<img src=\"../api/resources/questions/s3q17img1.jpg\" >&nbsp&nbsp&nbsp&nbsp<img src=\"../api/resources/questions/s3q17img2.jpg\" height = \"200\"> <p>Conserving Momentum: <br>&nbsp&nbsp&nbsp&nbsp mv<sub>1</sub> + mv<sub>2</sub> = mv<br><br>\nand KE is reduced to half:<br>&nbsp&nbsp&nbsp&nbsp~~1/2 [ 1/2 mv^2] = [ 1/2 mv_1^2 + 1/2 mv_2^2] ~~<br><br>\n~~ \\Rightarrow v_1 + v_2 = v~~ and ~~v_1^2 + v_2^2 = v^2/2~~<br><br>~~\\Rightarrow v_1 = v_2 = v/2~~, hence e = 0 </p>',35,1,'',3,NULL,'../api/resources/questions/s3q17img1.jpg|:../api/resources/questions/s3q17img2.jpg',0,0,0,0,0,0,0,4,-1,0,0,0,0),
	(50,'<p>A body of mass 2kg at rest is acted upon by a force as shown in the graph. The magnitude of momentum of the body after 6 seconds is (in N-s)</p>','50|:100|:25|:60','2','<p>By impulse momentum theorem: <br><br>\n~~\\vec{Impulse} = \\vec{\\Delta P}~~ and ~~\\left|\\vec{Impulse}\\right| =~~ Area under F-t graph<br><br>Area = ~~1/2 * 2 * 10 + 10 * (6-2) = 50 N-s~~<br><br>~~\\left|\\vec{P_f} - \\vec{P_i}\\right| = 50~~&nbsp&nbsp&nbsp&nbsp ~~ \\vec{P_i} = 0~~ (starts from rest)<br><br>~~\\left|\\vec{P_f}\\right| = 50 N-s~~</p>',33,1,'',2,NULL,'',0,0,0,0,0,0,0,4,-1,0,0,0,0),
	(51,'<p>Based on the paragraph, answer the following</p><p>Velocity of center of mass of the system (A + B + Spring) before collision is:</p>','~~26 \\hat{i} m/s~~|:~~0 \\hat{i} m/s~~|:~~10 \\hat{i} m/s~~|:~~1\\hat{i} m/s~~\n','3','<p> We can create a table for the velocity of block \'A\' and Block \'B\'. Right direction is given to be +ve x direction <table style=\"text-align: center\" frame = \"border\"> <tr><td></td><td>Velocity (M<sub>a</sub> = 6kg)&nbsp&nbsp</td><td>&nbsp&nbspVelocity (M<sub>b</sub> = 4kg)</td></tr><tr><td> Initial:</td><td>~~3\\hat{i}~~</td><td>-~~2\\hat{i}~~</td></tr><tr><td>Max Compression:</td><td></td><td></td></tr><tr><td>\'A\' at Rest:</td><td>0</td><td></td></tr><tr><td>Final:</td><td></td><td></td></tr></table><br><br>\nInitial energy   = (KE)<sub>Block A</sub> + (KE)<sub>Block B</sub> + (PE)<sub>Spring</sub> <br>\n&nbsp&nbsp&nbsp&nbsp&nbsp&nbsp&nbsp     = 1/2 * 6 * 32  + 1/2 * 4 * 22 + 0 = 35J <br><br>\nInitial momentum  = ~~\\left|\\vec{(M_aV_a)}_{initial} + \\vec{(M_bV_b)}_{initial}\\right| ~~<br>\n&nbsp&nbsp&nbsp&nbsp     = 6 * 3 + 4 * (-2) = 10 N-s <br><br>\nCalculating the velocity of center of mass (V<sub>cm</sub>) <br><br>\n~~V_{cm}  = (m_aV_a + m_bV_b) / (m_a + m_b)~~<br> ~~= (18 \\hat{i} - 8 \\hat{i}) / 10 ~~<br>~~ = \\hat{i}~~ </p>',33,1,'',2,2,'',0,0,0,0,0,0,0,4,-1,0,0,0,0),
	(52,'<p>Based on the paragraph, answer the following. <ul> <li>Let LM denote Linear Momentum of system,</li><li>KE denote Kinetic Energy of the system,</li><li>ME denote Mechanical Energy of the system</li></ul>Then, which of the following is conserved<br></p>','LM & KE|:Only KE|:LM &ME|:Only LM','2','<p> Let the system be: Block A, Block B & Spring<br><br>Since there is no external force on the system in the horizontal direction : <br>\n<ol><li>Linear momentum of the system in horizontal direction must be conserved</li>\n<li>Velocity of center of mass of the system will be a constant</li></ol><br>\nAlso mechanical energy of the system will be conserved as there are no dissipative forces acting on the system</p>',34,1,'',3,2,'',0,0,0,0,0,0,0,4,-1,0,0,0,0),
	(53,'<p> Based on the paragraph, answer the following. <br><br>Final velocity of A is </p>','~~\\hat{i} m/s~~|:~~ -\\hat{i} m/s~~|:~~0 \\hat{i} m/s~~|:~~5/3 \\hat{i} m/s~~','1','<p> The block will separate when spring comes back to the natural length (let v<sub>1</sub>, v<sub>2</sub> be the velocities): <br><br>\nBy COLM  6v<sub>1</sub> + 4v<sub>2</sub> = 10<br>\nBy COE     ~~1/2 * 6 * v_1^2 + 1/2 * 4 * v_2^2 = 35~~<br><br>  On solving<br>\n&nbsp&nbsp&nbsp&nbsp v<sub>1</sub> = 3, -1 <br><br>Final velocity of ~~A = -\\hat{i}~~ </p>',34,1,'',2,2,'',0,0,0,0,0,0,0,4,-1,0,0,0,0),
	(54,'<p> Based on the paragraph, answer the following.<br><br>Final velocity of the center of mass of the system (A + B + spring) is </p>','~~\\hat{i} m/s~~|:~~5/3 \\hat{i} m/s~~|:~~10 \\hat{i} m/s~~|:~~5/2 \\hat{i} m/s~~','0','<p> Since there is no external force on the system in the horizontal direction :<br>\n<ol><li>Linear momentum of the system in horizontal direction must be conserved</li><li>Velocity of center of mass of the system will be a constant</li><ol><br>Hence as in Q19, the velocity V<sub>cm</sub> is ~~\\hat{i}~~ </p>',34,1,'',2,2,'',0,0,0,0,0,0,0,4,-1,0,0,0,0),
	(55,'<p> Based on the paragraph, answer the following. <br><br>When block \'A\' comes to momentary rest during the compression process, the velocity of block \'B\' is </p>','0 m/s|:~~5/3 \\hat{i} m/s~~|:~~5/2 \\hat{i} m/s~~|:~~\\hat{i} m/s~~','2','<p> When block \'A\' comes to rest v<sub>a</sub> = 0<br><br>By conservation of linear momentum (COLM) <br><br>~~6 * 0 + 4 * v_b\\hat{i} = ~~ Initial Momentum ~~= 10 \\hat{i} ~~<br>  $$\\Rightarrow v_b = 10/4 \\hat{i} = 5/2 \\hat{i}$$ </p>',34,1,'',2,2,'',0,0,0,0,0,0,0,4,-1,0,0,0,0),
	(56,'<p> Based on the paragraph, answer the following.<br><br>When block \'A\' comes to momentary rest during the compression process, the compression in the spring is (in cms) </p>','~~6\\sqrt{3}~~|:~~6\\sqrt{2}~~|:9|:12','3','<p> Let x cm be the compression, applying conservation of energy (COE):$$ 1/2 * kx^2/100^2 + 0 + 1/2 * 4 * 25/4 = 35 $$ On Solving:<br>  $$x = 6\\sqrt{3} cm$$ </p>',34,1,'',2,2,'',0,0,0,0,0,0,0,4,-1,0,0,0,0),
	(57,'<p> Based on the paragraph, answer the following. <br><br>The maximum compression in the spring is (in cms)</p>','~~6\\sqrt{3}~~|:12|:15|:9','3','<p> During max compression ~~v_a = v_b~~, by COLM<br><br> ~~6 * v_a + 4 * v_b = 10 \\hat{i}~~ <br><br>~~v_a = v_b = \\hat{i}~~<br><br>By COE :<br> &nbsp &nbsp &nbsp ~~1/2 * kx_2 + 1/2 * (6+4) * 1^2 = 35~~ <br><br> On solving: x = 12 cm </p>',34,1,'',2,2,'',0,0,0,0,0,0,0,4,-1,0,0,0,0),
	(58,'<p>A single force acting on a body exerts an impulse J changing its speed from u to v. The direction of force and the object\'s motion are along the same line. Then the work done by force is: </p>','~~J(v-u)~~|:~~J(v+u)~~|:$$J\\frac{(v+u)}{2}$$|:$$J\\frac{(v-u)}{2}$$','2','<p>By Work-Energy Theorem (W = ~~\\Delta~~KE) <br>\n W = 1/2 mv<sup>2</sup> - 1/2 mu<sup>2</sup>    - eqn 1 <br><br>\n\nBy Impulse-Momentum Theorem (Impulse = ~~\\Delta~~ p) <br>\n J = m(v-u)    - eqn 2 <br><br>\n \nFrom eqn 1 <br>\n W = m/2 (v-u) (v+u)<br>\nSubstituting value from eqn 2 $$W = J\\frac{v+u}{2}$$',35,1,'',1,0,'',0,0,0,0,0,0,0,4,-1,0,0,0,0),
	(59,'<p> A uniform rod of length \'L\' and density \'~~\\rho~~\' is pulled along a smooth horizontal floor with acceleration \'a\' by applying a horizontal force at one of its ends. Then the magnitude of the stress developed at the transverse cross-section through the midpoint of the rod is: </p>','~~\\rho~~La|:1/2~~\\rho~~La|:2~~\\rho~~La|:4~~\\rho~~La','1','<img src = \"../api/resources/questions/s4q2img1.jpg\"> <br>Cross-section of midpoint is shown - <br> \n $$ F = m * a$$\n $$= (\\rho AL) * a $$\n\nAt the midpoint, tension developed = F/2 <br> <br>\n\nAnd Stress = Force / Area = F/2A = ~~1/2 \\rho La~~\n',35,1,'',2,0,'../api/resources/questions/s4q2img1.jpg',0,0,0,0,0,0,0,4,-1,0,0,0,0),
	(60,'<p> A 2kg block rests on a frictionless incline of angle 30<sup>o</sup> supported by a spring as shown in the figure. Spring constant of the spring is 10 N/m. If the block is pulled down the incline 1 meter from the original position shown in the figure and then released, the spring force of the spring at the instant of release will be : </p><img src = \"../api/resources/questions/s4q3img1.jpg\">','10N|:5N|:15N|:20N','3','<p>At initial position ~~k(\\rho~~x) = mg sin~~\\Theta~~ <br><br>$$ \\Delta x = \\frac{2 *10 *1/2}{10} = 1m$$ Block is pulled further down by 1m <br><br>Hence total elongation = 2m <br><br>Spring Force = 2 x k = 20N </p>',35,1,'',1,0,'../api/resources/questions/s4q3img1.jpg',0,0,0,0,0,0,0,4,-1,0,0,0,0),
	(61,'<p> In the figure shown below, Initially the spring (of a spring constant\'k\') is unstretched when the block of mass \'m\' is released from rest. Assuming all contacting surfaces to be smooth.\nThe maximum stretch in the spring after the block is released will be: \n</p><img src = \"../api/resources/questions/s4q3img1.jpg\"> ','mg/k|:2mg/k|:mg/2k|:4mg/k','0','<p>Constraint relationship <br>\n~~x_1 + (x_1 - x_2) + \\pi~~ a = constant (length of string)\n\'a\' is radius of pulley and is also a constant </p> <img src = \"../api/resources/questions/q61img2.jpg\"> <p>Therefore, <br>   ~~2x_1 - x_2 = c~~ <br><br> For a change in x<sub>1</sub>, x<sub>2</sub> will be constrained as <br><br>    ~~ 2\\Delta x_1 - \\Delta x_2 = 0  \\Rightarrow \\Delta x_2 = 2\\Delta x_1~~ <br><br> When the spring stretches by length ~~(\\Delta x_2 = \\Delta l)~~ the pulley will move down by length ~~\\Delta x_1 = \\Delta l/2~~<br><br> <p>The stretch in the spring will be maximum when the block moves down and comes to momentary rest again. <br><br>\nConserving energy between this point and initial state: <br>  mg (~~\\Delta l/2) = 1/2k (\\Delta l)2 \\Rightarrow \\Delta l = mg/k~~</p>',35,1,'',1,0,'../api/resources/questions/s4q4img1.jpg|:../api/resources/questions/s4q4img2.jpg',0,0,0,0,0,0,0,4,-1,0,0,0,0),
	(62,'<p>In the figure shown below (spring constant \'k\'), assuming all contacting surfaces to be smooth. <br>\nThe stretch in the spring when the system is in equilibrium will be \n</p><img src = \"../api/resources/questions/s4q5img1.jpg\">','mg/k|:2mg/k|:mg/2k|:4mg/k','1','<p> Free Body Diagram at equilibrium </p><img src = \"../api/resources/questions/s4q5img2.jpg\"> <p> Let x be elongation in the spring at equilibrium. <br><br> kx = T/2 (for spring) <br>\nT = mg (for block) <br>\n=> x = mg/2k',35,1,'',2,0,'../api/resources/questions/s4q5img1.jpg|:../api/resources/questions/s4q5img2.jpg',0,0,0,0,0,0,0,4,-1,0,0,0,0),
	(63,'<p> 3 blocks of mass 1kg, 2kg and 3kg are in contact with each other on a frictionless horizontal floor. A horizontal force is applied so that all the blocks move together with a constant acceleration on 2m/s <sup>2</sup>. The contact force between block 1 and block 2 is: </p><img src = \"../api/resources/questions/s4q6img1.jpg\"> ','6N|:10N|:4N|:9N','1','<p> Free Body Diagram of blocks - </p> <img src = \"../api/resources/questions/s4q6img2.jpg\">  <p> $$F - N_1 = 1 * a$$\n$$N_1 - N_2 = 2 * a$$\n$$N_2 = 3 * a $$\nPutting a = 2m/~~s^2~~ and solving \n$$N_1 = 10N$$',35,1,'',3,0,'../api/resources/questions/s4q6img1.jpg|:../api/resources/questions/s4q6img2.jpg',0,0,0,0,0,0,0,4,-1,0,0,0,0),
	(64,'<p>3 blocks of mass 2kg, 3kg, 5kg are connected by two light massless inextensible string as shown and lie on a smooth horizintal table. A force F = 20 N is applied on the 5 kg block. Tension in the string connecting the 3 kg and 5 kg blocks is:  (F to be updated on 5 kg block)</p><img src = \"../api/resources/questions/s4q7img1.jpg\"> ','6N|:8N|:16N|:10N','3','<p> Free Body Diagrams of blocks -</p><img src = \"../api/resources/questions/s4q7img2.jpg\"> <p> $$20 - T_1 = 5a$$ $$T_1 - T_2 = 3a$$ $$T_2 = 2a$$\nAdding the above equations\n$$ 10a = 20 \\Rightarrow a = 2m/s^2 $$\n$$T_1 = 10 N$$',34,1,'',2,0,'../api/resources/questions/s4q7img1.jpg|:../api/resources/questions/s4q7img2.jpg',0,0,0,0,0,0,0,4,-1,0,0,0,0),
	(65,'<p>The equal weights A, B & C of mass 3 kg each are hanging on two light strings passing over a smooth fixed pulley as shown. When the system is released the tension in the string connecting weights \'B\' and \'C\' is: </p><img src = \"../api/resources/questions/s4q8img1.jpg\"> ','20N|:15N|:6N|:9N','0','<p>Free Body Diagrams of blocks -</p><img src = \"../api/resources/questions/s4q8img2.jpg\"> <img src = \"../api/resources/questions/s4q8img3.jpg\"> <p>Newton\'s II-Law for the 3 blocks, A: [T<sub>1</sub>-mg = ma]  B: [mg +T<sub>2</sub> - T<sub>1</sub>= ma] C: [mg-T<sub>2</sub> = ma] <br><br>On Adding mg = 3ma, <br>Therefore, a = g/3 and T<sub>2</sub> = 20N',34,1,'',3,0,'../api/resources/questions/s4q8img1.jpg|:../api/resources/questions/s4q8img2.jpg|:../api/resources/questions/s4q8img3.jpg',0,0,0,0,0,0,0,4,-1,0,0,0,0),
	(66,'<p> Two blocks \'A\' and \'B\' of mass m<sub>a</sub> and m<sub>b</sub> are connected together by a light massless spring on a smooth floor. A force \'F\' acts on mass \'B\' as shown. At the instant shown the block \'A\' has an acceleration \'a\' towards right. What is the acceleration of block \'B\' with respect to block \'A\'</p><img src=\"../api/resources/questions/s4q9img1.jpg\">','$$\\frac{F-(m_a+m_b)a}{m_b}$$|:$$\\frac{F+(m_a+m_b)a}{m_b}$$|:$$\\frac{F-(m_a+m_b)a}{m_a}$$|:$$\\frac{F-(m_a-m_b)a}{m_a}$$','0','<p>Free Body Diagrams of blocks - </p><img src=\"../api/resources/questions/s4q9img2.jpg\"><img src=\"../api/resources/questions/s4q9img3.jpg\"> <p>\n  <table> <tr><td>Block A:</td><td><td>&nbsp &nbsp &nbsp &nbsp></td><td>Block B:</td></tr><tr> kx = m<sub>a</sub>a</td><td></td><td> F - kx = m<sub>b</sub>a<sup>\'</sup><br> F - m<sub>a</sub>a = m<sub>b</sub>a<sup>\'</sup></td></tr></table>\nAcceleration of B relative to A  = a<sub>b</sub> - a<sub>a</sub> <br>\n     =$$a^{\'} - aa^{\'} - a = \\frac{F}{m_b}a - \\frac{m_a}{m_b}a = \\frac{F-(m_a+m_b) a} {m_b}$$',35,1,'',2,0,'../api/resources/questions/s4q9img1.jpg|:../api/resources/questions/s4q9img2.jpg|:../api/resources/questions/s4q9img3.jpg',0,0,0,0,0,0,0,4,-1,0,0,0,0),
	(67,'<p>The ~~\\Delta~~l of the spring when the block \'B\' just leaves contact from the wall is:</p>','~~+\\sqrt{\\frac{m}{k}v}~~|:~~+2\\sqrt{\\frac{m}{k}v}~~|:~~-\\sqrt{\\frac{m}{k}v}~~|:0','3','<p>Block \'B\' will leave contact from the wall when the spring force begins to act on it towards right. <br><br>Initially the spring compresses then comes back to natural length and then starts to elongate.<br><br>At this point, it just starts to elongate, the direction of force on Block B will be towards right and it leaves contact.<br><br>We know that at natural length, ~~\\Delta~~l = 0</p>',34,1,'',1,3,'',0,0,0,0,0,0,0,4,-1,0,0,0,0),
	(68,'<p>The speed of block \'A\' when block \'B\' just leaves contact from the wall is  </p>','2v|:v|:0|:~~\\sqrt{2}~~','1','<p>Block \'B\' will leave contact from the wall when the spring force begins to act on it towards right. <br><br>Initially the spring compresses then comes back to natural length and then starts to elongate. At this point, the direction of force on Block B will be towards right and it leaves contact.<br><br>By conservation of energy at this point:\n 1/2 mv<sup>2</sup> = 1/2 mv<sub>A</sub><sup>2</sup> (since ~~\\Delta~~l = 0)<br>  Therefore, v<sub>A</sub> = v  \n<br><br>Also note that the maximum elongation in the spring will be when both blocks move towards right with speed v/2</p>',34,1,'',2,3,'',0,0,0,0,0,0,0,4,-1,0,0,0,0),
	(69,'<p>A block of mass 20kg is suspended through two light spring balances as shown in the figure.<br>Then,<img src=\"../api/resources/questions/s4q12img1.jpg\"></p>','Both will show not reading|:Lower scale will show 20 kg reading and upper scale 0 kg|:Both will show 20 kg reading|:Their readings are in between 0 and 20 kg with their sum = 20kg','2','<p>Spring balance reads the force that acts on the spring side of the spring balance: <br> Free Body Diagram of the objects</p><img src=\"../api/resources/questions/s4q12img2.jpg\"><p>T = N = N<sup>\'</sup> = 20 kgf</p>',35,1,'',3,0,'../api/resources/questions/s4q12img1.jpg|:../api/resources/questions/s4q12img2.jpg',0,0,0,0,0,0,0,4,-1,0,0,0,0),
	(70,'<p>Reading of spring balance (A)~~\\rightarrow ~~X1 and spring balance (B)~~\\rightarrow~~X2 then </p><img src=\"../api/resources/questions/s4q13img1.jpg\"><img src=\"../api/resources/questions/s4q13img2.jpg\">','X<sub>1</sub> = X<sub>2</sub> = 8g|:X<sub>1</sub> < 8g , X<sub>2</sub> = 8g|:X<sub>1</sub> = 8g , X<sub>2</sub> < 8g|:X<sub>1</sub> > 8g , X<sub>2</sub> = 8g','1','<p>Making Free Body Diagrams: </p> <img src=\"../api/resources/questions/s4q13img3.jpg\"><img src=\"../api/resources/questions/s4q13img4.jpg\"><p>T<sub>1</sub> = 6g<br>T<sub>2</sub> = 8g\n',34,1,'',3,0,'../api/resources/questions/s4q13img1.jpg|:../api/resources/questions/s4q13img2.jpg|:../api/resources/questions/s4q13img3.jpg|:../api/resources/questions/s4q13img4.jpg',0,0,0,0,0,0,0,4,-1,0,0,0,0),
	(71,'<p>A string of negligible mass passing over a clamped pulley of mass \'m\' supports a block of mass \'M\' as shown. The magnitude of force by the clamp on the pulley is: </p><img src=\"../api/resources/questions/71img1.jpg\">','~~\\sqrt{2}mg~~|:~~\\sqrt{2}Mg~~|:~~(\\sqrt{(M+m)^2+m^2g})mg~~|:~~\\sqrt{M+m}^2+M^2g~~','3','<table><tr><td>Free body diagram of pulley:</td><td>&nbsp&nbsp&nbsp&nbsp&nbsp</td><td>Free body diagram of block:</td></tr></table><img src=\"../api/resources/questions/s4q14img2.jpg\"><img src=\"../api/resources/questions/s4q14img3.jpg\"><p>Let F be the force exerted by the clamp $$ F = \\sqrt{(T + mg)^2 + T^2}$$',35,1,'',2,0,'../api/resources/questions/s4q14img1.jpg|:../api/resources/questions/s4q14img2.jpg|:../api/resources/questions/s4q14img3.jpg|:../api/resources/questions/s4q14img4.jpg',0,0,0,0,0,0,0,4,-1,0,0,0,0),
	(72,'<p>The minimum value of \'F\' so that the blocks start sliding on the floor is: </p>','25N|:18N|:15N|:30N','0','<p>For the blocks to move the applied force must overcome the force of maximum static friction at both the blocks. </p><img src=\"../api/resources/questions/s4q15img1.jpg\"><img src=\"../api/resources/questions/s4q15img2.jpg\"><img src=\"../api/resources/questions/s4q15img3.jpg\"><table><tr><td>~~(f_{s1})_{max}~~</td><td>= 0.5 * 3 * 10</td><td>&nbsp&nbsp&nbsp&nbsp</td> <td>~~(f_{s2})_{max}~~</td><td>= 0.5 * 2 * 10</td></tr><tr><td></td><td>= 15N</td><td></td><td></td><td>= 10N</td></tr></table><p>Hence F<sub>min</sub> = 25N and T = 10N </p>',33,1,'',2,4,'../api/resources/questions/s4q15img1.jpg|:../api/resources/questions/s4q15img2.jpg|:../api/resources/questions/s4q15img3.jpg',0,0,0,0,0,0,0,4,-1,0,0,0,0),
	(73,'<p>When F=20 N, The tension in the string is</p>','15N|:10N|:5N|:20N','2','<img src=\"../api/resources/questions/s4q16img1.jpg\"><img src=\"../api/resources/questions/s4q16img2.jpg\"> <p>For F=20 N, Free Body Diagram tells us<br><br>F = 20 N, T = 5 N<br><br>\n f<sub>s1</sub>= 15 N, f<sub>s2</sub>= 5 N\n',35,1,'',3,4,'../api/resources/questions/s4q16img1.jpg|:../api/resources/questions/s4q16img2.jpg',0,0,0,0,0,0,0,4,-1,0,0,0,0),
	(74,'<p>When F=20 N, The ratio of frictional force on the 2 kg block to that on the 3 kg block is</p>','2/3|:1/3|:1|:0','1','<img src=\"../api/resources/questions/s4q17img1.jpg\"><img src=\"../api/resources/questions/s4q17img2.jpg\"><p>From FBD -<br><br>F = 20 N, T = 5 N  f<sub>s1</sub>= 15N, f<sub>s2</sub>= 5N<br><br> f<sub>s2</sub>/f<sub>s1</sub> = 5/15 = 1/3',35,1,'',3,4,'../api/resources/questions/s4q17img1.jpg|:../api/resources/questions/s4q17img2.jpg',0,0,0,0,0,0,0,4,-1,0,0,0,0),
	(75,'<p>Which of the following statements is/are always true. </p>','If the net external force acting on a particle is zero, then the particle must be at rest.|:If a particle is at rest at some particular instant, then the net external force on it must be zero at that instant|:If the speed of a particle is changing with time, then the particle must be accelerated|:If a particle covers 0 distance in time \'st\' then its displacement in that time interval must be 0','2|:3','<p>(A) and (B) contradict Newton\'s laws <br><br>(C) and (D) are correct</p>',33,2,'',2,0,'',0,0,0,0,0,0,0,4,0,0,0,0,0),
	(76,'<p>Then after a very long time: </p>','Block will come to rest with respect to the plank|:Block will fall down from the plank|:Velocity of block will be 4m/s|:Friction force of the block will be 0','0|:2|:3','<p>As there is slipping between the block and the plank, frictional force will be kinetic in nature. </p><img src=\"../api/resources/questions/s4q19img1.jpg\"><img src=\"../api/resources/questions/s4q19img2.jpg\"><p>In the FBDs (only horizontal forces are shown)</p><table><tr><td>~~f_k = \\mu * N~~</td><td>&nbsp&nbsp&nbsp</td><td>= ~~\\mu~~ * (mass of block * g)<br>= 0.5 * 2 * 10 = 10N</td><tr><table><p>Taking right as the +ve direction ~~a_b = -5m/s^2~~ &nbsp &nbsp &nbsp &nbsp ~~a_p = 10/3 m/s^2~~<br><br>~~V_b = 10 - 5t~~ &nbsp &nbsp &nbsp &nbsp ~~ V_p = 0 + 10/3 t~~<br><br>When V<sub>b</sub> = V<sub>p</sub> , slipping will stop and friction force will disappear and both bodies will move together as a single unit. Equating the two -<br><br>10 - 5t = 10/3t <br>T = 1.2 sec<br>V<sub>b</sub> = V<sub>p</sub> = 4m/s </p>',33,2,'',2,5,'../api/resources/questions/s4q19img1.jpg|:../api/resources/questions/s4q19img2.jpg',0,0,0,0,0,0,0,4,0,0,0,0,0),
	(77,'<p>Loss in mechanical energy due to friction after a long time will be:</p>','84J|:60J|:24J|:100J','1','<p>Loss in mechanical energy = KE<sub>initial</sub> - KE<sub>final</sub><br><br> = 1/2 * 2 * 102 - [ 1/2 * 2 * 42 + 1/2 * 3 * 42] = 60J</p>',34,1,'',3,5,'',0,0,0,0,0,0,0,4,-1,0,0,0,0),
	(78,'<p>The position of a particle moving along the x-axis is expressed as x = at<sup>3</sup> + bt<sup>2</sup> + ct + d </p>','6a|:2b|:a+b|:a+c','1','<p>We know that -\n~~\\frac{\\mathrm{d}x }{\\mathrm{d} t} = v \\;\\;\\;\\;\n\\frac{\\mathrm{d}v }{\\mathrm{d} t} = a ~~\n$$\\Rightarrow \\frac{\\mathrm{d^2}x }{\\mathrm{d} t^2} = a$$\n=> Acceleration = 6at + 2b<br>\nSo, at t = 0, acceleration = 2b</p>',34,1,'',1,0,'',0,0,0,0,0,0,0,4,-1,0,0,0,0),
	(79,'<p>A particle projected vertically upwards returns to the ground in time T. Which graph best represents the correct variation of velocity (v) against time (T)  \n</p>','<img src=\"../api/resources/questions/s5q2img1.jpg\" />|:\n<img src=\"../api/resources/questions/s5q2img2.jpg\" />|:\n<img src=\"../api/resources/questions/s5q2img3.jpg\" />|:\n<img src=\"../api/resources/questions/s5q2img4.jpg\" />','0','<p>At t = 0, v = max velocity <br>\nAt t = t/2, v = 0  as it has reached its maximum height <br>\nAt t = t, v = -max velocity when it reaches the bottom <br>\n<br>\nThe graph would look like - <br>\n<img src = \"../api/resources/questions/q79img1.jpg\" />\n </p>',35,1,'',2,0,'../api/resources/questions/s5q2img1.jpg|:\n../api/resources/questions/s5q2img2.jpg|:\n../api/resources/questions/s5q2img3.jpg|:\n../api/resources/questions/s5q2img4.jpg',0,0,0,0,0,0,0,4,-1,0,0,0,0),
	(80,'<p>2 particles are simultaneously projected in opposite directions horizontally from a given point in space where gravity \'g\' is uniform. If u<sub>1</sub> and u<sub>2</sub> be their initial speeds, then the time \'t\' after which their  velocities are mutually perpendicular is given by - \n </p>','$$\\frac{\\sqrt{u_1u_2}}{g}$$|:\n$$\\frac{\\sqrt{u_1^2+u_2^2}}{g}$$|:\n$$\\frac{\\sqrt{u_1(u_1+u_2)}}{g}$$|:\n$$\\frac{\\sqrt{u_2(u_1+u_2)}}{g}$$','0','<p>Drawing the vector diagram: <br>\n<img src=\"../api/resources/questions/s5q3img1.jpg\" /> <br>\n$$tan\\theta=\\frac{gt}{u_1}=\\frac{u_2}{gt}$$\n$$\\Rightarrow (gt)^2 = u_1u_2 $$\n$$\\Rightarrow t = \\frac{\\sqrt{u_1u_2}}{g}$$\n </p>',35,1,'',1,0,'../api/resources/questions/s5q3img1.jpg',0,0,0,0,0,0,0,4,-1,0,0,0,0),
	(81,'<p>The velocity v of a particle as a function of its position (x) is expressed as \n~~v = \\sqrt{c_1 - c_2x}~~\nWhere c<sub>1</sub> and c<sub>2</sub> are positive constants. The acceleration of the particle is:\n</p>','c<sub>2</sub>|:\n(c<sub>1</sub> + c<sub>2)/2</sub>|:\nc<sub>1</sub> - c<sub>2</sub>|:\n-c<sub>2</sub>','3','<p>$$a = \\frac{\\mathrm{d}v }{\\mathrm{d} t} = \\frac{\\mathrm{d}v }{\\mathrm{d} x} \\frac{\\mathrm{d}x }{\\mathrm{d} t}  = v \\frac{\\mathrm{d}v }{\\mathrm{d} x}$$\n\nBut ~~v = \\sqrt{c_1 - c_2x}~~\n\n$$a = \\frac{\\mathrm{d}v }{\\mathrm{d} t} = \\frac{\\mathrm{d}v }{\\mathrm{d} x} \\frac{\\mathrm{d}x }{\\mathrm{d} t}  = v \\frac{\\mathrm{d}v }{\\mathrm{d} x}$$\n\n$$\\therefore a = \\sqrt{c_1 - c_2x}\\;\\:  \\frac{\\mathrm{d} (\\sqrt{c_1 - c_2x)}}{\\mathrm{d} x}) $$\n\n$$a = \\sqrt{c_1 - c_2x}\\;\\:  \\frac{-c_2}{2\\sqrt{c_1 - c_2x}}$$\n\n$$a = -\\frac{c_2}{2} $$ \n</p>',34,1,'',1,0,'',0,0,0,0,0,0,0,4,-1,0,0,0,0),
	(82,'<p>Which of the following do not represent uniformly accelerated motion ?</p>','$$x = \\sqrt{\\frac{(t+a)}{b}}$$|:\n$$x = \\frac{(t+a)}{b}$$|:\n$$t = \\sqrt{\\frac{(x+a)}{b}}$$|:\n$$x = \\sqrt{(t+a)}$$','0|:1|:3','<p>In the case of uniform acceleration, x can be expressed as a function of t of the form:<br>\nx = at<sup>2</sup> + bt + c<br>\nOnly in option ( C ) is the equation of the above form: bt<sup>2</sup> = x + a </p>',34,2,'',2,0,'',0,0,0,0,0,0,0,4,-1,0,0,0,0),
	(83,'<p>3 particles A, B and C are projected from the top of a tower with the same speed - A is thrown straight upwards, B straight down and C horizontally. They hit the ground with speeds v<sub>A</sub>, v<sub>B</sub> and v<sub>C</sub> Which of the following is correct?</p>','~~v_A = v_B = v_C~~|:~~v_A = v_B > v_C~~|:~~v_A > v_B = v_C~~|:~~v_B > v_C > v_A~~','0','<p><img src=\"../api/resources/questions/s5q6img1.jpg\" />\n<img src=\"../api/resources/questions/s5q6img2.jpg\" />\n<img src=\"../api/resources/questions/s5q6img3.jpg\" /> <br> \nIn all cases particle was projected from a same height and with same speed but different direction. From the work energy theorem - \nCase A: ~~\\frac{1}{2}mv^2 + mgh = \\frac{1}{2}mv_a^2~~<br>\nCase B: ~~\\frac{1}{2}mv^2 + mgh = \\frac{1}{2}mv_b^2~~<br>\nCase C: ~~\\frac{1}{2}mv^2 + mgh = \\frac{1}{2}mv_c^2~~<br>\n\nFrom the above equations, we see that - \n~~v_A = v_B = v_C~~\n</p>',34,1,'',3,0,'../api/resources/questions/s5q6img1.jpg|:\n../api/resources/questions/s5q6img2.jpg|:\n../api/resources/questions/s5q6img3.jpg',0,0,0,0,0,0,0,4,-1,0,0,0,0),
	(84,'<p>A particle moves in the x-y plane according to the equations\n~~x = a\\: sinwt \\; y = bsin \\: wt~~ </p>','A parabolic path|:A circular path|:A straight line having slope b/a|:An elliptical path','3','<p>~~x = a\\: sinwt \\; y = bcos \\: wt~~\nSquaring both sides - <br>\n~~x^2 = a^2\\: sin^2wt \\;\\: y^2 = b^2cos^2wt~~ \n\n$$\\frac{x^2}{a^2} = \\: sin^2wt \\;\\: \\frac{y^2}{b^2} = cos^2wt$$\n\nAdding the 2 equations  - \n$$\\frac{x^2}{a^2}+\\frac{y^2}{b^2} = 1$$ <br>\nWhich is the equation of an elliptical path\n</p>',35,1,'',2,0,'',0,0,0,0,0,0,0,4,-1,0,0,0,0),
	(85,'<p>A projectile can have same range from 2 angles of projection with same initial speed. If h1 and h2 be the maximum heights, then\n</p>','R = ~~\\sqrt{h_1h_2}~~|:~~R = \\sqrt{2h_1h_2}~~|:R = ~~2\\sqrt{h_1h_2}~~|:R =~~ 4\\sqrt{h_1h_2}~~','2','<p>For same range, angle of projection should be θ and (90 - \\theta)\n$$R_1 = \\frac{u^2 sin2\\theta}{g} \\;  R_2 = \\frac{u^2 sin[2(90 - \\theta)]}{g}$$\n\n$$R_1 = R_2 = \\frac{u^2 sin2\\theta}{g}$$\n\n$$h_1 = \\frac{u^2 sin^2\\theta}{g}$$\n$$h_2 = \\frac{u^2 sin^2(90 - \\theta)}{g} = \\frac{u^2 cos^2\\theta}{g}$$\n\nMultiplying h<sub>1</sub> and h<sub>2</sub>, we get -\n$$h_1h_2 = \\frac{u^4 sin^2\\theta cost^2\\theta}{g^2} = \\frac{u^4 (sin2\\theta)^2}{g^2} = \\frac{R^2}{4}$$\n\n$$R = 2\\sqrt{h_1h_2}$$\n\n</p>',35,1,'',3,0,'',0,0,0,0,0,0,0,4,-1,0,0,0,0),
	(86,'<p>A particle A moves due north at 3 km/hr; another particle due west at 4 km/hr. Find the relative velocity of A w.r.t. B, and its direction\n </p>','5 km/hr, 37<sup>o</sup> north of east of B|:\n5 km/hr, 37<sup>o</sup> east of north of B|:\n5 km/hr, 45<sup>o</sup> east of north of B|:\n5 km/hr, 53<sup>o</sup> north of east of B','3','<p>Draw vector diagram - \n\n<img src =\"../api/resources/questions/s5q9img1.jpg\" />\n\n~~\\underset{v_A}{\\rightarrow}~~ = 3 km/hr towards North\n~~\\underset{v_B}{\\rightarrow} ~~ = 4 km/hr towards West\n~~\\underset{v_AB}{\\rightarrow} ~~ = 5 km/hr towards 37<sup>o</sup> North of East (from the figure)</p>',35,1,'',2,0,'../api/resources/questions/s5q9img1.jpg',0,0,0,0,0,0,0,4,-1,0,0,0,0),
	(87,'<p>A body moving with a uniform acceleration has velocities of u and v when passing through points A and B in its path. The velocity of the body midway between A and B is</p> \n ','$$\\frac{u+v}{2}$$|:$$\\frac{\\sqrt{uv}}{2}$$|:$$\\frac{\\sqrt{u^2 + v^2}}{2}$$|:None of these','2','<p> <img src= \"../api/resources/questions/s5q10img1.jpg\" /> <br>\n\n$$a = \\frac{{v^2 - u^2}}{2S}$$\n<br>\nFor a distance S/2:\n$$v\'^2 = u^2 + 2a\\frac{S}{2}$$\n$$v\'^2 = u^2 + 2\\frac{v^2 - u^2}{2S}\\frac{S}{2}$$\n$$v\'^2 = u^2 + \\frac{v^2 - u^2}{2}$$\n\n$$v\' = \\sqrt{\\frac{u^2 + v^2}{2}}$$</p>',34,1,'',1,0,'../api/resources/questions/s5q10img1.jpg',0,0,0,0,0,0,0,4,-1,0,0,0,0),
	(88,'<p>2 cars are moving in the same direction with same speed of 30 km/h. They are separated by a distance of 5 km. What is the speed of a car moving in the opposite direction if  it crosses the 2 cars at an interval of 4 minutes?\n</p>','45 km/hr|:35 km/hr|:25km/hr|:12.5 km/h','0|:3','<p>The distance between the 2 cars = 5 km<br>Let the speed of the car is v. So,<br>\n$$ \\frac{5}{30+v} = 4\\; mins = \\frac{1}{15} \\;hr$$\nv + 30 = 75\n<br>v = 45 km/hr\n<br>Converting to m/s, we get - <br>v = 12.5 m/s</p>',34,2,'',2,0,'',0,0,0,0,0,0,0,4,-1,0,0,0,0),
	(89,'<p>2 ships are resting on sea at distances a and b from a fixed point O respectively. They start moving towards the point O with constant velocities v1 and v2. If the ships subtend an angle θ at O, find the shortest distance of their separation\n </p>','$$\\frac{(av_2 - bv_1)sin\\theta}{\\sqrt{v_1^2 + v_2^2 - 2v_1v_2cos\\theta}}$$|:\n$$\\frac{(av_2 - bv_1)cos\\theta}{\\sqrt{v_1^2 + v_2^2 - 2v_1v_2cos\\theta}}$$|:\n$$\\frac{(av_2sin\\theta - bv_1cos\\theta)}{\\sqrt{v_1^2 + v_2^2 - 2v_1v_2cos\\theta}}$$|:\n$$\\frac{(av_2cos\\theta - bv_1sin\\theta)}{\\sqrt{v_1^2 + v_2^2 - 2v_1v_2cos\\theta}}$$','0','<p><img src= \"../api/resources/questions/s5q12img1.jpg\" /> <br>Separation S = AB\n~~=OA^2 + OB^2 - 2OAOBcos\\theta~~\n\nwhere OA = (a - v<sub>1</sub>t) ; OB  = (b - v<sub>2</sub>t)\n\nFor S to be least -\n$$\\frac{\\mathrm{d}S^2 }{\\mathrm{d} t} = 0  \\;\\;\\;(i) $$\n$$ \\frac{\\mathrm{d^2}S^2 }{\\mathrm{d} t^2} > 0 \\;\\;\\;(ii)$$\n\nDifferentiating both sides wrt t and applying condition (i) -\n\n~~2 (a - v_1t) (-v_1) + 2 (-v2) (b - v2t) \n          + 2av_2 (cosθ) + 2bv_1cos θ  - 4v_1v_2(cos θ)t  = 0~~\n<br> Solving for t, \n$$t = \\frac{av_1 + bv_2  - (av1+bv2)cos\\theta}{v_1^2 + v_2^2 - 2v_1v_2cos\\theta}$$\n<br>\nSubstituting values for S, we get - \n $$S = \\frac{(av_2 - bv_1)sin\\theta}{\\sqrt{v_1^2 + v_2^2 - 2v_1v_2cos\\theta}}$$\n</p>',35,1,'',3,0,'../api/resources/questions/s5q12img1.jpg',0,0,0,0,0,0,0,4,-1,0,0,0,0),
	(90,'<p>On a cricket field, the batsman is at the origin of co-ordinates and a fielder stands in position ~~(46 \\vec{i} + 28 \\vec{j})~~ m. The batsman hits the ball so it rolls along the ground with constant velocity (7.5i  + 10j ) m/s. The fielder can run with a speed of 5 m/s. If he starts to run immediately after the ball is hit, what is the shortest time in which he could intercept the ball?\n</p>','','4','<p>The ball\'s position at time t, ~~(7.5) t \\hat{ i}  +  (10)t \\hat{j}~~ <br>\nLet the fielder run with velocity  ~~5(cos\\theta \\vec{i} + sin\\theta \\vec{j})~~ <br>\n\nAt interception of ball by fielder, we can equate components - <br>\n~~7.5t = 46 + 5tcos\\theta~~ <br>\n~~10t = 28 + 5tsin\\theta~~ <br>\n\nUsing ~~cos^2\\theta + sin^2\\theta = 1~~ <br>\n~~(\\frac{7.5t - 46}{5t})^2 + (\\frac{10t - 28}{5t})^2 = 1~~ <br>\nWhich simplifies to ~~t\\approx4s~~</p>',35,3,'',3,0,'',0,0,0,0,0,0,0,4,-1,0,0,0,0),
	(91,'<p>The driver of a train moving at a speed v1 sights a goods train a distance \'d\' ahead of him on the same track moving in the same direction with a slower speed v2. He puts on brakes and gives his train a constant retardation \'a\'. There will be no collision for a minimum distance of \n</p>','$$\\frac{at^2}{2}$$|:$$2(v_1  - v_2)t - \\frac{at^2}{2}$$|:$$(v_1  - v_2)t - \\frac{at^2}{4}$$|:$$(v_1  - v_2)t - \\frac{at^2}{2}$$','3','<p>Train A has retardation \'a\' and a relative velocity ~~v_1 - v_2~~\n<br>\nIf the train has to stop (w.r.t. train B) before distance \'d\' - <br><br>\n\n~~S = (v_1 - v_2)t - \\frac{at^2}{2}~~<br><br>\nThe minimum distance \'d\' is \n~~(v_1 - v_2)t - \\frac{at^2}{2}~~\n</p>',34,1,'',2,0,'',0,0,0,0,0,0,0,4,-1,0,0,0,0),
	(92,'<p>A motor boat with its engine on, running along the river and blown over by a horizontal wind, is observed to travel at 20km/hr in a direction 53<sup>o</sup> east of north. The velocity of the boat with its engine on, in still water and blown over by the horizontal wind is 4 km/hr eastward and the velocity of the boat with its engine on, over the running river in the absence of wind is 8 km/hr south. The velocity of the boat in magnitude is </p>','13.75 km/hr|:29 km.hr|:23.3 km/hr|:31.1 km/hr','2','<p>~~\\vec{v_b}~~ = Velocity of boat over still water <br>\n~~\\vec{v_w}~~  = Velocity of wind wrt ground <br>\n~~\\vec{v_r}~~ = Velocity of river wrt ground <br>\n<br>~~\\vec{v_b} + \\vec{v_w} +\\vec{v_r} = 20(sin 53^o \\vec{i} + cos 53^o \\vec{j})~~ <br>\n~~\\vec{v_b} + \\vec{v_w} = 4 \\vec{i}~~\n~~\\vec{v_b} + \\vec{v_r} = -8 \\vec{j}~~\n<br>\nSolving equations, we get - <br>\n~~v_b = -12\\vec{i} - 20\\vec{j}~~<br>\n\n~~\\left |\\vec{v_b}  \\right | = 23.32 km/hr~~</p>',34,1,'',2,0,'',0,0,0,0,0,0,0,4,-1,0,0,0,0),
	(93,'<p>An observer in a train moving with a uniform velocity finds that a car moving parallel to the train has a speed of 10 km/hr in the direction of motion of the train. An object falls from the car and the observer in the train notices that the car has moved on for one minute, turned back, and moved with a speed of 10 km/hr and picked up the object 2 minutes after turning. Find the velocity of the train relative to the ground. \nAssume that the object comes to rest immediately after fall from the point of view of the observer on the ground\n</p>','3.34 km/hr|:6.67 km/hr|:13.34 km/hr|:None of these','0','<p>Velocity of train wrt ground                         = ~~v_T~~ <br>\nVelocity of car in the first part of journey    = ~~v_e~~ <br>\nVelocity of car in the first part of journey    = ~~v\'_e~~ <br>\nDistance of the point where the object fell  = xkm <br>\n\n~~v_e - v_T = \\frac{1}{6}~~  (km/min) <br>\n ~~v\'_e + v_T = \\frac{1}{6}~~  (km/min) <br>\n~~(\\frac{x}{v_e} = 1~~ <br>\n~~(\\frac{x}{v\'_e} = 2~~<br>\nSolving these, we get - \n~~v_T  = 3.34 km/hr~~\n</p>',35,1,'',3,0,'',0,0,0,0,0,0,0,4,-1,0,0,0,0),
	(94,'<p>An elevator ascends with an upward acceleration of 1.2 m/s<sup>2</sup>. At the instant when its upward speed is 2.4 m/s, a loose bolt drops from the ceiling of the elevator 2.7m above the floor of the elevator. Calculate the time of flight of the bolt from the ceiling to the floor \n</p>','0.7s|:0.3s|:0.9s|:0.5s','0','<p>Let <br>\nDownward displacement of bolt relative to shaft       = ~~r_1~~ <br>\nUpward displacement of lift before bolt reaches floor=  ~~r_2~~<br>\n\nThen ~~r_1 = -2.4t + \\frac{1}{2} 9.8 t^2 = -2.4t + 4.9t^2~~  <br>\n~~r_2 = 2.4t + \\frac{1}{2} 1.2 t^2 = 2.4t + 0.6t^2~~ <br>\n\nBut ~~r_1 + r_2~~ = 2.7m <br>\n\n~~5.5t^2 = 2.7~~ <br>\n~~t = 0.7s~~    (neglecting negative value)\n   \n</p>',35,1,'',3,0,'',0,0,0,0,0,0,0,4,-1,0,0,0,0),
	(95,'<p>A 2m wide truck is moving with uniform speed 8m/s along a straight horizontal road. A man starts to cross the road with a uniform speed v when the truck is 4m away from him. What is the minimum value of v, so that the man can cross the road safely?</p>','~~\\frac{6}{\\sqrt{5}}m/s~~|:\n~~\\frac{4}{\\sqrt{5}}m/s~~|:\n~~\\frac{3}{\\sqrt{5}}m/s~~|:\n~~\\frac{8}{\\sqrt{5}}m/s~~','3','<img src=\"../api/resources/questions/s5q18img1.jpg\" />\n<p>For safe crossing, the man must reach R by the time truck covers a distance equal to  (4 + 2cotθ)\n\nSo,\n$$\\frac{4+2cot\\theta }{8} = \\frac{2}{vsin\\theta}$$\n$$\\Rightarrow v = \\frac{ 8}{2sin\\theta + cos\\theta}$$\nFor v to be minimum,<br>\n$$ \\frac{\\mathrm{d}v }{\\mathrm{d} \\theta} = 0$$\n$$\\Rightarrow  2 cos\\theta  - sin\\theta  = 0$$\n$$\\Rightarrow tan\\theta  = 2$$\nSubstituting values, we get\nv = ~~\\frac{8}{\\sqrt{5}}~~ m/s\n</p>',35,1,'',2,0,'../api/resources/questions/s5q18img1.jpg',0,0,0,0,0,0,0,4,-1,0,0,0,0),
	(96,'<p>A boy is running on a horizontal road with a velocity of 5 m/s. At what angle should he hold his umbrella in order to protect himself from the rain, if the rain is falling vertically with a velocity of 10 m/s\n</p>','~~tan^{-2}~~|:\n~~cos^{-1}({\\frac{1}{\\sqrt{5}}})~~|:\n~~sin^{-1}({\\frac{1}{\\sqrt{5}}})~~|:\n~~cos^{-1}(\\sqrt{5})~~','0|:1','<p> To obtain the relative velocity of rain w.r.t boy, a velocity triangle is formed between v<sub>b</sub> and v<sub>r</sub> as shown:\n<img src=\"../api/resources/questions/s5q19img1.jpg\" />\n<br>\n~~tan\\Theta~~ = (10/5) = 2<br>\n~~\\Theta~~ = tan<sup>-1</sup>(2)\n</p>',35,2,'',2,0,'../api/resources/questions/s5q19img1.jpg',0,0,0,0,0,0,0,4,-1,0,0,0,0),
	(97,'<p>A train moves due east with a velocity of <sub>v_1</sub>  = 20 m/s and a car moves due north with a velocity of <sub>v_2</sub> = 15 m/s. Find the velocity of the car as observed by a passenger sitting in the train\n</p>','25 m/s at an angle tan<sup>-1</sup>(4/3) north of west|:\n25 m/s at an angle tan<sup>-1</sup>(4/3) west of north|:\n25 m/s at an angle tan<sup>-1</sup>(5/3) west of north|:\n25 m/s at an angle tan<sup>-1</sup>(5/3) north of west\n\n','1','<p> <img src=\"../api/resources/questions/s5q20img1.jpg\" />\n\nMagnitude: ~~\\vec{v_21} = \\left |\\vec{v_2} - \\vec{v_1}  \\right |~~ <br>\n ~~\\vec{v_21} = \\sqrt{v_1^2 + v_2^2} ~~\n ~~\\vec{v_21} = 25m/s~~\n\nDirection:  ~~\\vec{v_21}~~ <br> \n~~tan^{-1}(20/15)~~ <br>\n~~tan^{-1}(4/3)~~ west of north\n\n</p>',34,1,'',3,0,'../api/resources/questions/s5q20img1.jpg',0,0,0,0,0,0,0,4,-1,0,0,0,0),
	(98,'<p>If potential difference across ~~3\\mu~~ F is 4V, then total energy stored in all capacitors is:\n<img src=\"../api/resources/questions/s6q1img1.jpg\" />\n </p>','~~400\\mu~~ J|:~~800\\mu~~ J|:~~1200\\mu~~ J|:Cannot be calculated as emf of cell is not given','1','<p><img src=\"../api/resources/questions/s6q1img2.jpg\" />\n~~V_{BC}  = 4V~~ <br>\n~~C_{eq} (B,C) = 3\\mu F + 5\\mu F + 2\\mu F = 10\\mu F~~ <br>\nq stored in ~~10\\mu F~~ is: <br>\n~~q = 10\\mu F. 4V = 40\\mu C~~ <br>\nNow  5~~\\mu~~ F,  10~~\\mu~~ F and  10/7~~\\mu~~ F are in series combination. <br>\nHence q through them is the same, i.e. 40~~\\mu~~ C <br>\nAlso ~~C_{eq}~~ across AB is <br>\n$$\\frac{1}{C_{eq}} = \\frac{1}{5} + \\frac{1}{10} + \\frac{1}{\\frac{10}{7}}$$\n~~C_{eq} = 1\\mu F~~ <br>\n\nTherefore, energy stored is - <br>\n~~\\frac{q^2}{2C} = \\frac{(40\\mu C)^2}{(2.1\\mu F)} = 800\\mu J~~</p>',61,1,'',1,0,'../api/resources/questions/s6q1img1.jpg|:../api/resources/questions/s6q1img2.jpg',0,0,0,0,0,0,0,4,-1,0,0,0,0),
	(99,'<p>The equivalent capacitance between the points A and B of a combination shown in the figure is: \n<img src=\"../api/resources/questions/s6q2img1.jpg\" />\n</p>','C|:2C|:C/2|:None of these','1','<p><img src=\"../api/resources/questions/s6q2img2.jpg\" /> <br>\nUsing series combination of capacitors, this can be modified into - <br>\n<img src=\"../api/resources/questions/s6q2img3.jpg\" /> <br>\nFurther simplifies to - \n<img src=\"../api/resources/questions/s6q2img4.jpg\" /> <br>\nNow since points ‘A’, ‘B’, ‘C’ and ‘D’ are all connected by superconductors. Hence potential is same for all. Hence ~~C_A~~ and ~~C_B~~ are short circuited.\n<img src=\"../api/resources/questions/s6q2img5.jpg\" /> <br>\n~~\\Rightarrow C_{eq} = 2C~~</p>',63,1,'',2,0,'../api/resources/questions/s6q2img1|:../api/resources/questions/s6q2img2|:../api/resources/questions/s6q2img3|:../api/resources/questions/s6q2img4|:../api/resources/questions/s6q2img5',0,0,0,0,0,0,0,4,-1,0,0,0,0),
	(100,'<p>A capacitor of capacitance ~~C_1~~ and potential difference \nV is connected across an uncharged capacitor of capacity ~~C_2~~. The new potential difference across each capacitor is:\n </p>','$$\\frac{C_1V}{C_1 + C_2}$$|:\n$$\\frac{C_2V}{C_1 + C_2}$$|:\n$$\\frac{C_1 + C_2}{V}$$|:\nNone of these','0','<p><img src=\"../api/resources/questions/s6q3img1.jpg\" /> <br>\n~~C_1~~ is charged to potential difference V, hence it has q=~~C_1~~V\n<img src=\"../api/resources/questions/s6q3img2.jpg\" /> <br>\nNow when they are connected, q flows out of ~~C_1~~ and stores at ~~C_2~~ such that potential across them becomes same\n$$\\frac{C_1V - q}{C_1} = \\frac{q}{C_2}$$\n$$q = \\frac{C_1C_2V}{C_1 + C_2}$$\n$$\\therefore  V_{C_2} = \\frac{q}{C_2} $$\n\n$$=\\frac{C_1V}{C_1 + C_2}$$\n </p>',63,1,'',1,0,'../api/resources/questions/s6q3img1.jpg|:\n../api/resources/questions/s6q3img2.jpg|:',0,0,0,0,0,0,0,4,-1,0,0,0,0),
	(101,'<p>There are two concentric metallic spherical shells A and B as shown in the figure.  If A is earthed and shell B is given a charge \'Q\' then the \'E\' and \'V\' at ~~r( a\\leq  r \\leq  b)~~ <img src=\"../api/resources/questions/s6q4img1.jpg\" />\n</p>','$$\\frac{-aQ}{4\\pi \\epsilon b r^2}\\; , \\;  \\frac{Q}{4\\pi \\epsilon b }(1 + \\frac{b}{r})$$|:\n$$\\frac{-aQ}{4\\pi \\epsilon b r^2}\\; , \\;  \\frac{Q}{4\\pi \\epsilon b }(1 - \\frac{b}{r})$$|:\n$$\\frac{-aQ}{4\\pi \\epsilon b r^2}\\; , \\;  \\frac{Q}{4\\pi \\epsilon b }(1 - \\frac{a}{r})$$|:\nNone of these','2','<p>Lets assume charge ~~q~~ accumulates on the small sphere <br>\n<img src=\"../api/resources/questions/s6q4img1.jpg\" />\n$$V_p = \\frac{q}{4\\pi \\epsilon a} + \\frac{Q}{4\\pi \\epsilon b}$$\n$$V_p = 0$$\n$$\\therefore \\frac{q}{4\\pi \\epsilon a} + \\frac{Q}{4\\pi \\epsilon b} = 0$$\n$$q =  - \\frac{aQ}{b}$$\n<br>\n~~E~~ at ~~r~~ (~~a\\leq r\\leq b~~) <br>\n$$ = \\frac{-aQ}{4\\pi \\epsilon b r^2} $$\n\n<br>Now calculating ~~V~~ at ~~r~~ (~~a\\leq r\\leq b~~) <br>\n$$=\\frac{q}{4\\pi \\epsilon r} + \\frac{Q}{4\\pi \\epsilon b}$$\n$$=\\frac{aQ}{4\\pi \\epsilon b r} + \\frac{Q}{4\\pi \\epsilon b}$$\n$$\\frac{Q}{4\\pi \\epsilon b }(1 - \\frac{a}{r})$$\n</p>',61,1,'',1,0,'../api/resources/questions/s6q4img1.jpg',0,0,0,0,0,0,0,4,-1,0,0,0,0),
	(102,'<p>The equivalent capacitance of a combination shown in the figure:\n<img src=\"../api/resources/questions/s6q5img1.jpg\" />\n </p>','C|:\n2C|:\nC/2|:\nNone of these','1','<p><img src=\"../api/resources/questions/s6q5img2.jpg\" /> \n<br>\n~~C_{AB}~~ is short-circuited. Therefore the circuit becomes :  \n<img src=\"../api/resources/questions/s6q5img3.jpg\" /> \n~~\\therefore C_{eq} = 2C~~\n</p>',61,1,'',2,0,'../api/resources/questions/s6q5img1.jpg|:../api/resources/questions/s6q5img2.jpg|:../api/resources/questions/s6q5img3.jpg',0,0,0,0,0,0,0,4,-1,0,0,0,0),
	(103,'<p>Figure shows a spherical capacitor of capacitance C whose inner and outer radii are R and 2R respectively. The new capacitance of the system if these two spheres are connected by a thin wire is: <br>\n<img src=\"../api/resources/questions/s6q6img1.jpg\" />\n </p>','C|:\n2C|:\n0|:\nInfinity','1','<p>If 2 plates of a capacitor are connected by any metallic wire, it gets short-circuited. So, initially\n$$C = \\frac{4\\pi \\epsilon}{(\\frac{1}{R} -  \\frac{1}{2R})}    =  4\\pi \\epsilon R$$\nAfter short circuit, the potential of the outer and inner sphere becomes the same. Hence outer sphere acts as a capacitor. <br>\n$$C\' = \\frac{4\\pi \\epsilon}{(\\frac{1}{2R} -  \\frac{1}{\\infty })}    =  4\\pi \\epsilon (2R)$$\n<br> ~~\\therefore C\' = 2C~~\n\n</p>',62,1,'',3,0,'../api/resources/questions/s6q6img1.jpg',0,0,0,0,0,0,0,4,-1,0,0,0,0),
	(104,'<p>The figure shows a circuit of four capacitors. The effective capacitance between X and Y is <br>\n<img src=\"../api/resources/questions/s6q7img1.jpg\" />\n</p>','~~\\frac{5}{6}\\mu F~~|: ~~\\frac{7}{6}\\mu F~~|: ~~\\frac{5}{3}\\mu F~~|: ~~1\\mu F~~','2','<p><img src=\"../api/resources/questions/s6q7img2.jpg\" /> <br>\nWhich can be simplified to - \n<img src=\"../api/resources/questions/s6q7img3.jpg\" /> <br>\nNow,  <br>\n~~C_{eq}(AB) = 2\\mu F~~ <br>\n\nBy series combination of capacitors - <br>\n$$C_{eq}(AC) = \\frac{1.2}{1+2} = \\frac{2}{3}\\mu F$$\n\nBy parallel combination of capacitors - <br>\n$$C_{eq}(AC) = \\frac{1.2}{1+2} = \\frac{2}{3}\\mu F$$\n\n</p>',62,1,'',2,0,'../api/resources/questions/s6q7img1.jpg|:\n../api/resources/questions/s6q7img2.jpg|:\n../api/resources/questions/s6q7img3.jpg\n',0,0,0,0,0,0,0,4,-1,0,0,0,0),
	(105,'<p>Effective capacitance of the shown network across any two junctions is  (if the capacitance of each capacitor is C) : <br>\n<img src=\"../api/resources/questions/q105img1.jpg\" />\n</p>','C/2|:C|:3C/2|:2C','3','<p><img src=\"../api/resources/questions/s6q8img1.jpg\" />\n\nThis translates to the following circuit - <br>\n<img src=\"../api/resources/questions/s6q8img2.jpg\" /> <br>\n\nFor loop BADEB \nUsing the wheatstone bridge principle - \n~~\\frac{C_{AB}}{C_{BC}} = \\frac{C_{AD}{C_{CD}}~~\n\nC_{eq} of BADEB is C <br>\n<img src=\"../api/resources/questions/s6q8img3.jpg\" /> <br>~~\\therefore C_{eq} = 2C~~\n</p>',63,1,'',3,0,'../api/resources/questions/s6q8img1.jpg|:\n../api/resources/questions/s6q8img2.jpg|:\n../api/resources/questions/s6q8img3.jpg',0,0,0,0,0,0,0,4,-1,0,0,0,0),
	(106,'<p>The total capacity of the system of capacitors between M and N is: <br>\n<img src=\"../api/resources/questions/q106img1.jpg\" />\n </p>','~~1\\mu F~~|:~~2\\mu F~~|:~~3\\mu F~~|:None of these','0','<p>Simplifying the given circuit in a series of steps using series and parallel combination - <br>\n<img src=\"../api/resources/questions/s6q9img1.jpg\" /> <br>\n<img src=\"../api/resources/questions/s6q9img2.jpg\" /> <br>\n<img src=\"../api/resources/questions/s6q9img3.jpg\" /> <br>\n<img src=\"../api/resources/questions/s6q9img4.jpg\" /> <br>\n<img src=\"../api/resources/questions/s6q9img5.jpg\" /> <br> \n<img src=\"../api/resources/questions/s6q9img6.jpg\" /> <br>\n~~C_{eq} = 1\\mu F~~\n</p>',61,1,'',2,0,'../api/resources/questions/s6q9img1.jpg|:../api/resources/questions/s6q9img2.jpg|:../api/resources/questions/s6q9img3.jpg|:../api/resources/questions/s6q9img4.jpg|:../api/resources/questions/s6q9img5.jpg|:../api/resources/questions/s6q9img6.jpg|:\n\n',0,0,0,0,0,0,0,4,-1,0,0,0,0),
	(107,'<p>A parallel plate capacitor of area A, plate separation d and capacitance C is filled with three different dielectric materials having dielectric constants ~~k_1~~, ~~k_2~~ and ~~k_3~~ as shown.  If a single dielectric materials is to be used to have the same capacitance C in this capacitor, then its dielectric constant ~~k~~ is given by\n<img src=\"../api/resources/questions/s6q10img1.jpg\" /> </p> \n ','$$\\frac{1}{k} = \\frac{1}{2(k_1+k_2)} + \\frac{1}{2k_3}$$ |:\n$$\\frac{1}{k} = \\frac{1}{k_1+k_2} + \\frac{1}{2k_3} $$|:\n$$k = \\frac{k_1k_2}{k_1+k_2} + 2k_3 $$|:\n~~k = k_1 + k_2 + k_3~~','2','<p> The capacitor C3 can be split into - <br>\n<img src=\"../api/resources/questions/s6q10img2.jpg\" /> <br>\nC2 and C3 can be split as follows: <br>\n<img src=\"../api/resources/questions/s6q10img3.jpg\" /><br>\n~~C_{eq1}~~ of ~~C1~~ and ~~C2~~ = ~~C1~~ + ~~C2~~  = \n$$(k_1 + k_2) \\frac{A\\epsilon}{d} $$<br>\n\n$$C_{eq} = \\frac{C_{eq1} C3}{C_{eq1}+C3}$$\nSubstituting values for ~~C_{eq1}~~ and C3 - <br> \n$$C_{eq} = \\frac{2k_3 (k_1 + k_2)}{k_1 + k_2 + 2k_3} \\frac{A\\epsilon}{d}$$\nTo calculate equivalent capacitance - \n$$C_{eq} = K_{eq} \\frac{A\\epsilon}{d}$$ $$\\therefore \\frac{1}{k} = \\frac{1}{k_1+k_2} + \\frac{1}{2k_3} $$',63,1,'',1,0,'../api/resources/questions/s6q10img1.jpg|:\n../api/resources/questions/s6q10img2.jpg|:\n../api/resources/questions/s6q10img3.jpg|:',0,0,0,0,0,0,0,4,-1,0,0,0,0),
	(108,'<p>Equivalent capacitance between 2 and 3 of the arrangement shown having plate area A is \n<img src=\"../api/resources/questions/q108img1.jpg\" />\n</p>','$$\\frac{2A\\epsilon}{d} $$|:\n$$\\frac{3A\\epsilon}{d}$$ |:\n$$\\frac{A\\epsilon}{d}$$|:\nNone of these','1','<p>Converting the circuit in a series of steps - <br>\n<img src=\"../api/resources/questions/s6q11img1.jpg\" /> <br>\n~~\\Rightarrow~~ <img src=\"../api/resources/questions/s6q11img2.jpg\" /> <br>\n~~\\Rightarrow~~ <img src=\"../api/resources/questions/s6q11img3.jpg\" /> <br>\n~~\\Rightarrow~~ <img src=\"../api/resources/questions/s6q11img4.jpg\" /> <br>\n\n$$\\therefore C_{eq} = \\frac{C}{2} + C = \\frac{3C}{2} = \\frac{3A\\epsilon }{d}$$\n',62,1,'',2,0,'../api/resources/questions/s6q11img1.jpg|:\n../api/resources/questions/s6q11img2.jpg|:\n../api/resources/questions/s6q11img3.jpg|:\n../api/resources/questions/s6q11img4.jpg',0,0,0,0,0,0,0,4,-1,0,0,0,0),
	(109,'<p>The effective capacity between A and B in figure shown:\n<img src=\"../api/resources/questions/s6q12img1.jpg\" />\n </p>','~~\\frac{2C}{3}~~|:~~\\frac{4C}{3}~~|:~~\\frac{3C}{2}~~|: None of these ','0','<p><img src=\"../api/resources/questions/s6q12img1.jpg\" /> <br>\n~~C_{PQ},\\; C_{QR}\\;~~ and ~~C_{RB}~~ are in parallel combination - \n$$\\Delta V_{PQ} = V_P = V_B$$\n$$\\Delta V_{QR} = V_P = V_B$$\n$$\\Delta V_{RB} = V_P = V_B$$\n$$\\therefore C_{eq}(P,B) = 3C$$\n$$C_{eq} (A,B) = 3C/2$$ <br>\n(as 3C and 3C are in series)\n</p>',61,1,'',3,0,'../api/resources/questions/s6q12img1.jpg',0,0,0,0,0,0,0,4,-1,0,0,0,0),
	(110,'<p>A hollow metallic sphere of radius 9 cm is charged with 5nC. The potential difference between the centre and the surface is:\n</p>','100V|:1000V|:0V|:500V','2','<p><img src=\"../api/resources/questions/s6q13img1.jpg\" />\nCharge on the hollow metallic sphere Q = 5x10<sup>-9</sup> <br>\nDraw a Gaussian surface of radius x from the centre of the sphere<br>\nCharge enclosed = 0 <br>\n$$\\phi = 0$$\n$$\\Rightarrow \\int E.ds = 0$$\n$$\\therefore E = 0$$\n\n$$E = -\\frac{\\mathrm{d} V}{\\mathrm{d} x}$$\n$$dV = 0$$\n~~\\therefore V~~= constant\n<br><br>Hence potential difference between center and surface is 0.\n\n</p>',63,1,'',3,0,'../api/resources/questions/s6q13img1.jpg',0,0,0,0,0,0,0,4,-1,0,0,0,0),
	(111,'<p>The driver of a train moving at a speed v1 sights a goods train a distance \'d\' ahead of him on the same track moving in the same direction with a slower speed v2. He puts on brakes and gives his train a constant retardation \'a\'. There will be no collision for a minimum distance of \n</p>','~~\\frac{at^2}{2}~~|:~~2(v_1  - v_2)t - \\frac{at^2}{2}~~|:~~(v_1  - v_2)t - \\frac{at^2}{4}~~|:~~(v_1  - v_2)t - \\frac{at^2}{2}~~','3','<p>Train A has retardation \'a\' and a relative velocity ~~v_1 - v_2~~\n<br>\nIf the train has to stop (w.r.t. train B) before distance \'d\' - <br><br>\n\n~~S = (v_1 - v_2)t - \\frac{at^2}{2}~~<br><br>\nThe minimum distance \'d\' is \n~~(v_1 - v_2)t - \\frac{at^2}{2}~~\n</p>',62,1,'',2,0,'',0,0,0,0,0,0,0,4,-1,0,0,0,0),
	(112,'<p>Electric field in a region is given by ~~E=2x \\vec{i}~~ V/m where x is in meter. The potential difference between \npoints (-2, 0, 0) and (1, 0, 0) is:  </p>',' -5V|: 5V|:-3V|:3V','3','<p>$$E = 2x \\vec{i}$$\n\n$$dV = -E_xdx - E_ydy - E_zdz$$\n$$V = -\\int_{x_1}^{x_2} E_xdx - \\int_{y_1}^{y_2} E_ydy - \\int_{z_1}^{z_2} E_zdz $$\n$$V = -\\int_{x_1}^{x_2} 2xdx - \\int_{y_1}^{y_2} 0dy - \\int_{z_1}^{z_2} 0dz$$ \n $$= (-x^2)|_{(-1)} - (-x^2)|_{(-2)}$$ <br>\n= -(1-4) <br>\n = 3V\n</p>',62,1,'',2,0,'',0,0,0,0,0,0,0,4,-1,0,0,0,0),
	(113,'<p>A coil of resistance ~~10\\Omega ~~ has a flux change of .05 Wb to 0.55 Wb in 0.1 sec. What is the induced current? \n</p>','5A|:0.5A|:0.05A|:50A','1','<p>$$R = 10\\Omega \\;\\; $$\n$$\\phi_{initial} = 0.55\\;Wb$$\n$$\\phi_{final} = 0.05\\;Wb$$\n$$\\Delta t = 0.1s$$\nInduced EMF = <br>\n$$\\frac{\\mathrm{d}\\phi }{\\mathrm{d} t}\n= \\frac{\\phi_{final} - \\phi_{initial}}{\\Delta t} $$\n $$= \\frac{0.05 - 0.55}{0.1} = 5V$$\n\n$$I = \\frac{V}{R} = \\frac{5}{10}$$\n= 0.5A\n</p>',61,1,'',3,0,'',0,0,0,0,0,0,0,4,-1,0,0,0,0),
	(114,'<p>A magnet placed vertically is falling freely over a cylindrical coil placed over a horizontal surface as \nShown. The acceleration of the magnet is: \n<br>\n<img src=\"../api/resources/questions/s6q17img1.jpg\" /> <br>\n</p>','Equal to g|: Greater than g|: Less than g|: Data Insufficient','2','<p>By Lens Law, current will be induced in the coil which will oppose the motion of magnet <br>\n<br>\nHence acceleration will be less than g\n\n</p>',61,1,'',3,0,'../api/resources/questions/s6q17img1.jpg',0,0,0,0,0,0,0,4,-1,0,0,0,0),
	(115,'<p>In a series resonant circuit, the a.c. voltage across \nresistance R, inductance L and capacitance C are 5V, 10V \nand 10V respectively. The a.c. voltage applied to the circuit will be:\n</p>','20V|:10V|:5V|:25V','2','<p>At resonance, |~~V_C~~| = |~~V_L~~| but in opposite phase. Hence they neutralize each other. The whole voltage applied by a.c. is consumed by the resistance only.   <br>\n<img src=\"../api/resources/questions/s6q18img1.jpg\" /> <br>\n~~\\therefore V = 5V~~ across the circuit\n</p>',63,1,'',2,0,'../api/resources/questions/s6q18img1.jpg',0,0,0,0,0,0,0,4,-1,0,0,0,0),
	(116,'<p>A sinusoidal voltage is applied across a series combination of resistance R and inductor L. The amplitude of the current in the circuit is\n\n</p>','$$\\frac{V_o}{\\sqrt{R^2 + w^2L^2}}$$|:\n$$\\frac{V_o}{\\sqrt{R^2 - w^2L^2}}$$|:\n$$\\frac{V_o sin\\omega t}{\\sqrt{R^2 + w^2L^2}}$$|:\n$$\\frac{V_o}{R}$$','0','<p> $$Z = \\sqrt{R^2 + (X_L - X_C)^2}$$\n~~\\because X_C = 0~~ <br>\n$$Z = \\sqrt{R^2 + (\\omega^2L^2)}$$\n$$tan\\phi = \\frac{wL}{R}$$\n$$i = i_o sin(wt + \\phi)$$\n$$i = \\frac{V_o}{Z} sin(\\omega t + tan^{-1}(\\frac{\\omega L}{R}))$$ <br>\nAmplitude  = $$\\frac{V_o}{\\sqrt{R^2 + w^2L^2}}$$\n</p>',63,1,'',2,0,'',0,0,0,0,0,0,0,4,-1,0,0,0,0),
	(117,'<p>Reactance of a capacitor of 1/~~\\pi~~ farad at 50 Hz is\n</p>','0.01 ~~\\Omega~~ |:\n0.1 ~~\\Omega~~ |:\n1.0 ~~\\Omega~~|:\nNone of the above\n\n','1','<p> Reactance is calculated as - <br>\n$$X_C = \\frac{1}{\\omega C}$$\n\n~~\\omega~~ is calculated as ~~\\omega = 2\\pi f ~~ <br>\nAs f  = 50, ~~\\omega= 100 \\pi~~ <br>\n\n$$\\therefore X_C = \\frac{1}{100\\pi\\; \\frac{1}{\\pi}}$$\n~~ = 0.01 \\Omega~~\n</p>',63,1,'',3,0,'',0,0,0,0,0,0,0,4,-1,0,0,0,0),
	(118,' <p style=\"text-align: left;\">Which of the following gas has maximum volume at S.T.P.? </p> <br> ','1.5*10<sup>23</sup> molecules of CO<sub>2</sub>|:1g H<sub>2</sub>|:4g O<sub>2</sub>|:16g SO<sub>3</sub>','1',' <p style=\"text-align: left;\">No. of mol of CO<sub>2</sub> = ~~\\frac{1.5*10^{23}}{6.023*10^{23}}~~ = 0.25 <br><br>No. of mol of H<sub>2</sub> = 1/2 = .5<br><br>No. of mol of O<sub>2</sub> = 4/32 = 0.125<br><br>No. of mol of CO<sub>2</sub> = 0.2 <br><br> Vol ~~\\propto~~ No. of moles <br><br> =&gt; Max vol of Hydrogen, </p> ',34,1,'',1,NULL,NULL,0,0,0,0,0,0,0,1,0,0,0,0,0),
	(119,' <p style=\"text-align: left;\">A solution of NaOH and NaHCO<sub>3</sub> is prepared. 50 mL of this solution required for reaching end point: </p><ol><li>50 mL of 0.1N HCl when phenolphthalien is used as indicator.</li><li>70 mL of 0.1N HCl when methyl orange is used as indicator.</li></ol><p></p><p>The strength of NaHCO<sub>3</sub> is :</p> <br> ','33.6g/L|:6.72g/L|:3.36g/L|:None of These','2',' <p style=\"text-align: left;\">mol of NaOH = x <br>mol of NaHCO<sub>3</sub> = y<br><br>With Phenolphthalein:<br>meq of NaOH = meq of HCl<br>=&gt; ~~x * 1 = 50 * 0.1~~ <br>=&gt; x = 5<br><br> With Methyl Orange:<br> meq of NaHCO<sub>3</sub> + meq of NaOH = meq of HCl<br>=&gt;~~5 + y * 1 = 70 * .1~~<br>=&gt; y = 7-5 = 2<br> Wt. of NaHCO<sub>3</sub> = ~~(2*\\frac{84}{1}*\\frac{1}{1000}) * \\frac{1000}{50}~~ = 3.36 g/L</p> ',34,1,'',1,NULL,NULL,0,0,0,0,0,0,0,1,0,0,0,0,0),
	(120,' <p style=\"text-align: left;\">H~~_3~~PO~~_4~~ is a tribasic acid and one of its salt is NaH<sub>2</sub>PO<sub>4</sub>. What volume of 3M NaOH should be added to 6g of NaH<sub>2</sub>PO<sub>4</sub> to convert it into Na<sub>3</sub>PO<sub>4</sub>? </p> <br> ','1/30ml|:100/3ml|:100ml|:133ml','1',' <p style=\"text-align: left;\"> ~~NaH_2PO_4 \\rightarrow Na^+ + H_2PO_4^-~~ (Amphoteric Species)<br><br>~~NaH_2PO_4 + 2NaOH \\rightarrow Na_3PO_4 + 2H_2O~~<br><br>meq of NaH<sub>2</sub>PO<sub>4</sub> = meq of NaOH <br><br> =&gt; ~~\\frac{6}{120/2} * 1000 = V \\; ml * 3~~ <br><br> V ml = 100/3 ml</p> <div><p>Option B</p> </div><span class=\"answer\">1</span> ',34,1,'',1,NULL,NULL,0,0,0,0,0,0,0,1,0,0,0,0,0),
	(121,' <p style=\"text-align: left;\">Which of the following ions are amphoteric:</p> <br> ','HCO<sub>3</sub><sup>-</sup>|:H<sub>2</sub>PO<sub>4</sub><sup>-</sup>|:HPO<sub>4</sub><sup>2-</sup>|:All of these','3',' <p style=\"text-align: left;\">~~HCO_3^- \\xrightarrow{H^+} H_2CO_3~~ } Base<br> &nbsp;&nbsp;&nbsp;&nbsp;&nbsp;&nbsp;&nbsp;&nbsp;&nbsp;&nbsp;&nbsp;&nbsp;&nbsp;~~\\longrightarrow H^+ + CO_3^{2-}~~ }Acid <br><br> ~~H_2PO_4^- \\xrightarrow{H^+} H_3PO_4~~}Base<br>&nbsp;&nbsp;&nbsp;&nbsp;&nbsp;&nbsp;&nbsp;&nbsp;&nbsp;&nbsp;&nbsp;&nbsp;&nbsp;~~\\longrightarrow HPO_4^{2-} + H^+ ~~ }Acid <br>&nbsp;&nbsp;&nbsp;&nbsp;&nbsp;&nbsp;&nbsp;&nbsp;&nbsp;&nbsp;&nbsp;&nbsp;&nbsp;~~\\longrightarrow PO_4^{3-} + 2H^+ ~~ }Acid <br><br>~~HPO_4^{2-} \\xrightarrow{H^+} H_2PO_4^-~~ } Base<br>&nbsp;&nbsp;&nbsp;&nbsp;&nbsp;&nbsp;&nbsp;&nbsp;&nbsp;&nbsp;&nbsp;&nbsp;&nbsp; ~~\\xrightarrow{2H^+} H_3PO_4~~ } Base<br>&nbsp;&nbsp;&nbsp;&nbsp;&nbsp;&nbsp;&nbsp;&nbsp;&nbsp;&nbsp;&nbsp;&nbsp;&nbsp; ~~\\longrightarrow H^+ + PO_4^{3-}~~ } Acid </p> ',34,1,'',1,NULL,NULL,0,0,0,0,0,0,0,1,0,0,0,0,0),
	(122,' <p style=\"text-align: left;\">100mL of 0.2M H<sub>3</sub>PO<sub>2</sub> was titrated with 0.2N Mg(OH)<sub>2</sub>. The titration was discontinued after adding 80mL of Mg(OH)<sub>2</sub> solution. The remaining titration was completed by adding 0.25N KOH solution. The volume of KOH required for completing the titration is :</p> <br> ','16 mL|:32 mL|:35 mL|:70 mL','0',' <p style=\"text-align: left;\"> Meq of Mg(OH)<sub>2</sub> = 80 * 0.2 = 16 <br><br> Meq of H<sub>3</sub>PO<sub>2</sub> = 100 * 0.2 * 1 = 20 <br><br> Meq of H<sub>3</sub>PO<sub>2</sub> neutralized with KOH = 20 - 16 = 4 <br><br>meq of KOH = 0.25 * v = 4 =&gt; v = 16 ml<br></p> ',34,1,'',1,NULL,NULL,0,0,0,0,0,0,0,1,0,0,0,0,0),
	(123,' <p style=\"text-align: left;\">An ore contains 2.5% of the mineral argentite, Ag<sub>2</sub>S(Mo=247), by mass. How many grams of this ore would have to be processed in order to obtain 0.675g of pure solid silver, Ag?</p> <br> ','31.0 g|:62.0 g|:16.5 g|:None of the Above','0',' <p style=\"text-align: left;\">~~Ag_2S \\rightarrow 2Ag + S~~ <br> <br> Ag = ~~\\frac{0.675}{108}~~mol<br><br> =&gt; mol of Ag<sub>2</sub>S required = ~~\\frac{0.675}{108}*\\frac{1}{2}~~ <br><br> Wt of ~~Ag_2S = \\frac{0.675}{108} * \\frac{1}{2} * 247~~ <br><br> =&gt; Wt of ore = ~~\\frac{0.675}{108} * \\frac{1}{2} * 247 * \\frac{100}{2.5} \\approx ~~ 31g <br></p> ',34,1,'',1,NULL,NULL,0,0,0,0,0,0,0,1,0,0,0,0,0),
	(124,' <p style=\"text-align: left;\">The weight of H<sub>2</sub>SO<sub>4</sub> contained in one litre of the solution is : </p> <br> ','58.8 g/L|:19.6 g/L|:39.2 g/L|:9.8 g/L','3','	 <p style=\"text-align: left;\"> KOH + (HCl + H<sub>2</sub>SO<sub>4</sub>) ~~\\rightarrow~~ Neuralization<br><br>Let moles of HCl required in 25 ml be x<br>Let moles of H<sub>2</sub>SO<sub>4</sub> required in 25 ml be y <br><br> meq of acid = meq of base <br> =&gt; x + 2y = 12.5<br><br> **HCl does not react with BaCl<sub>2</sub>, only H<sub>2</sub>SO<sub>4</sub> does <br> </p><table><tbody><tr><td> ~~H_2SO_{4 aq}~~ </td><td> + </td><td> ~~BaCl_{2 aq}~~ </td> <td>~~\\rightarrow~~</td> <td>~~BaSO_4 \\downarrow~~</td><td> + </td><td>~~2HCl_{aq}~~</td></tr><tr><td>~~\\frac{1.165}{233.4}~~</td><td></td><td></td><td></td><td>~~\\frac{1.165}{233.4}~~</td><td></td><td></td></tr></tbody></table> <p style=\"text-align: left;\"> <br>=&gt;Wt of H<sub>2</sub>SO<sub>4</sub> in 50ml ~~=\\frac{1.165}{233.4} * 98g~~<br><br>=&gt;Wt of H<sub>2</sub>SO<sub>4</sub> in 1000ml ~~=\\frac{1.165}{233.4} * 98 * \\frac{1000}{50}~~ <br> ~~\\approx~~9.8 g/l <br></p> ',34,1,'',1,NULL,NULL,0,0,0,0,0,0,0,1,0,0,0,0,0),
	(125,' <p style=\"text-align: left;\">The weight of HCl contained in one litre of the solution is:</p> <br> ','','3',' <div class=\"solution\"> <p style=\"text-align: left;\">meq in 50ml (H<sub>2</sub>SO<sub>4</sub>) =~~(2y) * 2= \\frac{1.165}{233.4} * 2 * 1000~~<br> <br> =&gt; y = 2.5 <br><br> Wt of HCl in 1000ml = ~~7.5 * \\frac{36.5}{1000}*\\frac{1000}{25}g~~<br><br> 10.95 g/l <br></p> </div> <div><p>Option C</p> </div><span class=\"answer\">3</span> <p style=\"text-align: left;\">meq in 50ml (H<sub>2</sub>SO<sub>4</sub>) =~~(2y) * 2= \\frac{1.165}{233.4} * 2 * 1000~~<br> <br> =&gt; y = 2.5 <br><br> Wt of HCl in 1000ml = ~~7.5 * \\frac{36.5}{1000}*\\frac{1000}{25}g~~<br><br> 10.95 g/l <br></p> ',34,1,'',1,NULL,NULL,0,0,0,0,0,0,0,1,0,0,0,0,0),
	(126,' <p style=\"text-align: left;\">The simplest formula of a compound containing 50% of element A (atomic mass 20) &amp; 50% of element B (atomic mass 40) is:</p> <br> ','AB|:A<sub>2</sub>B|:AB<sub>2</sub>|:A<sub>2</sub>B<sub>3</sub>','1',' <p style=\"text-align: left;\">100g of this compound will have 50g of A and 50g of B. Hence, <br><br>~~ \\Rightarrow \\frac{No.\\:of\\:atom\\:of\\:A}{No.\\:of\\:atom\\:of\\:B} = \\frac{50/20 * N_{ab}}{50/40 * N_{ab}} = \\frac{2}{1}~~<br><br> Hence, A<sub>2</sub>B is the molecule <br></p> ',34,1,'',1,NULL,NULL,0,0,0,0,0,0,0,1,0,0,0,0,0),
	(127,' <p style=\"text-align: left;\">Molality of 2M solution of sodium nitrate (M<sub>o</sub>=85) is 0.8 mol kg<sup>-1</sup>. Density of solution is (gm/cc)</p> <br> ','1.33|:2.33|:0.67|:2.67','3',' <p style=\"text-align: left;\"> ~~ m = \\frac{M}{\\frac{1000 \\rho - MM_o}{1000}} <br><br>=&gt; 1000 \\rho - MM_o = \\frac{1000M}{m}~~<br><br> ~~\\Rightarrow \\rho = (1000 *\\frac{M}{m} + MM_o) * 1/1000~~<br><br> ~~= (1000 *\\frac{2}{0.8} + 2*85) * 1/1000~~ = 2.67 g/ml <br></p> ',34,1,'',1,NULL,NULL,0,0,0,0,0,0,0,1,0,0,0,0,0),
	(128,' <p style=\"text-align: left;\">Which of the following quantity is not dependent on temperature?</p> <br> ','Molarity|:Normality|:Molality|:Mole Fraction','2|:3',' <p style=\"text-align: left;\"> Molality and Mole Fraction are independent of temperature (These are independent of volume)<br></p> ',34,1,'',1,NULL,NULL,0,0,0,0,0,0,0,1,0,0,0,0,0),
	(129,' <p style=\"text-align: left;\">Mole fraction of solute in water is 0.01. Molality is:</p> <br> ','0.25|:0.56|:0.86|:0.40','1',' <p style=\"text-align: left;\">~~m = \\frac{x_B}{1-x_B} * \\frac{1000}{M_A}~~<br><br> ~~\\frac{0.01}{0.99}*\\frac{1000}{18}~~<br><br> =0.56<br></p> ',34,1,'',1,NULL,NULL,0,0,0,0,0,0,0,1,0,0,0,0,0),
	(130,' <p style=\"text-align: left;\">A 50ml sucrose solution containing 25mg/ml of solute is diluted to 200mL. The strength of new solution is :</p> <br> ','6.25 g/l|:25 g/l|:12.5 g/l|:None of These','0',' <p style=\"text-align: left;\">Amount of sucrose in 50 ml is same as in diluted solution (200 ml) i.e. 50 * 25mg = 1.25g <br><br> =&gt; Wt. of sucrose in 1000 ml = 1.25 * 5 = 6.25g/l <br><br> Option A</p> <div><p>Option A</p> </div><span class=\"answer\">0</span> ',34,1,'',1,NULL,NULL,0,0,0,0,0,0,0,1,0,0,0,0,0),
	(131,' <p style=\"text-align: left;\">What is the number of mole of Fe(OH)<sub>3</sub> that can be produced by allowing 1 mole of Fe<sub>2</sub>S<sub>3</sub>, 2 mole of H<sub>2</sub>O and 3 mole of O<sub>2</sub> to react? $$2Fe_2S_3 + 6H_2O + 3O_2 \\rightarrow 4Fe(OH)_3 + 6S$$ </p> <br> ','2.5|:1.34|:0.66|:0.9','1',' <table><tbody><tr><td></td><td>~~2Fe_2S_3~~</td> <td>+</td> <td>~~6H_2O~~</td> <td>+</td> <td>~~3O_2~~</td> <td>~~\\rightarrow~~</td> <td>~~4Fe(OH)_3~~</td> <td>+</td> <td>~~6S~~</td></tr><tr><td>Initially: </td><td>1</td> <td></td> <td>2</td> <td></td> <td>3</td> <td></td> <td>-</td> <td></td> <td>-</td></tr><tr><td>Finally: </td><td>1/3</td> <td></td> <td>-</td> <td></td> <td>2</td> <td></td> <td>4/3</td> <td></td> <td>2</td></tr></tbody></table> <br><p></p> <div><p>Option B</p> </div><span class=\"answer\">1</span> ',34,1,'',1,NULL,NULL,0,0,0,0,0,0,0,1,0,0,0,0,0),
	(132,' <p style=\"text-align: left;\">A sample of H<sub>2</sub>SO<sub>4</sub> (density 2 g/ml) is 98% by weight. What is the volume of acid that has to be used to make 2L of 0.5M H<sub>2</sub>SO<sub>4</sub>?</p> <br> ','25 mL|:50 mL|:75 mL|:100 mL','1',' <p style=\"text-align: left;\">Molarity = ~~\\frac{10xd}{M_o}~~<br><br>~~\\frac{10 * 98 * 2}{98} = 20~~<br><br> Let V ml be the volume required<br><br> ~~V * 20 = .5 * 2000~~<br><br> =&gt; V= 50 ml<br></p> ',34,1,'',1,NULL,NULL,0,0,0,0,0,0,0,1,0,0,0,0,0),
	(133,' <p style=\"text-align: left;\">How much Na<sub>2</sub>SO<sub>4</sub> is required to make 500ml solution containing same concentration of Na ions as in 29.2g/l of NaCl:</p> <br> ','9.12 g|:17.75 g|:36.5 g|:None of These','1',' <p style=\"text-align: left;\">[NaCl] = 29.2 g/l <br> = 0.5M =&gt; [Cl<sup>-</sup>] = 0.5M =[Na<sup>+</sup>]</p><br><table><tbody><tr><td>~~Na_2SO_4~~</td><td>~~\\rightarrow~~ </td><td>	 </td><td>~~2Na^+~~</td><td>+</td><td>~~SO_4^{2-}~~</td></tr><tr> <td>0.25M</td><td></td><td>0.5M</td><td></td><td></td></tr></tbody></table><br><p style=\"text-align: left;\">=&gt; Wt of ~~Na_2SO_4~~ required = ~~\\frac{0.25}{2} * 142~~<br>&nbsp;&nbsp;&nbsp;&nbsp;&nbsp;&nbsp;&nbsp;&nbsp;&nbsp;&nbsp;&nbsp;&nbsp;=17.75g<br> Option B</p> ',34,1,'',1,NULL,NULL,0,0,0,0,0,0,0,1,0,0,0,0,0),
	(134,' <p style=\"text-align: left;\">Percentage labelling of oleum sample is 113.5%. Amount of SO<sub>3</sub> in 100 g oleum would be:</p> <br> ','20 g|:13.5 g|:60 g|:80 g','2',' <p style=\"text-align: left;\">113.5% oleum =&gt; 100g of oleum gives 113.5g of ~~H_2SO_4~~ on reaction with water<br><br>~~SO_3 + H_2O \\rightarrow H_2SO_4~~ <br>By law of conservation of mass <br><br> Mass of H<sub>2</sub>O reacted = 13.5g<br> =&gt; mol of H<sub>2</sub>O = ~~\\frac{13.5}{18}~~ = 0.75<br>=&gt; mol of SO<sub>3</sub> = 0.75 ~~\\equiv~~ 60g <br></p> ',34,1,'',1,NULL,NULL,0,0,0,0,0,0,0,1,0,0,0,0,0),
	(135,' <p style=\"text-align: left;\">What is the weight of CaO required to remove hardness of 1L of water containing 16.2 ppm of Ca(HCO<sub>3</sub>)<sub>2</sub></p> <br> ','5.6 mg|:56 g|:5.6 g|:None of These','0',' <p style=\"text-align: left;\">1 l of water ~~\\equiv~~ 16.2mg of ~~Ca(HCO_3)_2~~<br><br>~~Ca(HCO_3)_2 + CaO \\rightarrow 2CaCO_3 + H_2O~~<br><br> ~~\\frac{16.2}{162}~~mmol = 0.1 mmol = 5.6mg</p> <div><p>Option A</p> </div><span class=\"answer\">0</span> ',34,1,'',1,NULL,NULL,0,0,0,0,0,0,0,1,0,0,0,0,0),
	(136,' <p style=\"text-align: left;\">How many mol of ZnS is required to get 2 mol of Zinc. $$2ZnS + 3O_2 \\xrightarrow{25\\%} 2ZnO + 2SO_2$$ $$ZnO + H_2SO_4 \\xrightarrow{50\\%} 2ZnSO_4 + H_2O$$ $$2ZnSO_4 + H_2O \\xrightarrow{80\\%} 2Zn + 2H_2SO_4 + O_2$$</p> <br> ','20|:30|:15|:None of These','0',' <p style=\"text-align: left;\"> Overall Yield % = ~~\\frac{25}{100}*\\frac{50}{100}*\\frac{80}{100}*100~~<br><br> Let x moles of ZnS be required<br><br> =&gt; mol of ZnS formed = ~~\\frac{25}{100}*\\frac{50}{100}*\\frac{80}{100}*x = 2~~<br><br> =&gt; x = 20 <br></p> <div><p>Option A</p> </div><span class=\"answer\">0</span> ',34,1,'',1,NULL,NULL,0,0,0,0,0,0,0,1,0,0,0,0,0),
	(137,' <p style=\"text-align: left;\">One litre of water sample contains 0.0136 g of CaSO<sub>4</sub> &amp; 0.006g of MgSO<sub>4</sub>. Total hardness in terms of CaCO<sub>3</sub> is :</p> <br> ','10 ppm|:15 ppm|:20 ppm|:None of These','1',' <p style=\"text-align: left;\">Meq of CaSO<sub>4</sub> in 1L = ~~\\frac{0.0136}{136/2}*1000~~ = 0.2<br><br>Meq of MgSO<sub>4</sub> in 1L = ~~\\frac{0.006}{120/2}*1000~~ = 0.1<br><br>Meq of CaSO<sub>4</sub> + MgSO<sub>4</sub> = Meq of CaCO<sub>3</sub><br><br> =&gt; meq of CaCO<sub>3</sub> = 0.3 * 50 mg <br>=15mg in 1L ~~\\equiv~~ 15 ppm<br></p> <div><p>Option B</p> </div><span class=\"answer\">1</span> ',34,1,'',1,NULL,NULL,0,0,0,0,0,0,0,1,0,0,0,0,0),
	(138,' <div class=\"qtext\"><p style=\"text-align: left;\">How many of the following variables can be used to specify the state of a system? <br>Heat; Pressure; Temperature; Volume; Work</p> </div><br><br> ','2|:3|:4|:5','1',' <p style=\"text-align: left;\">Heat and Work are not part of any system. <br><br> They are only mode of transfer of energy </p>',34,1,'',1,NULL,NULL,0,0,0,0,0,0,0,1,0,0,0,0,0),
	(139,' <p style=\"text-align: left;\">What is the value of ~~\\Delta~~E in L-atm for the adiabatic expansion of a gas from 1.0 L to 2.0 L against a constant external pressure of 5.0 atm?</p> <br> ','-10 L-atm|:-5 L-atm|:5 L-atm|:10 L-atm','1','	 <p style=\"text-align: left;\"> For an adiabatic system, q = 0 <br><br> ~~\\Delta~~ E = W <br> <br> W = -P<sub>ext</sub> dV <br> W = -5 [2-1] <br><br> W = -5 L-atm<br><br> </p> ',34,1,'',1,NULL,NULL,0,0,0,0,0,0,0,1,0,0,0,0,0),
	(140,' <p style=\"text-align: left;\"> Which of the following is true when a gas moves freely from one part to another part of a rigid system? </p><br> ','Work is zero because the external pressure is zero|:Work is zero because ~~\\Delta~~V of the system is zero|:Work is zero only if the temperature is held constant|:Work is zero only if the external pressure is held constant','1',' <p style=\"text-align: left;\"> In Thermodynamics, we deal with properties at macro level, <br> i.e. at system level <br><br> In this case, Volume of the system is constant, therefore no work is done by system <br><br> <br> </p> ',34,1,'',1,NULL,NULL,0,0,0,0,0,0,0,1,0,0,0,0,0),
	(141,' <p style=\"text-align: left;\">Find out true(T) and false(F) for the following sentence: <br><br> The value of the work W in a reversible process in a closed system can be found so long as we know the initial state and the final state of the system </p> <br> ','','1',' <p style=\"text-align: left;\">Work is a path dependent function, hence the statement is false <br><br> <span class=\"blue\">Statement is false</span> </p> ',34,1,'',1,NULL,NULL,0,0,0,0,0,0,0,1,0,0,0,0,0),
	(142,' <p style=\"text-align: left;\"> Find out true(T) and false(F) for the following sentence:<br><br>A closed system at rest with no fields present, the sum q + w has the same value for every process that goes from a given state 1 to a given state 2</p> <br> ','','0',' <p style=\"text-align: left;\"> The sum q + w = ~~\\Delta~~E (Internal Energy) and ~~\\Delta~~E is a state function </p> ',34,1,'',1,NULL,NULL,0,0,0,0,0,0,0,1,0,0,0,0,0),
	(143,' <p style=\"text-align: left;\">Find out true(T) and false(F) for the following sentence:<br><br>The quantities H, U, PV, ~~\\Delta~~H and P~~\\Delta~~V all have the same dimensions</p> <br> ','','0',' <p style=\"text-align: left;\">All the quantities have dimensions of energy.<br><br> </p> <div class=\"blue\">Option A</div> <span class=\"answer\" style=\"display: none\">0</span> ',34,1,'',1,NULL,NULL,0,0,0,0,0,0,0,1,0,0,0,0,0),
	(144,' <img src=\"PrepSquare_logo_rgb.png\" style=\"float: right\" height=\"80\" ;=\"\"><br><br> <p style=\"text-align: left;\">Find out true(T) and false(F) for the following sentence:<br><br>A thermodynamic process is defined by the final state and the initial state</p> <br> ','','1',' <p style=\"text-align: left;\"> It is also necessary to define the path in order to completely define a thermodynamic process <br> </p> ',34,1,'',1,NULL,NULL,0,0,0,0,0,0,0,1,0,0,0,0,0),
	(145,' <p style=\"text-align: left;\">One mole of liquid water at 30<sup>o</sup>C is adiabatically compressed, P increasing from 1.00 to 5.00 atm. Since liquids and solids are rather incompressible, it is a fairly good approximation to take V as unchanged for this process. With this approximation, calculate sum of ~~\\Delta~~H and ~~\\Delta~~U for this process. Density of water is 1g/cc . (give your answer in L.atm~~*~~100) <br> <br> </p> ','','9',' <p style=\"text-align: left;\"> Because there is no volume change - <br><br> ~~\\Delta~~U = W <br> = -P<sub>ext</sub> dV = 0 <br><br> ~~\\Delta~~H = ~~\\Delta~~U + P~~\\Delta~~V + V~~\\Delta~~P <br><br> ~~\\therefore~~ ~~\\Delta~~H = V~~\\Delta~~P<br><br> = 18 x 10<sup>-3</sup> x 5 = 90 x 10<sup>-3</sup> <br><br> </p> ',34,1,'',1,NULL,NULL,0,0,0,0,0,0,0,1,0,0,0,0,0),
	(146,' <p style=\"text-align: left;\"> What is the thermodynamic efficiency of the engine? </p><br> ','80%|:65%|:40%|:85%','0',' <p style=\"text-align: left; line-height: 80px\">The efficiency for an engine <br> ~~e = \\frac{w}{q_h}~~ <br> ~~ = \\frac{(R)(T_h-T_c) ln(\\frac{V_2}{V_1})}{R T_h ln(\\frac{V_2}{V_1}) }~~ <br> ~~ \\Rightarrow e = \\frac{(T_h - T_c)}{T_h}~~ <br> = ~~\\frac{1000 - 200}{1000} = 0.8~~<br> e = 80% <br> </p> ',34,1,'',1,NULL,NULL,0,0,0,0,0,0,0,1,0,0,0,0,0),
	(147,' <p style=\"text-align: left;\">How much heat is rejected at the lower temperature, 200 K, during the isothermal compression? </p><br> ','33kJ|:25kJ|:30kJ|:20kJ','2','	 <p style=\"text-align: left;\"> ~~e = \\frac{q_h + q_c}{q_h} = \\frac{T_h-T_c}{T_h}~~ <br><br> ~~ = -\\frac{T_h}{T_c} = \\frac{q_h}{q_c}~~ <br><br> ~~\\Rightarrow -q_c = q_h \\frac{T_c}{T_h}~~<br><br> ~~\\Rightarrow -q_c~~ = 150 x ~~\\frac{200}{1000}~~<br><br> Heat rejected = 30kJ<br><br> </p> ',34,1,'',1,NULL,NULL,0,0,0,0,0,0,0,1,0,0,0,0,0),
	(148,' <p style=\"text-align: left;\">What is the entropy increase during the isothermal expansion at 1000 K?</p> <br><br> ','180 JK<sup>-1</sup>|:200 JK<sup>-1</sup>|:150 JK<sup>-1</sup>|:185 JK<sup>-1</sup>','2',' <p style=\"text-align: left;\"> ~~\\Delta S_{(inc)} = \\frac{q_{rev}}{T}~~ <br><br> ~~ = \\frac{q_h}{T_h}~~ <br><br> = 150 JK<sup>-1<br><br> </sup></p> ',34,1,'',1,NULL,NULL,0,0,0,0,0,0,0,1,0,0,0,0,0),
	(149,' <p style=\"text-align: left;\">What is the entropy decrease during the isothermal compression at 200 K?</p> <br> <br> ','175 JK<sup>-1</sup>|:185 JK<sup>-1</sup>|:225 JK<sup>-1</sup>|:150 JK<sup>-1</sup>','3',' <p style=\"text-align: left\">~~\\Delta S_{(dec)} = \\frac{q_c}{T_c}~~ <br><br> = 150 JK<sup>-1<br><br></sup></p> ',34,1,'',1,NULL,NULL,0,0,0,0,0,0,0,1,0,0,0,0,0),
	(150,' <p style=\"text-align: left;\">What is the overall entropy change for the entire cycle?<br><br> </p> <br> ','','0','',34,1,'',1,NULL,NULL,0,0,0,0,0,0,0,1,0,0,0,0,0),
	(151,' <p style=\"text-align: left;\"> What is the increase in Gibbs energy during the process A ~~\\rightarrow~~ B? </p> <br><br> ','-150 kJ|:175 kJ|:-250 kJ|:185 kJ','0','	 <p style=\"text-align: left; line-height: 60px\"> ~~\\Delta G = \\Delta H - T \\Delta S~~ <br> ~~\\Delta S~~ = 150 JK<sup>-1</sup> <br> ~~\\Delta H~~ = 0 <br><br> Using the above relation, <br> ~~\\Delta G~~ = -150 kJ <br><br> </p> ',34,1,'',1,NULL,NULL,0,0,0,0,0,0,0,1,0,0,0,0,0),
	(152,' <p style=\"text-align: left;\">Which of the following do you expect to have the largest entropy at 25<sup>o</sup>C?</p> <br> ','H<sub>2</sub>O (l)|:H<sub>2</sub>O (s)|:O<sub>2</sub> (g)|:CCl<sub>4</sub> (g)','3',' <p style=\"text-align: left;\">CCl<sub>4</sub> (g) will have more vibrational and rotational motion as compared to O<sub>2</sub> gas<br><br> </p>',34,1,'',1,NULL,NULL,0,0,0,0,0,0,0,1,0,0,0,0,0),
	(153,' <p style=\"text-align: left;\">Which of the following combinations is/ are correct? <br>(Multiple Answer Type)</p> <table style=\"font-size: 17px; text-align:center; padding:5px; border: 1px solid #ccc\"> <tbody><tr style=\"text-decoration: underline\"> <th></th> <th>Dehydro halogenation</th> <th>Nucleophilic Substitution</th> <th>Pyrolysis of esters</th> <th>Hydrogenation of alkenes</th></tr> <tr><td>A. </td> <td>~~\\Delta S = +ve~~</td> <td>~~\\Delta S = 0~~</td> <td>~~\\Delta S = +ve~~</td> <td>~~\\Delta S = -ve~~</td></tr> <tr><td> </td> <td>~~\\Delta H = +ve~~</td> <td>~~\\Delta H = -ve~~</td> <td>~~\\Delta H = +ve~~</td> <td>~~\\Delta H = -ve~~</td></tr> <tr><td> B. </td> <td>Rate exceeds in forward direction with temperature increase </td> <td>No significant effect of temperature</td> <td>Rate proceeds in forward direction with increase in temperature </td> <td>Low temperature is favoured for reaction</td></tr> <tr><td>C. </td> <td>~~\\Delta G = -ve~~</td> <td>~~\\Delta G = -ve~~</td> <td>~~\\Delta G = -ve~~</td> <td>~~\\Delta G = -ve~~</td></tr> <tr><td>D. </td> <td>~~\\Delta S = 0~~</td> <td>~~\\Delta S = +ve~~</td> <td>~~\\Delta S = +ve~~</td> <td>~~\\Delta S = +ve~~</td></tr> <tr><td> </td> <td>~~\\Delta H = +ve~~</td> <td>~~\\Delta H = -ve~~</td> <td>~~\\Delta H = -ve~~</td> <td>~~\\Delta H = -ve~~</td></tr> </tbody></table> ','','0|:1|:2',' <p style=\"text-align: left;\"> In elimination reactions, number of products are greater than that of reactants. <br><br> So, ~~\\Delta S~~ is positive. <br><br> In substitution reactions, number of products is equal to number of reactants, <br><br> ~~\\Delta S~~ is 0</p> <p style=\"text-align: left;\"> In hydrogenation of alkenes, number of products are less than that of reactants.<br><br> So, ~~\\Delta S~~ is negative.<br><br> </p> ',34,1,'',1,NULL,NULL,0,0,0,0,0,0,0,1,0,0,0,0,0),
	(154,' <p style=\"text-align: left;\">It has been observed that the ratio of the molar heat of vaporization of liquid and its normal boiling point is approximately same for most of the liquids. (called Trouton\'s rule) Which of the following does not follow this rule</p> <br> ','C<sub>6</sub>H<sub>6</sub>|:C<sub>6</sub>H<sub>14</sub>|:CCl<sub>4</sub>|:NH<sub>3</sub>','3',' <p style=\"text-align: left;\"> </p> ',34,1,'',1,NULL,NULL,0,0,0,0,0,0,0,1,0,0,0,0,0),
	(155,' <p style=\"text-align: left;\"> One mole of an ideal monoatomic gas expands isothermally against constant external pressure of 1atm from initial volume of 1L to a state where its final pressure becomes equal to external pressure. If initial temperature of gas is 300 K then total entropy change of system in the above process is <br> [R = 0.082 L atm mol<sup>-1</sup> K<sup>-1</sup> <br>= 8.3 J mol<sup>-1</sup> K<sup>-1</sup> ] </p> <br> ','','1',' <p style=\"text-align: left;\"> ~~\\Delta S = n\\:R\\:ln(\\frac{V_f}{V_t})~~<br><br> ~~= R \\:ln\\: (\\frac{P_t}{P_f})~~<br><br> ~~ = R\\: ln\\: (\\frac{300R}{(1L)(1atm)})~~<br><br> ~~ = R\\: ln(24.6)~~<br><br></p> ',34,1,'',1,NULL,NULL,0,0,0,0,0,0,0,1,0,0,0,0,0),
	(156,' <p style=\"text-align: left;\"> Match the columns </p> <br> <table> <tbody><tr style=\"text-decoration: underline\"> <th></th><th>Column 1</th><th></th><th>Column 2</th> </tr> <tr><td>(A)</td><td>Perfectly Crystalline Solid</td> <td>(1)~~\\;~~</td> <td>~~\\Delta H_{sys} = 0~~</td></tr> <tr><td>(B)</td><td>Reversible cyclic process</td> <td>(2)~~\\;~~</td> <td>~~\\lim_{T\\rightarrow 0}S \\rightarrow 0~~</td></tr> <tr><td>(C)</td><td>Irreversible cyclic process</td> <td>(3)~~\\;~~</td> <td>~~\\Delta S_{surrounding} = 0~~</td></tr> <tr><td>(D)</td><td>Any adiabatic process</td> <td>(4)~~\\;~~</td> <td>~~\\Delta U_{system} = 0~~</td></tr> </tbody></table> ','','1|:|:0|:2|:3|:|:0|:3|:|:2',' <p style=\"text-align: left;\"> (A) 3<sup>rd</sup> law states that ~~\\lim_{T\\rightarrow 0}S \\rightarrow 0~~ for a perfect solid<br><br> Hence (A) is matched to option (2) <br><br><br> (B) In reversible cyclic process, every net energy change is zero<br><br> Hence (B) is matched to options (1), (3), (4) <br><br><br></p> <p style=\"text-align: left;\"> (C) In irreversible cyclic process, ~~\\Delta S_{sys} = 0~~ but ~~\\Delta S_{surr} &gt; 0~~ by 2<sup>nd</sup> law and all state functions are zero<br><br> Hence (C) is matched to options (1),(4) <br><br><br> (D) In adiabatic process net heat change is zero, so ~~\\Delta S_{surr}~~ = 0<br> <br> Hence (D) is matched to option (3) <br><br> <br> </p> <span class=\"answer\" style=\"display: none\">1|:|:0|:2|:3|:|:0|:3|:|:2</span> ',34,1,'',1,NULL,NULL,0,0,0,0,0,0,0,1,0,0,0,0,0),
	(157,' <p style=\"text-align: left;\">There are two samples of same gas initial under similar initial state. Gases of both the samples are expanded. 1st sample using reversible isothermal process and 2nd sample using reversible adiabatic process till final pressures of both the samples becomes half of initial pressure, then</p> <br> ','Final volume of 1st sample &lt; final volume of 2nd sample|:Final volume of 2nd sample &lt; final volume of 1st sample|:Final volumes will be equal|:Information is insufficient','1',' <img src=\"../api/resources/questions/s8q20img1.png\" style=\"float: center\" width=\"400\"> <br><br> <p style=\"text-align: left;\"> The figure for the process is shown above<br><br> From the figure, it is clear that - ~~(V_f)_{isothermal} &gt; (V_f)_{adiabatic}~~ <br> </p> ',34,1,'',1,NULL,NULL,0,0,0,0,0,0,0,1,0,0,0,0,0),
	(158,' <p style=\"text-align: left;\">The entropy change for the isothermal expansion of an ideal gas at 300 K from a particular state A to a state B is 50 J K<sup>-1</sup>. When an expansion was performed, the work done by the system was 6 kJ. The process is </p> <br> ','Can be both|:Reversible|:Irreversible|:Cannot be calculated','2',' <p style=\"text-align: left;\"> Let us first start by describing a reversible isothermal expansion<br><br> ~~\\Delta U = q_{rev} + w_{rev}~~ = 0 <br><br> ~~\\Rightarrow w_{rev} = -q_{rev} = -T\\Delta S~~ = -(300)(50) <br><br> ~~\\Rightarrow w_{rev}~~ by system = 15 kJ or ~~w_{rev}~~ = -15 kJ <br><br> Given that the actual work done by the system is -6 kJ which is less than the value we calculated above, we know that the process is an irreversible one.	<br><br> </p>',34,1,'',1,NULL,NULL,0,0,0,0,0,0,0,1,0,0,0,0,0),
	(159,' <p style=\"text-align: left;\">For each of the following processes, state which of the quantities ~~\\Delta U~~, ~~\\Delta H~~, ~~\\Delta S~~, and ~~\\Delta G~~ are equal to zero ( Give your answer in numbers like for one quantity your answer is 1 for two your answer is 2, like wise) </p> <br> <table> <tbody><tr style=\"text-decoration: underline\"> <th style=\"width: 5%\"></th><th>Col 1</th><th style=\"width: 5%\"></th><th style=\"width: 15%\">Col 2</th> </tr> <tr><td>(A)</td><td>Isothermal reversible expansion of an ideal gas</td> <td>(1)~~\\;~~</td> <td>0</td></tr> <tr><td>(B)</td><td>Adiabatic reversible expansion of a nonideal gas</td> <td>(2)~~\\;~~</td> <td>1</td></tr> <tr><td>(C)</td><td>Vaporization of liquid water at 80<sup>o</sup>C and 1 bar pressure</td> <td>(3)~~\\;~~</td> <td>2</td></tr> </tbody></table> ','','2|:|:1|:|:0|:|:1|:|:1|:|:0',' <p style=\"text-align: left;\"> (A) Isothermal reversible expansion of an ideal gas - &nbsp;&nbsp;&nbsp; ~~\\Delta H~~ and ~~\\Delta U~~ are zero <br> Hence (A) is matched to (3) <br><br>	 (B) Adiabatic reversible expansion of a nonideal gas - &nbsp;&nbsp;&nbsp; ~~\\Delta S~~ will be zero <br> Hence (B) is matched to (2) <br><br> (C) Vaporization of liquid water at 80<sup>o</sup>C and 1 bar pressure - &nbsp;&nbsp;&nbsp; For this process, none of the quantities are zero <br> Hence (C) is matched to (1) <br><br></p> <p style=\"text-align: left;\"> (D) Vaporization of liquid water at 100<sup>o</sup>C and 1 bar pressure - &nbsp;&nbsp;&nbsp; ~~\\Delta G~~ is zero =&gt; the system is at equilibrium <br> Hence (D) is matched to (2) <br><br> (E) Reaction between H<sub>2</sub> and O<sub>2</sub> in a thermally insulated bomb - &nbsp;&nbsp;&nbsp; ~~\\Delta U~~ will be zero <br> Hence (E) is matched to (2) <br><br> (F)Reaction between H<sub>2</sub>SO<sub>4</sub> and NaOH in dilute aqueous solution at constant temperature and pressure - &nbsp;&nbsp;&nbsp; For this process, none of the quantities are zero <br> Hence (F) is matched to (1) </p> ',34,1,'',1,NULL,NULL,0,0,0,0,0,0,0,1,0,0,0,0,0),
	(160,' <p style=\"text-align: left;\">Which of the following cell representations is / are correct ? </p> <br> ','Pt, H<sub>2</sub>(1 bar) | HCl<sub>(aq)</sub> | Pt, Cl<sub>2</sub>(1 bar)|:Hg | Hg<sub>2</sub>Cl<sub>2(s)</sub> | HCl<sub>(aq)</sub> | Pt, H<sub>2</sub>(1 bar)|:Ag | AgCl<sub>(s)</sub>(1 bar) | KCl<sub>(aq)</sub> | Hg<sub>2</sub>Cl<sub>2</sub>(s) | Hg|:Pt, H<sub>2</sub>(1 bar) | HI | AuI<sub>(s)</sub> | Au','0|:1|:2|:3',' <p style=\"text-align: left;\">a. At Anode &nbsp;&nbsp;&nbsp;&nbsp;&nbsp;&nbsp;&nbsp; ~~H_2 \\rightarrow 2H^+ + 2e^-~~<br>&nbsp;&nbsp; At Cathode &nbsp;&nbsp;&nbsp;&nbsp;&nbsp;&nbsp; ~~Cl_2 + 2e^- \\rightarrow 2Cl^{2-}~~ <br>&nbsp;&nbsp; Overall reaction ~~H_2 + Cl_2 \\rightarrow 2HCl~~<br><br><br> b. At Anode &nbsp;&nbsp;&nbsp;&nbsp;&nbsp;&nbsp;&nbsp; ~~2Hg + 2Cl^- \\rightarrow Hg_2Cl_2 + 2e^-~~<br>&nbsp;&nbsp; At Cathode &nbsp;&nbsp;&nbsp;&nbsp;&nbsp;&nbsp; ~~2H^+ + 2e^- \\rightarrow H_2~~ <br>&nbsp;&nbsp; Overall reaction ~~2Hg + 2HCl \\rightarrow Hg_2Cl_2 + H_2~~</p> <p style=\"text-align: left;\">c. At Anode &nbsp;&nbsp;&nbsp;&nbsp;&nbsp; ~~2Ag + 2Cl^- \\rightarrow 2AgCl + 2e^-~~<br>&nbsp;&nbsp; At Cathode &nbsp;&nbsp;&nbsp;&nbsp; ~~Hg_2Cl_2 + 2e^- \\rightarrow 2Hg + 2Cl^{2-}~~ <br>&nbsp;&nbsp; Overall reaction ~~2Ag + Hg_2Cl_2 \\rightarrow 2AgCl + 2Hg~~<br><br><br> d. At Anode &nbsp;&nbsp;&nbsp;&nbsp;&nbsp; ~~H_2 \\rightarrow 2H^+ + 2e^-~~<br>&nbsp;&nbsp; At Cathode &nbsp;&nbsp;&nbsp;&nbsp; ~~2AuI + 2e^- \\rightarrow 2Au + 2I^-~~ <br>&nbsp;&nbsp; Overall reaction ~~H_2 + 2AuI \\rightarrow 2Au + 2HI ~~<br><br><br> Option A, B, C, D </p> ',34,1,'',1,NULL,NULL,0,0,0,0,0,0,0,1,0,0,0,0,0),
	(161,' <p style=\"text-align: left;\">Given the following half reactions: <br>~~Ag^+_{aq} + e^- \\rightarrow Ag_{(s)} \\;\\;\\; E^o = +0.799 V~~<br>~~AgCl_{s} + e^- \\rightarrow Ag_{(s)} + Cl^-_{aq} \\;\\;\\; E^o = +0.222 V~~<br> Calculate the molar solubility of AgCl</p> <br> ','~~4.46*10^{-9}~~M|:~~1.34*10^{-5}~~M|:~~1.79*10^{-10}~~M|:~~0.577~~M','1',' <table> <tbody><tr> <td>AgCl<sub>(s)</sub></td><td>+</td><td>e<sup>-</sup></td><td>~~\\longrightarrow~~</td><td>Ag<sub>(s)</sub></td><td>+</td><td>Cl<sup>-</sup></td> <td>&nbsp;&nbsp;&nbsp;~~\\Delta G_1^o = - 1F (0.222)~~</td> </tr> <tr> <td>Ag<sub>(s)</sub></td><td></td><td></td><td>~~\\longrightarrow~~</td><td>Ag<sup>+</sup></td><td>+</td><td>e<sup>-</sup></td><td>&nbsp;&nbsp;&nbsp;~~\\Delta G_2^o = - 1F (0.799)~~</td> </tr> <tr style=\"border: top\"> <td>AgCl</td><td></td><td></td><td>~~\\longrightarrow~~</td><td>Ag<sup>+</sup></td><td>+</td><td>Cl<sup>-</sup></td><td>&nbsp;&nbsp;&nbsp;~~\\Delta G_3^o = -2.303RT \\log K_{sp}~~</td> </tr></tbody></table><br><p style=\"text-align: left;\"> ~~\\Delta G_3^o =\\Delta G_1^o + \\Delta G_2^o~~ <br>We can solve for K<sub>sp</sub> and solubility = ~~\\sqrt{K_{sp}}~~<br><br> </p> ',34,1,'',1,NULL,NULL,0,0,0,0,0,0,0,1,0,0,0,0,0),
	(162,' <p style=\"text-align: left;\"> If aq. NaCl is electrolysed using graphite as anode and Hg as cathode, then products are: </p> ','Cl<sub>2</sub> gas at anode and Na at cathode |:Cl<sub>2</sub> gas at anode and H<sub>2</sub> gas at cathode|:O<sub>2</sub> gas at anode and H<sub>2</sub> gas at cathode|:Cl<sub>2</sub> gas at anode and O<sub>2</sub> gas at cathode','0',' <p style=\"text-align: left;\"> In presence of Hg electrode the over voltage of H<sub>2</sub> is very high and reduction of H<sub>2</sub>O is not possible<br> <br> </p> ',34,1,'',1,NULL,NULL,0,0,0,0,0,0,0,1,0,0,0,0,0),
	(163,' <p style=\"text-align: left;\">100ml of 0.1M NaCl solution is electrolysed. What will be the final pH of solution if 0.05F charge is passed in the solution. Assume volume of solution remains constant. </p> <br> ','','13',' <p style=\"text-align: left;\"> 2NaCl + 2H<sub>2</sub>O ~~\\longrightarrow~~ 2NaOH + Cl<sub>2</sub> + H<sub>2</sub> <br> Moles of NaCl present = 0.01 Moles. <br><br> So only 0.01F charge is required for complete electrolysis of the solution, remaining amount of charge will electrolyse only water and pH will not alter by electrolysis of H<sub>2</sub>O.<br> Therefore moles of NaOH produced = 0.01 moles in 100 ml solution. <br><br> </p> ',34,1,'',1,NULL,NULL,0,0,0,0,0,0,0,1,0,0,0,0,0),
	(164,' <p style=\"text-align: left;\">Which of the following cell representation is / are correct for the following reaction <br> ~~3 Au^+ \\longrightarrow Au^{3+} + 2 Au~~ </p> ','Au | Au<sup>+</sup> || Au<sup>3+</sup>,Au<sup>+</sup> | Au|:Au | Au<sup>+</sup>,Au<sup>3+</sup> || Au<sup>+</sup> | Au|:Au | Au<sup>3+</sup> || Au<sup>+</sup> | Au|:A &amp; B both are correct','1|:2',' <p style=\"text-align: left;\"> a. At Anode &nbsp;&nbsp;&nbsp;&nbsp;&nbsp;&nbsp;&nbsp; ~~2 Au \\rightarrow Au^+ + 2e^-~~<br>&nbsp;&nbsp; At Cathode &nbsp;&nbsp;&nbsp;&nbsp;&nbsp;&nbsp;&nbsp; ~~Au^{3+} + 2e^- \\rightarrow Au^{+}~~ <br>&nbsp;&nbsp;&amp; Overall reaction ~~2 Au + Au^{3+} \\rightarrow 3 Au^+~~<br><br> b. At Anode &nbsp;&nbsp;&nbsp;&nbsp;&nbsp;&nbsp;&nbsp; ~~Au^+ \\rightarrow Au^{3+} + 2e^-~~<br>&nbsp;&nbsp; At Cathode &nbsp;&nbsp;&nbsp;&nbsp;&nbsp;&nbsp;&nbsp; ~~2Au^+ + 2e^- \\rightarrow 2 Au~~ <br>&nbsp;&nbsp; Overall reaction ~~3Au^+ \\rightarrow Au^{3+} + 2 Au~~<br><br> c. At Anode &nbsp;&nbsp;&nbsp;&nbsp;&nbsp;&nbsp;&nbsp; ~~Au \\rightarrow Au^{3+} + 3e^-~~<br>&nbsp;&nbsp; At Cathode &nbsp;&nbsp;&nbsp;&nbsp;&nbsp;&nbsp;&nbsp; ~~3Au^{+} + 3e^- \\rightarrow 3Au~~ <br>&nbsp;&nbsp; Overall reaction ~~3Au^+ \\rightarrow Au^{3+} + 2Au~~ <br> </p> ',34,1,'',1,NULL,NULL,0,0,0,0,0,0,0,1,0,0,0,0,0),
	(165,' <p style=\"text-align: left;\">In the cell reaction what should be the value of n: <br></p><table> <tbody><tr> <td>Au</td><td></td><td></td><td>~~\\longrightarrow~~</td><td>Au<sup>3+</sup></td><td>+</td><td>3e<sup>-</sup></td> <td>&nbsp;&nbsp;&nbsp;~~\\Delta G_1^o = -n~~<sub>1</sub>F E<sub>1</sub><sup>o</sup></td> </tr> <tr> <td>3Au<sup>+</sup></td><td>+</td><td>3e<sup>-</sup></td><td>~~\\longrightarrow~~</td><td>3Au</td><td></td><td></td><td>&nbsp;&nbsp;&nbsp;~~\\Delta G_2^o = -n~~<sub>2</sub>F E<sub>2</sub><sup>o</sup></td> </tr> <tr style=\"border: top\"> <td>3Au<sup>+</sup></td><td></td><td></td><td>~~\\longrightarrow~~</td><td>Au<sup>3+</sup></td><td>+</td><td>2Au</td><td>&nbsp;&nbsp;&nbsp;~~\\Delta G_3^o = -n~~F E<sup>o</sup></td> </tr></tbody></table><p></p> <br> ','','2',' <p style=\"text-align: left;\">In the overall reaction only 2 electrons are transfered at any of the electrode<br><br></p> ',34,1,'',1,NULL,NULL,0,0,0,0,0,0,0,1,0,0,0,0,0),
	(166,' <p style=\"text-align: left;\">Which of the following reaction can be treated as concentration cell</p> <br> ','H<sup>+</sup> + OH<sup>-</sup> ~~\\rightarrow~~ H<sub>2</sub>O|:Ag<sup>+</sup> + Br<sup>-</sup>~~\\rightarrow~~ AgBr<sub>(s)</sub> |:Ag<sub>2</sub>S ~~\\rightarrow~~2Ag<sup>+</sup> + S<sup>2-</sup>|:All can be treated as concentration cell','3',' <p style=\"text-align: left;\">a. At Anode &nbsp;&nbsp;&nbsp;&nbsp;&nbsp;&nbsp;&nbsp; ~~H_2 + 2OH^- \\rightarrow 2H_2O + 2e^-~~<br>&nbsp;&nbsp; At Cathode &nbsp;&nbsp;&nbsp;&nbsp;&nbsp;&nbsp; ~~2H^+ + 2e^- \\rightarrow H_2~~ <br>&nbsp;&nbsp; Overall reaction ~~H^+ + OH^- \\rightarrow H_2O~~<br><br> b. At Anode &nbsp;&nbsp;&nbsp;&nbsp;&nbsp;&nbsp;&nbsp; ~~Ag + Br^- \\rightarrow AgBr_{(s)} + e^-~~<br>&nbsp;&nbsp; At Cathode &nbsp;&nbsp;&nbsp;&nbsp;&nbsp;&nbsp; ~~Ag^+ + e^- \\rightarrow Ag~~ <br>&nbsp;&nbsp; Overall reaction ~~Ag^+ + br^- \\rightarrow AgBr~~<br><br>c. At Anode &nbsp;&nbsp;&nbsp;&nbsp;&nbsp;&nbsp;&nbsp; ~~2Ag \\rightarrow 2Ag^+ + 2e^-~~<br>&nbsp;&nbsp; At Cathode &nbsp;&nbsp;&nbsp;&nbsp;&nbsp;&nbsp; ~~Ag_2S + 2e^- \\rightarrow Ag + S^{2-}~~ <br>&nbsp;&nbsp; Overall reaction ~~Ag_2S \\rightarrow 2Ag^+ + 2S^-~~<br><br></p> ',34,1,'',1,NULL,NULL,0,0,0,0,0,0,0,1,0,0,0,0,0),
	(167,' <p style=\"text-align: left;\">For which of the following compound conductivity (k) and molar conductance ~~\\lambda_m~~ both do not change on dilution</p> <br> ','HCl<sub>(aq)</sub>|:CH<sub>3</sub>COOH|:AgCl (saturated solution)|:NaOH','2','	 <p style=\"text-align: left;\"> On dilution of AgCl solution, solubility does not change so there will be no impact on k and ~~\\lambda_m~~ <br><br> Option C </p>	 ',34,1,'',1,NULL,NULL,0,0,0,0,0,0,0,1,0,0,0,0,0),
	(168,' <p style=\"text-align: left;\"> On dilution of a weak electrolyte ~~\\lambda_m~~ increases due to the fact: </p> ','Mobility of each ion increases as attraction between oppositely charged ions decreases on dilution.|:Degree of ionization increases on dilution |:Both a and b are true|:Both a abd b are false','1',' <p style=\"text-align: left;\"> In case of weak electrolyte, ions are already present at infinite dilution so there will be no impact of dilution on their attraction <br><br></p> ',34,1,'',1,NULL,NULL,0,0,0,0,0,0,0,1,0,0,0,0,0),
	(169,' <p style=\"text-align: left;\">Correct cell representation for the cell reaction: <br> ~~HgO_{(s)} + H_{2(g)} \\longrightarrow Hg_{(l)} + H_2O_{(l)}~~ is </p><br> ','Pt, ~~P_{H_2}~~ | H<sup>+</sup>, ~~HgO_{(s)}~~ | ~~Hg_{(l)}~~|:Pt, ~~P_{H_2}~~ | H<sup>+</sup> || ~~HgO_{(s)}~~ | ~~Hg_{(l)}~~|:Pt, ~~P_{H_2}~~ | OH<sup>-</sup> || ~~OH^-, HgO_{(s)}~~ | ~~Hg_{(l)}~~|:Pt, ~~P_{H_2}~~ | OH<sup>-</sup>, ~~HgO_{(s)}~~ | ~~Hg_{(l)}~~','0',' <p style=\"text-align: left;\"> At Anode &nbsp;&nbsp;&nbsp; ~~H_2 \\longrightarrow 2H^+ + 2e^-~~ <br><br> At Cathode&nbsp;&nbsp;&nbsp; ~~HgO_{(s)} + 2H^+ + 2e^- \\longrightarrow Hg + H_2O~~ <br><br> </p>',34,1,'',1,NULL,NULL,0,0,0,0,0,0,0,1,0,0,0,0,0),
	(170,' <p style=\"text-align: left;\">What should be the value of E<sup>o</sup><sub>red</sub> for the reaction: <br> ~~AgCl + e^- \\longrightarrow Ag + Cl^-~~ <br><br> Given ~~E^o_{Ag^+/Ag} = 0.8V~~ and K<sub>sp</sub>(AgCl) = 10<sup>-10</sup></p> <br> ','E<sup>o</sup><sub>red</sub> = 0.8 - 0.059 logK<sub>sp</sub>|:E<sup>o</sup><sub>red</sub> = 0.8 V|:E<sup>o</sup><sub>red</sub> = 0.8 + 0.059 logK<sub>sp</sub>|:E<sup>o</sup><sub>red</sub> = 0.059 logK<sub>sp</sub>','0',' <table> <tbody><tr> <td>AgCl<sub>(s)</sub></td><td></td><td></td><td>~~\\longrightarrow~~</td><td>Ag<sup>+</sup></td><td>+</td><td>Cl<sup>-</sup></td> <td>&nbsp;&nbsp;&nbsp;~~\\Delta G_1^o = - 2.303RT \\log K~~<sub>sp</sub></td> </tr> <tr> <td>Ag<sup>+</sup></td><td>+</td><td>e<sup>-</sup></td><td>~~\\longrightarrow~~</td><td>Ag</td><td></td><td></td><td>&nbsp;&nbsp;&nbsp;~~\\Delta G_2^o = - nF (0.8)~~</td> </tr> <tr style=\"border: top\"> <td>AgCl<sub>(s)</sub></td><td>+ </td><td></td><td>~~\\longrightarrow~~</td><td>Ag<sub>(s)</sub></td><td>+</td><td>Cl<sup>-</sup></td><td>&nbsp;&nbsp;&nbsp;~~\\Delta G_3^o = - nF E^o_{red}~~</td> </tr></tbody></table> <br><br><p style=\"text-align: left;\"> ~~\\Delta G_3^o =\\Delta G_1^o + \\Delta G_2^o~~ <br></p> ',34,1,'',1,NULL,NULL,0,0,0,0,0,0,0,1,0,0,0,0,0),
	(171,' <p style=\"text-align: left;\">The value of E<sup>o</sup><sub>cell</sub> for the following cell: <br> Ag | AgBr<sub>(s)</sub>, KBr || KCl, AgCl<sub>(s)</sub> | Ag &nbsp;&nbsp;&nbsp; is K<sub>sp</sub>(AgCl) = 10<sup>-10</sup> and K<sub>sp</sub>(AgBr) = 10<sup>-13</sup> </p><br> ','~~E^o = 0.059 \\log {\\frac{k_sp(AgCl)}{k_sp(AgBr)}}~~|:~~E^o = 0.059 \\log {\\frac{k_sp(AgBr)}{k_sp(AgCl)}}~~|:~~E^o = 0.059 \\log {\\frac{k_sp(Cl^-)}{k_sp(Br^-)}}~~|:~~E^o = 0.059 \\log {\\frac{k_sp(Br^-)}{k_sp(Cl^-)}}~~','2',' <p style=\"text-align: left;\"> Overall reaction is: ~~AgBr_{(s)} + Cl^- \\longrightarrow AgCl_{(s)} + Br^-~~<br><br></p> ',34,1,'',1,NULL,NULL,0,0,0,0,0,0,0,1,0,0,0,0,0),
	(172,' <p style=\"text-align: left;\">Which thermodynamic quantity will not change if there is no impact of temperature on cell potential: </p> ','~~\\Delta G~~|:~~\\Delta H~~|:~~\\Delta S~~|:~~\\Delta U~~','2','	 <p style=\"text-align: left;\"> ~~\\Delta S = \\frac{-d (\\Delta G)}{dT} = nF \\frac{dE}{dT}~~<br><br> <br></p> ',34,1,'',1,NULL,NULL,0,0,0,0,0,0,0,1,0,0,0,0,0),
	(173,' <p style=\"text-align: left;\"> Which of the following ions have maximum mobility in water: </p> <br> ','OH<sup>-</sup>|:Cl<sup>-</sup>|:NO<sub>3</sub><sup>-</sup>|:H<sup>-</sup>','0',' <p style=\"text-align: left; line-height: 60px\"> OH<sup>-</sup>, due to Grothus Effect <br></p> ',34,1,'',1,NULL,NULL,0,0,0,0,0,0,0,1,0,0,0,0,0),
	(174,' <p style=\"text-align: left;\">Which of the following can produce maximum electrical work ?</p> <br> ','Pt, H<sub>2</sub> | 0.1M NH<sub>4</sub>Cl || 0.1M Ch<sub>3</sub>COOH | H<sub>2</sub>,Pt|:Pt, H<sub>2</sub> | 0.1M HCl || 0.1M NaOH | H<sub>2</sub>,Pt|:Pt, H<sub>2</sub> | 0.1M NaOH || 0.1M HCl | H<sub>2</sub>,Pt|:Pt, H<sub>2</sub> | 0.1M Ch<sub>3</sub>COOH || 0.1M HCl | H<sub>2</sub>,Pt','2',' <p style=\"text-align: left;\">At Anode: &nbsp;&nbsp;&nbsp;&nbsp;&nbsp;&nbsp; ~~H_2 \\longrightarrow 2H^+_{(a)} + 2e^-~~<br> At Cathode: &nbsp;&nbsp;&nbsp; ~~2H^+_{(c)} + 2e^- \\longrightarrow H_2~~ <br> Overall: &nbsp;&nbsp;&nbsp;&nbsp;&nbsp;&nbsp;&nbsp;&nbsp; ~~H^+_{(c)} \\longrightarrow H^+_{(a)}~~ <br><br> ~~E_{cell} = 0 - 0.059 \\log{\\frac{[H^+]_a}{[H^+]_c}}~~ <br><br> So anodic concentration should be less and cathodeic concentration should be high<br></p> ',34,1,'',1,NULL,NULL,0,0,0,0,0,0,0,1,0,0,0,0,0),
	(175,' <p style=\"text-align: left;\">Consider the following galvanic cell: </p><img src=\"../api/resources/questions/s9q16img1.jpg\"><br> <p style=\"text-align: left; display: inline-block;\"> By what value the cell voltage changes when concentration of ions in anodic and cathodeic compartments both increased by a factor of 10 at 298 K </p> ','+0.0591|:–0.0591|:–0.1182|:0','2','	 <p style=\"text-align: left;\"> Overall reaction is: ~~H_2 + Cl_2 \\longrightarrow 2 HCl~~ <br><br> </p> ',34,1,'',1,NULL,NULL,0,0,0,0,0,0,0,1,0,0,0,0,0),
	(176,' <p style=\"text-align: left;\">The correct order of equivalent conductance at infinite dilution of LiCl, NaCl and KCl is</p> <br> ','LiCl &gt; NaCl &gt; KCl|:KCl &gt; NaCl &gt; LiCl|:NaCl &gt; KCl &gt; LiCl|:LiCl &gt; KCl &gt; NaCl','1','	 <p style=\"text-align: left;\"> <br><br></p> ',34,1,'',1,NULL,NULL,0,0,0,0,0,0,0,1,0,0,0,0,0),
	(177,' <p style=\"text-align: left;\"> What is the value of pK<sub>b</sub> (CH<sub>3</sub>COO<sup>-</sup>) if ~~\\lambda_m^\\infty~~ = 390 &amp; ~~\\lambda_{m}~~ = 7.8 for 0.04M of CH<sub>3</sub>COOH at 25<sup>o</sup>C </p> <br> ','9.3|:9.2|:4.7|:4.8','1',' <p style=\"text-align: left;\"> ~~\\alpha = \\frac{\\lambda_m}{\\lambda_{\\infty}} = \\frac{7.8}{390} = 0.02~~<br><br>~~\\Rightarrow K_{a(CH_3COOH)} = C\\alpha^2 = 4.8 * (0.2)^2~~<br><br> ~~\\Rightarrow pK_a =6 - log 2^4 = 6 - 4*0.3 =4.8~~<br><br>~~\\Rightarrow pK_b{(CH_3COO)^-} = 14 - pK_a = 9.2~~ <br><br></p> ',34,1,'',1,NULL,NULL,0,0,0,0,0,0,0,1,0,0,0,0,0),
	(178,' <p style=\"text-align: left;\"> Match the column: </p> <table> <tbody><tr style=\"text-decoration: underline\"> <th></th><th style=\"width:45%\">Column 1</th><th></th><th style=\"width:45%\">Column 2</th> </tr> <tr><td>(A)</td><td>Molten PbCl<sub>2</sub> using inert electrode</td> <td>&nbsp;&nbsp;(P) </td> <td>Metal of salt will be reduced</td></tr> <tr><td>(B)</td><td>Sodium chloride solution using inert electrode</td> <td>&nbsp;&nbsp;(Q) </td> <td>~~H_2O + 2e^- ~~<br>&nbsp;&nbsp;~~\\rightarrow H_{2(g)} + 2OH^-~~</td></tr> <tr><td>(C)</td><td>Silver nitrate solution with silver electrode</td> <td>&nbsp;&nbsp;(R) </td> <td>Solution become basic after electrolysis</td></tr> <tr><td>(D)</td><td>Sodium nitrate solution using inert electrode</td> <td>&nbsp;&nbsp;(S) </td> <td>Solution remains neutral after electrolysis</td></tr> <tr><td></td><td></td> <td>&nbsp;&nbsp;(T)</td> <td>Solution become acidic after electrolysis</td></tr> </tbody></table> ','','0|:3|:|:1|:2|:|:0|:3|:|:1|:3',' <p style=\"text-align: left;\"> Looking at the column 1 elements one by one - <br><br> (A) PbCl<sub>2</sub> Cathode:&nbsp;&nbsp;&nbsp; ~~Pb^{2+} + 2e^- \\longrightarrow Pb(s)~~<br> &nbsp;&nbsp;&nbsp;&nbsp;&nbsp;&nbsp;&nbsp;&nbsp;&nbsp;&nbsp;&nbsp;&nbsp;&nbsp;&nbsp; Anode: &nbsp;&nbsp;&nbsp;&nbsp;&nbsp;&nbsp;~~2Cl^{-} \\longrightarrow Cl_2(g) + 2e^-~~ <br><br> Hence (A) is matched to option (P) (S) <br><br> (B) Cathode: &nbsp;&nbsp;&nbsp; ~~H_2O + 2e^- \\longrightarrow H_2(g) + 2OH^-~~<br> &nbsp;&nbsp;&nbsp;&nbsp;&nbsp; Anode:&nbsp;&nbsp;&nbsp;&nbsp;&nbsp;&nbsp; ~~2Cl^{-} \\longrightarrow Cl_2(g) + 2e^-~~ <br><br>~~OH^-~~ is increased, solution becomes basic <br> Hence (B) is matched to options (Q) (R) <br><br></p> <p style=\"text-align: left;\"> (C) Cathode: &nbsp;&nbsp;&nbsp; ~~Ag^+ + e^- \\longrightarrow Ag(s)~~<br> &nbsp;&nbsp;&nbsp;&nbsp;&nbsp; Anode: &nbsp;&nbsp;&nbsp;&nbsp;&nbsp;&nbsp; ~~Ag(s) \\longrightarrow Ag^+ + e^-~~ <br><br> solution is neutral<br> Hence (C) is matched to options (P) (S) <br><br> (D) Cathode: &nbsp;&nbsp;&nbsp; ~~2H_2O(l) + 2e^- \\longrightarrow H_2(g) + 2OH^-~~<br> &nbsp;&nbsp;&nbsp;&nbsp;&nbsp; Anode: &nbsp;&nbsp;&nbsp;&nbsp;&nbsp;&nbsp; ~~H_2O \\longrightarrow 2H^+ + \\frac{1}{2}O_2 + 2e^-~~ <br><br> solution is neutral<br> Hence (D) is matched to option (Q) (S) </p> ',34,1,'',1,NULL,NULL,0,0,0,0,0,0,0,1,0,0,0,0,0),
	(179,' <p style=\"text-align: left;\"> Select from the following graphs:</p> <table><tbody><tr><td><img src=\"../api/resources/questions/s9q20img1.jpg\"></td><td><img src=\"../api/resources/questions/s9q20img2.jpg\"></td></tr><tr><td><img src=\"../api/resources/questions/s9q20img3.jpg\"></td><td><img src=\"../api/resources/questions/s9q20img4.jpg\"></td> </tr></tbody></table> ','','1','	 <p style=\"text-align: left;\"> After one drop of iron (II) solution is added the beaker will contain a mixture of ~~Cr_2O_7^{2-}, Cr^{3+}~~ and ~~Fe^{3+}~~ ions. The e.m.f will be close to ~~E^o_{Cr_2O_7^{2-}/Cr^{3+}} = 1.33V~~. <br><br> At the end of the titration there will be ~~Cr^{3+}, Fe^{2+}~~ and ~~Fe^{3+}~~ ions. The EMF will be close to ~~E^o_{Fe^{2+}/Fe^{3+}} = 0.77V~~.<br> <br>The reaction is: <br>~~6Fe^{2+}(aq) + Cr_2O_7^{2-}(aq) + 14H^+(aq)~~ <br>&nbsp;&nbsp;&nbsp;&nbsp;&nbsp;&nbsp;&nbsp;&nbsp;&nbsp;&nbsp;&nbsp;&nbsp;&nbsp;&nbsp;~~\\rightarrow 6Fe^{3+}(aq) + 2Cr^{3+}(aq) + 7H_2O(l)~~	 </p> <p style=\"text-align: left;\"> The graph will be as shown in the figure. <br> <br><img src=\"../api/resources/questions/s9q20img5.jpg\"><br><br> </p> ',34,1,'',1,NULL,NULL,0,0,0,0,0,0,0,1,0,0,0,0,0),
	(180,'	 <p style=\"text-align: left;\"> An object of length 10cm is placed at right angles to the principal axes of a spherical mirror of radius of curvature 60cm, such that its image is virtual, and has a length 6cm. Then distance of the object from the pole of the mirror is </p> <br><br> ','40cm|:80cm|:20cm|:60cm','2','	 <p style=\"text-align: left;\"> Whenever a concave mirror forms a virtual image of a real object (placed between F and P), the image is always enlarged. <br><br> But here the mirror has to be convex (since image formed is virtual and diminished in size)<br><br> Mirror formula: ~~\\frac{1}{f}=\\frac{1}{u}+\\frac{1}{v}~~ <br> Magnification ~~m = -\\frac{v}{u}~~<br> [f = +30 &nbsp;&nbsp;&nbsp;&nbsp;&nbsp;&nbsp;&nbsp;&nbsp;&nbsp;&nbsp; ~~m = \\frac{+6}{+10} = \\frac{3}{5}~~] <br> Solving u = -20cm </p><br> ',34,1,'',1,NULL,NULL,0,0,0,0,0,0,0,1,0,0,0,0,0),
	(181,' <p style=\"text-align: left;\">An object placed at right angles to the principal axis of a concave mirror at a distance of 30 cm from the pole forms a real image of twice the size of the object. At what other distance from the pole can the object be placed so that size of the image remains the same </p> <br> ','20 cm|:10 cm|:15 cm|:45 cm','1',' <p style=\"text-align: left;\"> Concave mirror can form an image of a real object of greater size when either the object is:<br> (i) between C &amp; F (image real and inverted) <br> (ii) between F &amp; P (image virtual and erect) <br><br><br> (i) m = -2 = ~~-\\frac{v}{u}~~ &amp; u = -30 cm <br> ~~\\frac{1}{u} + \\frac{1}{v} = \\frac{1}{f}~~ <br> v = 2u &amp; u = -30 cm <br><br> ~~\\Rightarrow f = -20cm~~ </p> ',34,1,'',1,NULL,NULL,0,0,0,0,0,0,0,1,0,0,0,0,0),
	(182,' <p style=\"text-align: left;\"> The distance of the image from the pole will be - </p><br><br> ','30 cm|:10 cm|:15 cm|:20 cm','3','	 <p style=\"text-align: left;\"> <br> <img src=\"../api/resources/questions/s10q3img1.png\" width=\"300\" style=\"float: right\"> Object is a virtual object<br> f = +20 u = +10 <br><br> ~~\\frac{1}{u}+\\frac{1}{v}=\\frac{1}{f}~~ <br><br> ~~\\Rightarrow v = -20 cm~~ <br>	 <br> <br> </p>',34,1,'',1,NULL,NULL,0,0,0,0,0,0,0,1,0,0,0,0,0),
	(183,' <p style=\"text-align: left;\"> If the object from which the convergent beam had originated was erect, the nature of the image will be<br></p> ','Real, erect and enlarged|:Virtual, inverted and same size|:Virtual, erect and enlarged|:Real, inverted and enlarged','0','	 <p style=\"text-align: left;\"><br> <img src=\"../api/resources/questions/s10q4img1.png\" width=\"300\" style=\"float: right\"> Object is a virtual object<br> f = +20 u = +10 <br><br> ~~m = -\\frac{v}{u} = \\frac{-(-20)}{10} = 2~~<br> <br>~~\\Rightarrow~~ Image is erect for the erect object <br> Rays actually converge at I (real image) <br> </p> ',34,1,'',1,NULL,NULL,0,0,0,0,0,0,0,1,0,0,0,0,0),
	(184,' <p style=\"text-align: left;\"> Colour of a light is determined by its</p> ','Frequency|:Wavelength|:Amplitude|:Velocity in free space','0',' <p style=\"text-align: left;\"> <br><br><br><br><br><br> </p> ',34,1,'',1,NULL,NULL,0,0,0,0,0,0,0,1,0,0,0,0,0),
	(185,'	 <p style=\"text-align: left;\"> An object is moved along the principal axis of a concave mirror of focal length \'f\'. The minimum possible distance between the object and its REAL image is </p> ','f/2|:0|:f|:2f','1',' <p style=\"text-align: left;\"> <img src=\"../api/resources/questions/s10q6img1.png\" height=\"200\"><br><br><br><br><br> When object is at the centre of curvature, image (real and inverted) is also formed at the centre of curvature for a concave mirror <br><br></p> ',34,1,'',1,NULL,NULL,0,0,0,0,0,0,0,1,0,0,0,0,0),
	(186,' <p style=\"text-align: left;\"> A thin and small concave mirror is placed on a horizontal table with axis vertical. Let \'P\' be the pole of the mirror and \'C\' its centre of curvature. A point object is placed at \'C\' and its real image is also located at \'C\'. If the mirror is now filled with water, the image will be </p> ','Real, and located between \'C\' and \'~~\\infty~~\'|:Virtual, and located between \'C\' and \'~~\\infty~~\'|:Real, and will remain at \'C\'|:Real, and located between \'C\' and \'P\'','3',' <img src=\"../api/resources/questions/s10q7img1.png\" height=\"300\"> &nbsp;&nbsp;&nbsp;&nbsp;&nbsp;&nbsp;&nbsp;&nbsp; <img src=\"../api/resources/questions/s10q7img2.png\" height=\"300\"> <br><br> <p style=\"text-align: left;\"></p> <br><br><br><br><br><br> ',34,1,'',1,NULL,NULL,0,0,0,0,0,0,0,1,0,0,0,0,0),
	(187,' <p style=\"text-align: left;\"> A ray of light on the top surface of a rectangular transparent slab of thickness 8cm emerges from the slab making an angle of 60<sup>o</sup> with the bottom surface of the slab with a lateral displacement of 2cm. The refractive index of the slab is	 </p> ','1.5|:~~\\frac{\\sqrt{11}}{2}~~|:~~\\frac{\\sqrt{13}}{2}~~|:1.75','3',' <img src=\"../api/resources/questions/s10q8img1.png\" width=\"500\" style=\"float: right\"> <br><br> <p style=\"text-align: left;\"> BD = 2 cm <br><br> AC = 8 cm <br><br><br>	 ~~\\mu = \\frac{sin30}{sin(\\theta))} = \\frac{1}{4}~~ <br><br> From ~~\\Delta~~ ABC: <br> ~~AB cos\\theta = AC = 8~~ (i)<br> From ~~\\Delta~~ ABD: <br> ~~AB sin(30 - \\theta) = BD = 2~~ (ii) </p> <p style=\"text-align: left;\">	 (ii) divided by (i) <br><br> ~~\\Rightarrow \\frac{sin(30-\\theta)}{cos(\\theta)} = \\frac{1}{4}~~<br> ~~\\Rightarrow \\frac{1}{2} - \\frac{\\sqrt{3}}{2}\\tan(\\theta) = \\frac{1}{4}~~<br> ~~\\Rightarrow \\tan \\theta = \\frac{1}{2 \\sqrt{3}}~~<br> ~~\\Rightarrow \\sin \\theta = \\frac{1}{\\sqrt{13}}~~<br> Hence ~~\\mu = \\frac{\\sqrt{13}}{2}~~<br>	 </p> ',34,1,'',1,NULL,NULL,0,0,0,0,0,0,0,1,0,0,0,0,0),
	(188,' <p style=\"text-align: left;\"> The refractive index of the medium is </p> ','~~\\frac{(\\sqrt{5} + 1)}{2}~~|:~~\\frac{(\\sqrt{3})}{2}~~|:~~\\sqrt{\\frac{3}{2}}~~|:~~\\sqrt{\\frac{2}{3}}~~','2',' <img src=\"../api/resources/questions/s10q9img1.png\" width=\"300\" style=\"float: right\"> <br> <p style=\"text-align: left;\"> ~~i~~ = 60<sup>o</sup><br> ~~r~~ + 15<sup>o</sup> = ~~i~~ = 60<sup>o</sup> ~~\\Rightarrow r = 45~~<sup>o</sup> <br> By Snell\'s law, ~~\\mu_{air} \\sin(i) = \\mu_{medium} \\sin(r)~~ <br> $$ \\Rightarrow \\mu_{medium} = \\frac{\\frac{\\sqrt{3}}{2}}{\\frac{1}{\\sqrt{2}}} $$<br> ~~ = \\sqrt{\\frac{3}{2}}~~<span class=\"blue\">&nbsp;&nbsp;&nbsp;Option C</span> </p> ',34,1,'',1,NULL,NULL,0,0,0,0,0,0,0,1,0,0,0,0,0),
	(189,' <p style=\"text-align: left;\"> Wavelength of the light in the medium is (in Angstrong) </p> ','3672|:4500|:5231|:4786','0',' <p style=\"text-align: left;\"> ~~i~~ = 60<sup>o</sup> <br> ~~r~~ + 15<sup>o</sup> = ~~i~~ = 60<sup>o</sup> ~~\\Rightarrow r = 45~~<sup>o</sup> <br><br> ~~\\frac{\\mu_{med}}{\\mu_{air}} = \\frac{V_{air}}{V_{med}} = \\frac{\\lambda_{air}}{\\lambda_{med}}~~<br> ~~\\Rightarrow \\lambda_{med} = 4500 \\sqrt{\\frac{2}{3}}~~ <br> = 4500 x (0.816) = 3672 A<br><br> </p> ',34,1,'',1,NULL,NULL,0,0,0,0,0,0,0,1,0,0,0,0,0),
	(190,' <p style=\"text-align: left;\"> Refractive Index of medium 1 is - </p> ','1.2|:1.5|:1.4|:Cannot be determined','1',' <p style=\"text-align: left;\"> Frequency of light (or any wave) depends on source (any wave source) and does not change with change in medium<br><br> However, wavelength and velocity both change with change in medium. <br> <br> Let ~~\\lambda_1 \\rightarrow~~ wavelength in medium 1 <br> Let ~~\\lambda_2 \\rightarrow~~ wavelength in medium 2 <br> Let ~~v_1 \\rightarrow~~ velocity in medium 1 <br> Let ~~v_2 \\rightarrow~~ velocity in medium 2 <br><br> </p> <p style=\"text-align: left;\"> ~~\\mu_{medium} = \\frac{c_{vac}}{v_{med}}~~ <br> ~~c_{vac}~~ = 3 x 10<sup>8</sup> m/s <br><br> ~~v_1 = \\lambda_1 \\gamma_1~~ = (4000 x 10<sup>-10</sup>) x (5 x 10<sup>14</sup>) = 2 x 10<sup>8</sup> <br><br> ~~\\mu_1 = \\frac{3*10^8}{2*10^8} = 1.5~~ <br><br> </p> ',34,1,'',1,NULL,NULL,0,0,0,0,0,0,0,1,0,0,0,0,0),
	(191,' <p style=\"text-align: left;\"> Refractive index of medium 2 is - </p> ','1.2|:1.5|:1.4|:Cannot be determined','0','	 <p style=\"text-align: left;\"> ~~v_2 = v_1 (1 + \\frac{25}{100}) ~~<br><br> ~~= \\frac{5}{4} v_1~~ <br><br> = 2.5 x 10<sup>8</sup>m/s<br><br> ~~\\mu_2 = \\frac{3*10^8}{2.5*10^8} = 1.2~~ <br><br> </p> ',34,1,'',1,NULL,NULL,0,0,0,0,0,0,0,1,0,0,0,0,0),
	(192,' <p style=\"text-align: left;\"> A fish rising vertically to- the surface of water in a lake uniformly at the rate of 3 m/s observes a bird diving vertically towards the surface of water at a rate of 9 m/s vertically above it. If the refractive index of water is 4/3, actual velocity of dive of the bird is - <br> <br></p> ','16 m/s|:6 m/s|:4.5 m/s|:8 m/s','2',' <img src=\"../api/resources/questions/s10q13img1.png\" height=\"250\"> <br><br>	 <br><br> <p style=\"text-align: left;\"> Height of bird as observed by fish = ~~\\mu y~~ <br> Distance of bird observed by fish <br> z = x + ~~\\mu y~~ (i) <br><br> Differentiating (i) -~~\\frac{\\mathrm{d}z }{\\mathrm{d} t} = -9~~<br> ~~\\frac{\\mathrm{d}x }{\\mathrm{d} t} = -3~~ </p> <img src=\"../api/resources/questions/s10q13img1.png\" height=\"250\"> <br><br> <p> ~~-9 = -3 + \\mu \\frac{\\mathrm{d}y }{\\mathrm{d} t}~~<br> ~~\\frac{\\mathrm{d}y }{\\mathrm{d} t} = \\frac{-6}{\\mu}~~<br> = -4.5 m/s<br><br> ~~\\therefore ~~ Velocity of bird is 4.5 m/s towards water </p> ',34,1,'',1,NULL,NULL,0,0,0,0,0,0,0,1,0,0,0,0,0),
	(193,' <p style=\"text-align: left;\"> If one face of a prism of prism angle 30<sup>o</sup> and ~~\\mu = \\sqrt{2}~~ is silvered, the incident ray retraces its original path. <br> The angle of incidence is - <br> <br></p> ','30<sup>o</sup>|:60<sup>o</sup>|:45<sup>o</sup>|:90<sup>o</sup>','2','	 <p style=\"text-align: left;\"> From ray diagram, <br> r = 30<sup>o</sup> <br><br> sin i = (~~\\mu_{prism})(sin r~~) <br><br> = ~~\\sqrt{2}.\\frac{1}{2}~~ <br><br> ~~\\Rightarrow~~ i = 45<sup>o</sup> <br><br> </p> ',34,1,'',1,NULL,NULL,0,0,0,0,0,0,0,1,0,0,0,0,0),
	(194,' <p style=\"text-align: left;\"> Light travels through a glass plate of thickness \'t\' and refractive index \'n\'. Time taken by light to travel through the plate (\'c\' is the velocity of light in vacuum) <br><br></p> ','n<sup>2</sup>t/c |:nt/c|:ct/n|:t/nc','2',' <img src=\"../api/resources/questions/s10q15img1.png\" height=\"300\" style=\"float: right\"> <br><br> <p style=\"text-align: left;\"> ~~n = \\frac{c}{v_{med}}~~ <br><br> ~~v_{med} = c/n~~ <br><br> ~~v_{med}*time = t~~ <br><br> ~~time = nt/c~~ <br> <br><br>	 </p> ',34,1,'',1,NULL,NULL,0,0,0,0,0,0,0,1,0,0,0,0,0),
	(195,' <p style=\"text-align: left;\"> For R = 20cm, value of x is <br><br></p> ','2|:1.5|:4|:0.25','0',' <br><br> <p style=\"text-align: left;\"> </p> ',34,1,'',1,NULL,NULL,0,0,0,0,0,0,0,1,0,0,0,0,0),
	(196,' <p style=\"text-align: left;\"> For R = 40cm, the value of x is <br><br></p> ','1.5|:3|:2|:2.5','2',' <br><br> <p style=\"text-align: left;\">	 </p> ',34,1,'',1,NULL,NULL,0,0,0,0,0,0,0,1,0,0,0,0,0),
	(197,' <p style=\"text-align: left;\"> For R = 40cm and suppose ~~\\mu = (x_1 + 0.5) ~~ and for parallel beam incident on the sphere the image formed due to refraction on the first surface is: <br><br></p> ','At a distance of 13.33 cm to right of P<sub>2</sub>|:At a distance of 13.33 cm to left of P<sub>2</sub>|:At a distance of 100/3 cm to right of P<sub>1</sub>|:At a distance of 100/3 cm to left of P<sub>2</sub>','1',' <br><br> <p style=\"text-align: left;\"> </p> ',34,1,'',1,NULL,NULL,0,0,0,0,0,0,0,1,0,0,0,0,0),
	(198,' <p style=\"text-align: left;\"> For what value of ~~\\mu~~ would final image be obtained at C <br><br></p> ','3|:very small value of ~~\\mu (\\approx 1)~~|:for very large value of ~~\\mu (\\rightarrow \\infty)~~ |:2.5','2',' <br><br> <p style=\"text-align: left;\">	 </p> ',34,1,'',1,NULL,NULL,0,0,0,0,0,0,0,1,0,0,0,0,0),
	(199,' <p style=\"text-align: left;\"> Size of image I (in the para) is (in cms) <br><br></p> ','0.45 cm|:0.3 cm|:0.25 cm|:0.9 cm','1',' <br><br> <p style=\"text-align: left;\">	 </p> ',34,1,'',1,NULL,NULL,0,0,0,0,0,0,0,1,0,0,0,0,0),
	(200,' <p style=\"text-align: left;\"> Final image of object \'O\' is <br><br></p> ','12 cm left of P<sub>2</sub>|:24 cm right of P<sub>1</sub>|:24 cm right of P<sub>2</sub>|:36 cm right of P<sub>1</sub>','3',' <br><br> <p style=\"text-align: left;\">	 </p> ',34,1,'',1,NULL,NULL,0,0,0,0,0,0,0,1,0,0,0,0,0),
	(201,'	 <p style=\"text-align: left;\"> Sodium Carbonate exists as: </p> <br><br> ','','3','	 <p style=\"text-align: left;\"> Anhydrous form is called as Soda Ash<br>Decahydrate has transparent crystalline structure which efforeesce (loses water) in air to form powdery deposit of monohydrate. </p><br> ',34,1,'',1,NULL,NULL,0,0,0,0,0,0,0,1,0,0,0,0,0),
	(202,' <p style=\"text-align: left;\">Which of the following reactions is/are correct: </p> <br> ','','3','',34,1,'',1,NULL,NULL,0,0,0,0,0,0,0,1,0,0,0,0,0),
	(203,' <p style=\"text-align: left;\"> When NaNO<sub>2</sub> is heated in absence of air, the products is/are: </p><br><br> ','','3','	 <p style=\"text-align: left;\"> <br> ~~5 NaNO_2 \\xrightarrow{\\Delta} 3NaNO_3 + 2Na_2O + N_2~~ <br><br> </p> ',34,1,'',1,NULL,NULL,0,0,0,0,0,0,0,1,0,0,0,0,0),
	(204,' <p style=\"text-align: left;\"> Which of the following satements is/are correct: <br> </p> ','','0|:1|:2|:3','	 <p style=\"text-align: left;\"><br> <img src=\"../api/resources/questions/s11q4img1.jpg\"> <br><br><br>Dimer of KHCO<sub>3</sub><br><br> <img src=\"../api/resources/questions/s11q4img2.jpg\"> <br><br>Infinite chain of NaHCO<sub>3</sub><br> </p> ',34,1,'',1,NULL,NULL,0,0,0,0,0,0,0,1,0,0,0,0,0),
	(205,' <p style=\"text-align: left;\"> The product of of following reaction is: <br><br> ~~CO + NaOH \\rightarrow~~<br></p> ','','2',' <p style=\"text-align: left;\"> <img src=\"\"> </p> ',34,1,'',1,NULL,NULL,0,0,0,0,0,0,0,1,0,0,0,0,0),
	(206,'	 <p style=\"text-align: left;\"> The correct order of stability of hydrides is: <br> </p> ','','1',' <p style=\"text-align: left;\"> Ca, Sr and Be form ionic hydrides while Mg and Ba hydrides are covalent and cannot be prepared easily. In ionic hydrides as size of cation increases, stability decreases. <br><br></p> ',34,1,'',1,NULL,NULL,0,0,0,0,0,0,0,1,0,0,0,0,0),
	(207,' <p style=\"text-align: left;\"> From Which of the following methods Boron can be obtained? </p> ','From Borax, first treatment with acids followed by heating and treating with Mg|:Reduction of BBr<sub>3</sub> with H<sub>2</sub>|:Pyrolysis of B<sub>2</sub>H<sub>6</sub>|:Pyrolysis of BI<sub>3</sub>','3','	 <p style=\"text-align: left;\">Pure Boron is made by vapour phase reduction of BBr<sub>3</sub> with H<sub>2</sub> or by pyrolisis of B<sub>2</sub>H<sub>6</sub> or BI<sub>3</sub></p> ',34,1,'',1,NULL,NULL,0,0,0,0,0,0,0,1,0,0,0,0,0),
	(208,' <p style=\"text-align: left;\"> Comment about the optical activity of BoroSalicylic Acid <br> <img src=\"../api/resources/questions/s11q8img1.jpg\" style=\"float: right\"> </p> ','Compound is planer so it is optically inactive|: is sp<sup>3</sup> hybridized so it should be optically active|:Cannot comment as structure cannot tell about hybridization state |:Compound is Meso so it is optically inactive','1',' <p style=\"text-align: left;\">	 B is sp<sup>3</sup> hybridized. </p> ',34,1,'',1,NULL,NULL,0,0,0,0,0,0,0,1,0,0,0,0,0),
	(209,' <p style=\"text-align: left;\"> Which of the following statements is/are correct? </p> ','<img src=\"../api/resources/questions/s11q9img1.jpg\"> + ~~2N(CH_3)_3 \\rightarrow 2H_3B.N + N(CH_3)_3~~<br>|:<img src=\"../api/resources/questions/s11q9img1.jpg\"> + ~~2NH_3 \\rightarrow [BH_4]^-[H_2B:2NH_3]^+~~|: ~~H_3B.N(CH_3)_3 + F_3B.S(CH_3)_2~~<br>&nbsp;&nbsp;&nbsp;&nbsp;&nbsp;&nbsp;&nbsp;&nbsp;&nbsp;&nbsp;&nbsp;&nbsp;&nbsp;&nbsp;&nbsp;&nbsp;&nbsp;&nbsp; ~~\\rightarrow H_3B.S(CH_3)_2 + F_3B.N(CH_3)~~|:All are incorrect','0|:1|:2',' <p style=\"text-align: left;\"> Diborsne or BH<sub>2</sub> is soft lewis cid. With bulky buse like NR<sub>3</sub>, SR<sub>2</sub> it gives symmetric cleavage. With sterically uncrowded buse like NH<sub>3</sub>, RNH<sub>2</sub>, or R<sub>2</sub>NH<sub>2</sub> it gives unsymmetric cleavage. </p> ',34,1,'',1,NULL,NULL,0,0,0,0,0,0,0,1,0,0,0,0,0),
	(210,' <p style=\"text-align: left;\"> In the cyclic structure of metabolic acid how many B-O-B bends are there ? </p> ','3|:4|:5|:2','0',' <p style=\"text-align: left;\"> <br><img src=\"../api/resources/questions/s11q10img1.jpg\"> </p> ',34,1,'',1,NULL,NULL,0,0,0,0,0,0,0,1,0,0,0,0,0),
	(211,' <p style=\"text-align: left;\"> Match the following for oxides of Aluminium: </p> ','','1p|:2q|:3r|:4s','	 <p style=\"text-align: left;\"> This is a factual question, please remember these. </p> ',34,1,'',1,NULL,NULL,0,0,0,0,0,0,0,1,0,0,0,0,0),
	(212,' <p style=\"text-align: left;\"> Iodine can be decolorized by: <br> <br></p> ','AlCl<sub>3</sub>|:HgCl<sub>2</sub>|:SnCl<sub>2</sub>|:ZnCl<sub>2</sub>','2','	 <p style=\"text-align: left;\"> I<sub>2</sub> + SnCl<sub>2</sub> ~~\\rightarrow~~ SnCl<sub>4</sub> + 2I<sup>-</sup> <br><br> </p> ',34,1,'',1,NULL,NULL,0,0,0,0,0,0,0,1,0,0,0,0,0),
	(213,' <p style=\"text-align: left;\"> Which ion can be separated using EDTA? <br> <br></p> ','Be<sup>2+</sup>|:Ca<sup>2+</sup>|:Mg<sup>2+</sup>|:Al<sup>3+</sup>','0','	 <p style=\"text-align: left;\"> Coordination of Be<sup>2+</sup> is 4 only while EDTA is hexadentate ligand <br><br> </p> ',34,1,'',1,NULL,NULL,0,0,0,0,0,0,0,1,0,0,0,0,0),
	(214,' <p style=\"text-align: left;\"> For the compound MgSO<sub>4</sub>.7H<sub>2</sub>O, in the crystal structure how many water molecules are likely to be associated with the cation. <br><br><strong>Integer type </strong> </p> ','','6',' <p style=\"text-align: left;\"> The formula is actually: ~~[Mg(H_2)_6]^{2+}[SO_4].H_2O~~<br> </p> ',34,1,'',1,NULL,NULL,0,0,0,0,0,0,0,1,0,0,0,0,0),
	(215,' <p style=\"text-align: left;\"> Find out true and false statement - <br> (i) Although Mg does not react with at room temperature, Mg amalgam liberates H<sub>2</sub> from water <br> (ii) MgO has higher M.P. than MgF<sub>2</sub> <br></p> ','(i) is true and (ii) is false |:(i) and (ii) both are true|:(i) and (ii) both are false|:(i) is false and (ii) is true','1',' <p style=\"text-align: left;\"> (i) In Mg amalgam, no coating of oxide forms on its surface <br><br> (ii) MgO has higher charge of O<sup>2-</sup> as compared to F<sup>-</sup> <br><br>	 </p> ',34,1,'',1,NULL,NULL,0,0,0,0,0,0,0,1,0,0,0,0,0),
	(216,' <p style=\"text-align: left;\"> Which will be most stable? <br><br></p> ','BeH|:BeH<sup>+</sup>|:BeH<sup>-</sup>|:He-H','1',' <br><br> <p style=\"text-align: left;\">BeH<sup>+</sup> has bond order = 1 </p> ',34,1,'',1,NULL,NULL,0,0,0,0,0,0,0,1,0,0,0,0,0),
	(217,' <p style=\"text-align: left;\"> <strong>Statement</strong> - For alkali metals on descending the group, the enthalpy of formation becomes less negative for the fluorides but more negative for chlorides, bromides and iodides.<br><br> <strong>Reason</strong> - Lattice energy is proportional to ~~\\frac{1}{r^+ +r^-}~~<br> Variation in lattice enthalpy is highest on increasing size of metal when r<sup>-</sup> is smallest (for F<sup>-</sup>) and least when r<sup>-</sup> is largest because lattice energy decreases more (less negative). The enthalpy of formation becomes less negative for the fluorides. <br><br></p> ','Statement is correct, and reason is correct, and reason correctly explains the statement|:Statement is correct, and reason is also correct, but reason does not correctly explain the statement|:Statement is correct but reason is incorrect|:Statement is incorrect','0',' <br><br> <p style=\"text-align: left;\">	 </p> ',34,1,'',1,NULL,NULL,0,0,0,0,0,0,0,1,0,0,0,0,0),
	(218,' <p style=\"text-align: left;\"> Give your answer in numbers for each category of a, b and c - <br><br> (a) Sparingly soluble in H<sub>2</sub>O <br> (b) Soluble in water without reaction <br> (c) Soluble in water with reaction<br><br> BaSO<sub>4</sub>, CaO, MgCO<sub>3</sub>, Mg(OH)<sub>2</sub>, SrH<sub>2</sub>, BeCl<sub>2</sub>, Mg(ClO<sub>4</sub>)<sub>2</sub>, CaF<sub>2</sub>, BaCl<sub>2</sub>, Ca(NO<sub>3</sub>)<sub>2</sub> <br><br></p> ','','4|:|:4|:|:2',' <br><br> <p style=\"text-align: left;\"> (a) 4 - BaSO<sub>4</sub>, MgCO<sub>3</sub>, Mg(OH)<sub>2</sub> and CaF<sub>2</sub> <br><br> (b) 4 - BeCl<sub>2</sub>, Mg(ClO<sub>4</sub>)<sub>2</sub>, BaCl<sub>2</sub> and Ca(NO<sub>3</sub>)<sub>2</sub> <br><br> (c) 2 - CaO, SrH<sub>2</sub> </p> ',34,1,'',1,NULL,NULL,0,0,0,0,0,0,0,1,0,0,0,0,0),
	(219,' <p style=\"text-align: left;\"> Statement - Beryllium fluoride forms a glass when cooled from a melt <br><br> Reason - BeF<sub>2</sub> adopt SiO<sub>2</sub> like arrangement<br> Once cooled BeF<sub>2</sub> also form a glass like SiO<sub>2</sub> </p> ','Statement is correct, and reason is correct, and reason correctly explains the statement|:Statement is correct, and reason is also correct, but reason does not correctly explains the statement|:Statement is correct but reason is incorrect|:Statement is incorrect','0',' <br><br> <p style=\"text-align: left;\">	 </p> ',34,1,'',1,NULL,NULL,0,0,0,0,0,0,0,1,0,0,0,0,0),
	(220,' <p style=\"text-align: left;\"> Which of the following oxide has highest thermal conductivity? <br><br></p> ','B<sub>2</sub>O<sub>3</sub>|:MgO|:BeO|:K<sub>2</sub>O','2',' <br><br> <p style=\"text-align: left;\">	 </p> ',34,1,'',1,NULL,NULL,0,0,0,0,0,0,0,1,0,0,0,0,0),
	(221,' <p style=\"text-align: left;\"> Which of the following compound can be used as refractory material <br><br></p> ','BeO|:MgO|:Be<sub>3</sub>N<sub>2</sub>|:Na<sub>2</sub>O','0|:1|:2',' <br><br> <p style=\"text-align: left;\">	 </p> ',34,1,'',1,NULL,NULL,0,0,0,0,0,0,0,1,0,0,0,0,0),
	(222,' <p style=\"text-align: left;\"> Which metal oxides can decompose on heating? <br><br></p> ','MgO|:Al<sub>2</sub>O<sub>3</sub>|:Ag<sub>2</sub>O|:Cu<sub>2</sub>O','2|:3',' <br><br> <p style=\"text-align: left;\"> Ag<sub>2</sub>O and Cu<sub>2</sub>O are weakly electropositive. <br><br> ~~\\therefore~~ Metal can be reduced on heating <br><br> </p> ',34,1,'',1,NULL,NULL,0,0,0,0,0,0,0,1,0,0,0,0,0),
	(223,' <p style=\"text-align: left;\"> (CN)<sub>2</sub> + 2 OH<sup>-</sup> ~~\\rightarrow~~ <br><br>Products are <br><br></p> ','CN<sup>-</sup>|:OCN<sup>-</sup>|:H<sub>2</sub>O|:All','3',' <br><br> <p style=\"text-align: left;\"> (CN)<sub>2</sub> + 2 OH<sup>-</sup> ~~\\rightarrow~~ CN<sup>-</sup> + OCN<sup>-</sup> + H<sub>2</sub>O <br><br> All of the above products are formed <br><br> </p> ',34,1,'',1,NULL,NULL,0,0,0,0,0,0,0,1,0,0,0,0,0),
	(224,' <p style=\"text-align: left;\"> Match the following - <br><br> </p><table style=\"font-size: 30px\"> <tbody><tr> <td>(a)</td> <td>Silicone<br></td> <td>~~\\;\\;\\;~~(p)</td> <td>An element forming chains of its atoms</td></tr> <tr> <td>(b)</td> <td>Aerogel<br></td> <td>~~\\;\\;\\;~~(q)</td> <td>Low density silicates with numerous cavities in their structure</td></tr> <tr> <td>(c)</td> <td>Catenation<br></td> <td>~~\\;\\;\\;~~(r)</td> <td>Non-metallic inorganic compounds</td></tr> <tr> <td>(d)</td> <td>Ceramic<br></td> <td>~~\\;\\;\\;~~(s)</td> <td>Chains of alternating silicon and oxygen atoms with organic C side groups</td></tr> </tbody></table> <p></p> ','','3|:|:1|:|:3|:|:2',' <br><br> <p style=\"text-align: left;\"> a ~~\\rightarrow~~ s <br><br> b ~~\\rightarrow~~ q <br><br> c ~~\\rightarrow~~ s <br><br> d ~~\\rightarrow~~ r <br><br>	 </p> ',34,1,'',1,NULL,NULL,0,0,0,0,0,0,0,1,0,0,0,0,0),
	(225,' <p style=\"text-align: left;\"> The wrong statement about NH<sub>3</sub> is - <br></p> ','NH<sub>3</sub> is oxidized with oxygen at 700 <sup>o</sup>C in the presence of platinum|:NH<sub>3</sub> gives black precipitate with Calomel|:NH<sub>3</sub> can be dried by P<sub>2</sub>O<sub>5</sub>, H<sub>2</sub>SO<sub>4</sub> and CaCl<sub>2</sub> |:NH<sub>3</sub> gives white fumes with HCl','2',' <br><br> <p style=\"text-align: left;\"> <br><br> </p> ',34,1,'',1,NULL,NULL,0,0,0,0,0,0,0,1,0,0,0,0,0),
	(226,' <p style=\"text-align: left;\"> Nitrogen cannot be obtained by heating - <br><br></p> ','Pb(NO<sub>3</sub>)<sub>2</sub> |:KNO<sub>3</sub>|:N<sub>2</sub>O<sub>4</sub> |:N<sub>2</sub>O<sub>5</sub>','1',' <br><br> <p style=\"text-align: left;\"> KNO<sub>3</sub> ~~\\rightarrow~~ KNO<sub>2</sub> + ~~\\frac{1}{2}~~ O<sub>2</sub> <br><br> </p> ',34,1,'',1,NULL,NULL,0,0,0,0,0,0,0,1,0,0,0,0,0),
	(227,' <p style=\"text-align: left;\"> SbCl<sub>3</sub> on hydrolysis yields <br><br></p> ','Sb<sup>3+</sup> |:Sb(OH)<sub>3</sub>|:SbO<sup>+</sup> |:None of these','2',' <br><br> <p style=\"text-align: left;\"> SbCl<sub>3</sub> + H<sub>2</sub>O ~~\\rightarrow~~ SbO<sup>+</sup>Cl<sup>-</sup> + 2HCl <br><br> </p> ',34,1,'',1,NULL,NULL,0,0,0,0,0,0,0,1,0,0,0,0,0),
	(228,' <p style=\"text-align: left;\"> The products obtained by passing chlorine through hypo solution are - <br><br></p> ','S, HCl, Na<sub>2</sub>S |:S, HCl, Na<sub>2</sub>SO<sub>3</sub>|:S, HCl, Na<sub>2</sub>SO<sub>4</sub> |:S, HCl, H<sub>2</sub>SO<sub>4</sub>','2',' <br><br> <p style=\"text-align: left;\"> Cl<sub>2</sub> + Na<sub>2</sub>S<sub>2</sub>O<sub>3</sub> + H<sub>2</sub>O <br>&nbsp;&nbsp;&nbsp;&nbsp;&nbsp;&nbsp;&nbsp;&nbsp;&nbsp;&nbsp;&nbsp;&nbsp;&nbsp;~~\\rightarrow~~ SbO<sup>+</sup>Cl<sup>-</sup> + 2HCl ~~\\rightarrow~~ 2 HCl + S + Na<sub>2</sub>SO<sub>4</sub> <br><br> </p> ',34,1,'',1,NULL,NULL,0,0,0,0,0,0,0,1,0,0,0,0,0),
	(229,' <p style=\"text-align: left;\"> The electronegativities of carbon atoms in acetylene, ethylene and ethene are in the order - <br><br></p> ','Ethylene &gt; Acetylene &gt; Ethene|:Acetylene &gt; Ethylene &gt; Ethene|:Ethene &gt; Acetylene &gt; Ethylene |:Acetylene &gt; Ethene &gt; Ethylene ','1',' <br><br> <p style=\"text-align: left;\"> More is the s character in hybridization state, more will be the electronegativity of atom <br><br> HC~~\\equiv~~CH &gt; CH<sub>2</sub>=CH<sub>2</sub> &gt; CH<sub>3</sub>-CH<sub>3</sub> <br><br> </p> ',34,1,'',1,NULL,NULL,0,0,0,0,0,0,0,1,0,0,0,0,0),
	(230,' <p style=\"text-align: left;\"> Cl<sub>2</sub>O<sub>6</sub> is: <br><br></p> ','Paramagnetic|:Anhydride of HClO<sub>3</sub>|:Anhydride of HClO<sub>4</sub> |:Mixed anhydride of HClO<sub>3</sub> and HClO<sub>4</sub>','3',' <br><br> <p style=\"text-align: left;\"> <img src=\"../api/resources/questions/s11q30img1.jpg\" style=\"float: right\"> Cl<sub>2</sub>O<sub>6</sub> is dimer of ClO<sub>3</sub>. ClO<sub>3</sub> is paramagnetic <br><br> </p> ',34,1,'',1,NULL,NULL,0,0,0,0,0,0,0,1,0,0,0,0,0),
	(231,' <p style=\"text-align: left;\"> Which of the following equations is/are correct? <br><br></p> ','Sn + NaOH <sub>(conc.)</sub>~~\\overset{\\Delta}{\\rightarrow}~~ [Sn(OH)<sub>6</sub>]<sup>2-</sup>|:PbO<sub>2</sub> + SO<sub>2</sub> ~~\\rightarrow~~ PbSO<sub>4</sub>|:CS<sub>2</sub> + NaOH <sub>(aq)</sub> ~~\\rightarrow~~ Na<sub>2</sub>CS<sub>3</sub> |:SiCl<sub>4</sub> + NaOH(aq) ~~\\rightarrow~~ Na<sub>4</sub>SiO<sub>4</sub> + 4 HCl ','0|:1|:2|:3',' <br><br> <p style=\"text-align: left;\"> <br><br> </p> ',34,1,'',1,NULL,NULL,0,0,0,0,0,0,0,1,0,0,0,0,0),
	(232,'	 <p style=\"text-align: left;\"> A biker is riding his bike at a high speed on side roads of a valley, which has 10 deadly turns. The chances that he safely passes through a turn is 0.6 and that he meets an accident at a turn is 0.4. Then find the probability that he safely passes through more than 8 turns? (assuming he carries on even after meeting an accident) </p> <br> ','~~60(\\frac{3^8}{5^{10}})~~|:~~(\\frac{3}{5})^{10}~~|:~~69(\\frac{3^8}{5^{10}})~~|:None of these','2','	 <p style=\"text-align: left;\"> P(A) = 0.6 = ~~\\frac{3}{5}~~; <br><br> P(B) = 0.4 = ~~\\frac{2}{5}~~; <br><br> n = 10; Event E is: Safely passes more than 8 times<br><br><br> P(E) = <sup>10</sup>C<sub>9</sub> (~~\\frac{3}{5})^9 (\\frac{2}{5})~~ + <sup>10</sup>C<sub>10</sub> (~~\\frac{3}{5})^{10} (\\frac{2}{5})^0~~<br><br> P(E) = 69 (~~\\frac{3^8}{5^{10}}~~)<br><br> </p><br> ',34,1,'',1,NULL,NULL,0,0,0,0,0,0,0,1,0,0,0,0,0),
	(233,' <p style=\"text-align: left;\">A leap year (366 days) is selected at random, what is the probability that there are 53 sundays or 53 mondays or 53 saturdays ? </p> <br> ','~~\\frac{3}{7}~~|:~~\\frac{4}{7}~~|:~~\\frac{2}{7}~~|:~~\\frac{5}{7}~~','1','',34,1,'',1,NULL,NULL,0,0,0,0,0,0,0,1,0,0,0,0,0),
	(234,' <p style=\"text-align: left;\"> In a rapid fire question answer round , a person must answer all the questions. The chances that he answer a question correctly is ~~\\frac{1}{2}~~. For each correct answer 2 marks are given and 1 mark is deducted for each incorrect answer. If at the end of 5 questions, he gets total 4 marks then find the probability that he answers first two questions correctly? </p><br> ','~~\\frac{7}{10}~~|:~~\\frac{1}{2}~~|:~~\\frac{3}{10}~~|:~~\\frac{1}{5}~~','2','	 <p style=\"text-align: left;\"> E<sub>1</sub>: 4 marks <br> ~~\\Rightarrow~~ 3(2) + 2(-1) ~~\\Rightarrow~~ <img src=\"../api/resources/questions/s12q3img1.png\" style=\"float:right\"> <br> Total ways = ~~\\frac{5!}{3!2!}~~ <br><br> E<sub>2</sub>: First 2 correct <br> <img src=\"../api/resources/questions/s12q3img2.png\" width=\"300\" style=\"float:right\"> <br> = 1 x ~~\\frac{3!}{2!}~~<br> ~~\\Rightarrow P(\\frac{E_1}{E_2}) = \\frac{\\frac{3!}{2!}} {\\frac{5!}{3! 2!}}~~<br> = ~~\\frac{3}{10}~~ <br><br> </p> ',34,1,'',1,NULL,NULL,0,0,0,0,0,0,0,1,0,0,0,0,0),
	(235,' <p style=\"text-align: left;\"> If a pair of dice is rolled and outcome on both dice is different then what is the probability that their sum is even? <br><br></p> ',' ~~\\frac{3}{10}~~|:~~\\frac{2}{5}~~|:~~\\frac{1}{2}~~|:~~\\frac{1}{3}~~','1','	 <p style=\"text-align: left;\"> When both numbers are different then sample space:<br> = 6x5 = 30 ways<br><br> Now if sum is even, so either 4 or 6 or 8 or 10 <br> ~~\\Rightarrow~~ (2 + 4 + 4 + 2) <br> = 12 ways<br><br> Hence probability = ~~\\frac{12}{30} = \\frac{2}{5}~~ <br><br> </p> ',34,1,'',1,NULL,NULL,0,0,0,0,0,0,0,1,0,0,0,0,0),
	(236,' <p style=\"text-align: left;\"> Find number of other ways in which word \'KOLAVARI\' can be arranged, if all vowels are separated from each other ? <br><br></p> ','289|:2880|:1439|:1440','2',' <p style=\"text-align: left;\"> <img src=\"../api/resources/questions/s12q5img1.png\" style=\"float:left\" width=\"200\"><br><br><br> There are five places for vowels<br><br> Number of arrangements <br> = (4!)x (<sup>5</sup>C<sub>4</sub> x ~~\\frac{4!}{2!}~~)<br> = 1440 <br><br> Required answer = 1440 - 1 = 1439<br> Because we have been asked the ways <strong>other</strong> than this <br><br></p> ',34,1,'',1,NULL,NULL,0,0,0,0,0,0,0,1,0,0,0,0,0),
	(237,'	 <p style=\"text-align: left;\"> If a new chess game is invented which has 9x9 grid, tiled by 81 squares of size 1x1, in chess board pattern, instead of 8x8 and rule is that in a single step the king can only move along horizontal or vertical to the adjacent tile. If king is at the center tile of this grid then find total number of shortest paths he can take to reach at a particular corner of chess board ?<br><br> </p> ','280|:140|:560|:None','0',' <p style=\"text-align: left;\"> <img src=\"../api/resources/questions/s12q6img1.png\" style=\"float:right\"> <br>To reach any corner with shortest way, King has to take 4 horizontal &amp; 4 vertical<br> Total 8 steps <br> And as there are 4 corners - <br><br> Hence total ways = 4x~~\\frac{8!}{(4!)(4!)}~~<br> = 280 <br><br></p> ',34,1,'',1,NULL,NULL,0,0,0,0,0,0,0,1,0,0,0,0,0),
	(238,' <p style=\"text-align: left;\"> Number of non-negative integral solutions of ~~x_1 + x_2 + x_3 + x_4 \\le 7~~ is - </p> ','120|:360|:330|:70','2','	 <p style=\"text-align: left;\"> ~~x_1 + x_2 + x_3 + x_4 \\le~~ 7 <br><br> ~~x_1 + x_2 + x_3 + x_4 + x_5 = 7 (x_i \\ge 0)~~ <br><br> Hence non-negative integer solution <br> <sup>(7+5-1)</sup>C<sub>(5-1)</sub> <br><br>= <sup>11</sup>C<sub>4</sub> <br><br> </p> ',34,1,'',1,NULL,NULL,0,0,0,0,0,0,0,1,0,0,0,0,0),
	(239,' <p style=\"text-align: left;\"> In an experiment, A and B events are such that:<br> ~~P(\\bar{A}) = \\frac{6}{11}; P(B) = \\frac{5}{22}~~ and ~~P(A \\cap B) = \\frac{1}{11}~~ then </p> ','~~P(A \\cup B) = \\frac{15}{22}~~|: ~~P(\\bar{A} \\cap \\bar{B}) = \\frac{9}{22}~~ |: ~~P(\\bar{B} \\cap \\bar{A}) = \\frac{4}{11}~~ |:','1|:2|:3',' <p style=\"text-align: left;\">	 <img src=\"../api/resources/questions/s12q8img1.png\" style=\"float:right\" width=\"300\"> ~~P(\\bar{A}) = \\frac{6}{11}~~<br> ~~\\Rightarrow P(A) = \\frac{5}{11} = \\frac{10}{22};~~<br> P(B) = ~~\\frac{5}{22}~~; <br> ~~P(A \\cap B) = \\frac{1}{11} = \\frac{2}{22}~~<br><br> </p> <p style=\"text-align: left;\"> Hence through Venn diagram - <br> ~~P(\\bar{A} \\cap \\bar{B}) = \\frac{9}{22}; P(\\bar{A} \\cup \\bar{B}) = \\frac{20}{22} = \\frac{10}{11}~~ <br><br> ~~P(A \\cup B) = \\frac{10+5-2}{22} = \\frac{13}{22}~~ <br><br> ~~P(\\bar{B} \\cap A) = \\frac{8}{22} = \\frac{4}{11}~~ </p> ',34,1,'',1,NULL,NULL,0,0,0,0,0,0,0,1,0,0,0,0,0),
	(240,' <p style=\"text-align: left;\"> For N = 10500 , number of divisors which are: </p> ',' Divisible by 2 and 5 both is 24|: Divisible by 2 and 5 both is 64|: Divisible by 2 or 5 or both is 44|:Divisible by 2 or 5 or both is 64','0|:2',' <p style=\"text-align: left;\"> N = 10500 = ~~2^2 3^1 5^3 7^1~~ <br><br> (A) = divisible by 2 = (1 + 1) (1 + 1) (3 + 1) (1 + 1) = 32<br> (B) = divisible by 5 = (2 + 1) (1 + 1) (2 + 1) (1 + 1) = 36<br><br> ~~(A \\cap B)~~ = divisible by 2 and 5 <br>= (1 + 1) (1 + 1) (2 + 1) (1 + 1) = 24<br><br> ~~(A \\cup B) = (A)+(B)-(A \\cap B)~~ <br> = 32 + 36 - 24 = 44<br><br> </p> ',34,1,'',1,NULL,NULL,0,0,0,0,0,0,0,1,0,0,0,0,0),
	(241,' <p style=\"text-align: left;\"> If 3 events A, B, C are such that <br> P(A) = 2/3, P(B) = 1/5 , P(C)= 2/15 and ~~P(\\bar{A} \\cap \\bar{B})~~ = 4/15,<br> then which of the following is always true: <br><br> </p> <div class=\"option\"> <p style=\"text-align: left;\"> A. <span class=\"otext\"> A and B are independent events</span> </p> <p style=\"text-align: left;\"> B. <span class=\"otext\"> ~~P(C) = P(A \\cap B)~~</span> </p> <p style=\"text-align: left;\"> C. <span class=\"otext\"> ~~P(A \\cup B \\cup C) = 1~~</span> </p> <p style=\"text-align: left;\"> D. <span class=\"otext\">All of the above</span> </p> </div> ',' A and B are independent events|: ~~P(C) = P(A \\cap B)~~|: ~~P(A \\cup B \\cup C) = 1~~|:All of the above','3','	 <p style=\"text-align: left;\"> <img src=\"../api/resources/questions/s12q10img1.png\" style=\"float:left\"><br><br><br><br> ~~P (A \\cup B) = 1 - P(\\bar{A} \\cup \\bar{B}) = 1 - \\frac{4}{15} = \\frac{11}{15}~~<br><br> ~~\\Rightarrow P(A \\cap B) = P(A) + P(B) - P(A \\cup B)~~ <br><br> = 2/3 + 1/5 - 11/15<br><br> = ~~\\frac{2}{15}~~ = P(C) <br><br> </p>	 <p style=\"text-align: left;\"> ~~P(A \\cap B) = P(A).P(B)~~ <br> ~~\\Rightarrow~~ A and B are independent events for ~~P (A \\cup B \\cup C) = 1~~ to be true.<br><br> A, B and C have to be mutually exclusive but A and B are clearly not. </p><br><br> ',34,1,'',1,NULL,NULL,0,0,0,0,0,0,0,1,0,0,0,0,0),
	(242,' <p style=\"text-align: left;\"> A bag has 12 balls. 8 balls are drawn in an attempt and replaced, then another 7 balls are drawn. If the probability that 3 balls are common in both draws is ~~\\frac{7}{11p}~~ then find the value of p? <br><br><br> Integer Type Answer<br><br> </p> ','','9','	 <p style=\"text-align: left;\"> In second draw, we have to take any 3 balls from the 8 balls drawn first = <sup>8</sup>C<sub>3</sub> <br><br> Total ways = <sup>12</sup>C<sub>7</sub>.<br><br> Hence probability = ~~\\frac{{^8}C_3}{^{12}C_7} = \\frac{7}{99} = \\frac{7}{11p}~~ <br><br> ~~\\Rightarrow p = 9~~ <br><br> </p> ',34,1,'',1,NULL,NULL,0,0,0,0,0,0,0,1,0,0,0,0,0),
	(243,' <p style=\"text-align: left;\"> Let there be 5! permutation of the digits 1, 2, 3, 4, 5 suppose these permutations are arranged from smallest to largest i.e. starting from 12345 till 54321 then the number 43125 comes at 17k<sup>th</sup> place, find the value of k <br><br><br> Integer Type Answer <br></p> ','','5','	 <p style=\"text-align: left;\"> Number starting with 1 ~~\\rightarrow~~ 4! <br> Starting with 2 ~~\\rightarrow~~ 4! <br> Starting with 3 ~~\\rightarrow~~ 4! <br> Starting with 41 ~~\\rightarrow~~ 3! <br> Starting with 42 ~~\\rightarrow~~ 3! <br> Starting with 43125 ~~\\rightarrow~~ 1<br><br> Total 3(4!) + 2(3!) + 1 = 85 = 17K<br><br> ~~\\Rightarrow~~ K = 5 <br><br> </p> ',34,1,'',1,NULL,NULL,0,0,0,0,0,0,0,1,0,0,0,0,0),
	(244,' <p style=\"text-align: left;\"> Number of ways in which eight digit number can be formed using the digits from 1 to 9 without repetition, if first 4 digits are in increasing order and last 4 digits are in decreasing order are ~~\\lambda~~ then find the value of ~~{\\lambda}{70}~~ ?<br> <br> Integer Type Answer</p> ','','9','	 <p style=\"text-align: left;\"> At first select 8 digits out of 9 in <sup>9</sup>C<sub>8</sub> ways,<br> then select any 4 out of 8 and they can be arrange in one order only<br><br> Hence total number of this = (<sup>9</sup>C<sub>8</sub>)(<sup>8</sup>C<sub>4</sub>)x1x1 = 630 = ~~\\lambda~~ <br><br> ~~\\Rightarrow \\frac{\\lambda}{70}~~ = 9 <br><br> </p> ',34,1,'',1,NULL,NULL,0,0,0,0,0,0,0,1,0,0,0,0,0),
	(245,' <p style=\"text-align: left;\"> When letters of word VMALYAA are arranged then probability that all the words begin with A and any two are A are sepertated from each other. <br><br><br> Integer Type Answer </p> ','','2',' <p style=\"text-align: left;\"> Total arrangenets of VMALYAA = ~~\\frac{7!}{3!}~~<br> Favourable arrangement: <img src=\"../api/resources/questions/s12q14img1.png\" style=\"float:right\"> <br> = 4 x <sup>4</sup>C<sub>2</sub> x 3! <br><br> Hence probability = ~~\\frac{(4)(^{4}C_2 (3!)}{\\frac{7!}{3!}}~~<br><br> = ~~\\frac{6}{35} = \\frac{6}{6^2 - 1}~~ <br><br> ~~\\Rightarrow \\alpha ~~ = 2 <br></p> ',34,1,'',1,NULL,NULL,0,0,0,0,0,0,0,1,0,0,0,0,0),
	(246,' <p style=\"text-align: left;\"> What is the probability that atleast 2 heads appear in 4 tosses?	 <br><br></p> ','~~\\frac{5}{16}~~ |:~~\\frac{1}{2}~~|:~~\\frac{11}{16}~~|:~~\\frac{1}{8}~~','2',' <p style=\"text-align: left;\"> 2H &amp; 2T or 3H &amp; 1T or 4H <br><br> HHTT or HHHT or HHHH <br><br> ~~\\frac{1}{2^4} (\\frac{4!}{2!2!} + \\frac{4!}{3!} + 1) ~~ <br><br> = ~~\\frac{11}{16} ~~ <br><br>	 </p> ',34,1,'',1,NULL,NULL,0,0,0,0,0,0,0,1,0,0,0,0,0),
	(247,' <p style=\"text-align: left;\"> What is the probability that heads and tails appear on alternate tosses? <br><br></p> ','~~\\frac{5}{16}~~ |:~~\\frac{1}{2}~~|:~~\\frac{11}{16}~~|:~~\\frac{1}{8}~~','3',' <br><br> <p style=\"text-align: left;\"> HTHT or THTH ~~\\Rightarrow \\frac{1}{2^4} (2) ~~ <br><br> ~~ = \\frac{1}{8}~~ <br><br> </p> ',34,1,'',1,NULL,NULL,0,0,0,0,0,0,0,1,0,0,0,0,0),
	(248,' <p style=\"text-align: left;\"> If it is known that exactly two heads appeared in the 4 tosses then what is the probability that they never appeared consecutively? <br><br></p> ','~~\\frac{5}{16}~~ |:~~\\frac{1}{2}~~|:~~\\frac{11}{16}~~|:~~\\frac{1}{8}~~','1',' <br> <p style=\"text-align: left;\">	 ~~E_2~~ : 2H 2T <br><br> ~~\\Rightarrow E_1~~ : no consecutive heads <br><br> P(E1/E2) = ~~\\frac{P(E_1 \\cap E_2)}{P(E_2)} = \\frac{^3C_2}{\\frac{4!}{2! 2!}}~~<br><br> = 3/6 = 1/2<br><br> </p> ',34,1,'',1,NULL,NULL,0,0,0,0,0,0,0,1,0,0,0,0,0),
	(249,' <p style=\"text-align: left;\"> Possible number of words, taking all the letters at a time in which no two vowels are together? <br><br></p> ','(6!) <sup>7</sup>C<sub>3</sub> x 3! |:(6!) <sup>7</sup>C<sub>3</sub>|:(6!) <sup>7</sup>C<sub>3</sub> (~~\\frac{3!}{2!}~~)|:9! - 7!3!','1',' <br><br> <p style=\"text-align: left;\"> First arrange R, J, S, T, H, N <br><br> | R | J | S | T | H | N | ~~\\rightarrow~~ 6!<br> then select gaps ~~\\rightarrow~~ <sup>7</sup>C<sub>3</sub><br><br> Hence total posible words = 6! <sup>7</sup>C<sub>3</sub> <br><br> </p> ',34,1,'',1,NULL,NULL,0,0,0,0,0,0,0,1,0,0,0,0,0),
	(250,' <p style=\"text-align: left;\"> Possible number of words taking all letters at a time such that each word starts and ends with a vowel: <br><br></p> ','8!|:7!|:2x7!|:3x7!','1',' <br><br> <p style=\"text-align: left;\">	 <img src=\"../api/resources/questions/s12q19img1.png\" style=\"float:left\"><br><br> 7! ways in which this can be done<br><br> </p> ',34,1,'',1,NULL,NULL,0,0,0,0,0,0,0,1,0,0,0,0,0),
	(251,' <p style=\"text-align: left;\"> Possible number of words taking all the letters , at a time in which vowels are alternate- <br><br></p> ','(6!)<sup>7</sup>C<sub>3</sub>|:(6)7!|:(5)6!|:(6)6!','2',' <br><br> <p style=\"text-align: left;\">	 <img src=\"../api/resources/questions/s12q20img1.png\" style=\"float:right\" width=\"300\"><br>	 As seen in the figure, this can be done in 5 ways, <br><br> Total posible number of words = (5)6!<br><br> </p> ',34,1,'',1,NULL,NULL,0,0,0,0,0,0,0,1,0,0,0,0,0),
	(252,'	 <p style=\"text-align: left;\"> The equation of straight line passing through point of intersection of the straight lines 3x – y + 2 = 0 and 5x – 2y + 7 = 0 and having undefined slope is :</p> <br><br> ','x = 2|:x + y = 3|:x = 3|:x = 4','2','	 <p style=\"text-align: left;\"> The point of intersection of these lines is (3, 11), Hence the line is x = 3 </p><br> ',34,1,'',1,NULL,NULL,0,0,0,0,0,0,0,1,0,0,0,0,0),
	(253,' <p style=\"text-align: left;\">The locus of mid point of the intercept of the line x cos ~~\\alpha~~ + y sin ~~\\alpha~~ = p between coordinate axes is : </p> <br> ','~~x^{-2} + y^{-2} = 4p^{-2}~~|:~~x^2 + y^2 = p^2~~|:~~x^{-2} + y^{-2} = 4p^{-2}~~|:~~x^2 + y^2 = p^2~~','0','',34,1,'',1,NULL,NULL,0,0,0,0,0,0,0,1,0,0,0,0,0),
	(254,' <p style=\"text-align: left;\"> If a straight line cuts intercepts from the axes of coordinates the sum of the reciprocals of which is a constant k, then the line passes through the fixed point </p><br><br> ','(k,k)|:~~\\left|1/k,1/k\\right|~~|:(k,-k)|:(-k,k)','1','	 <p style=\"text-align: left;\"> Let the equation of the line be ~~\\frac{x}{a} + \\frac{y}{b} = 1~~ <br> <br> Given that: ~~\\frac{1}{a} + \\frac{1}{b} = k~~ <br><br> ~~\\Rightarrow a + b =k(ab)~~<br> <br> Since bx + by = ab <br><br> ~~bx + ay = \\frac{a+b}{k}~~ <br> <br> </p> <p style=\"text-align: left;\"> b(kx – 1) + a(ky – 1) = 0<br> <br> ~~(kx – 1) + \\frac{a}{b}(ky – 1) = 0~~<br><br> This is equation of a line passing through ~~(\\frac{1}{k}, \\frac{1}{k})~~<br><br> </p> ',34,1,'',1,NULL,NULL,0,0,0,0,0,0,0,1,0,0,0,0,0),
	(255,' <p style=\"text-align: left;\"> Let ~~x^2 + y^2 – 4x – 2y – 11 = 0~~ be a circle. A pair of tangents from the point (4, 5) with a pair of radii form a quadrilateral of area <br><br> </p> ','8 sq units|:16 sq units|:4 sq units|:32 sq units','0',' <p style=\"text-align: left;\"> <img src=\"../api/resources/questions/s13q4img1.jpg\" style=\"float: right\"> Radius = ~~\\sqrt{4 + 1 + 11}~~<br> <br>Length of Tangent PA = ~~\\sqrt{16+25+-4*4-2*5-11} = \\sqrt{4} = 2~~<br> <br>Area of quadrilateral OAPD &nbsp;&nbsp;&nbsp;&nbsp;&nbsp;&nbsp;&nbsp;&nbsp; = ~~2*\\frac{1}{2}*PA*OA~~<br> &nbsp;&nbsp;&nbsp;&nbsp;&nbsp;&nbsp;&nbsp;&nbsp;&nbsp;&nbsp;&nbsp;&nbsp;&nbsp;&nbsp;&nbsp;&nbsp;&nbsp;&nbsp;&nbsp;&nbsp;&nbsp;&nbsp;&nbsp;&nbsp;&nbsp;&nbsp;&nbsp;&nbsp;&nbsp;&nbsp; ~~=2*4 =8 q units~~<br><br> </p> ',34,1,'',1,NULL,NULL,0,0,0,0,0,0,0,1,0,0,0,0,0),
	(256,' <p style=\"text-align: left;\"> If a circle whose centre is (–1, 1) touches the straight line x + 2y + 12 = 0, then the coordinates of the point of contact are</p> ','~~(\\left|-\\frac{7}{2}, -4\\right|)~~|:~~(\\left|-\\frac{18}{5}, -4\\frac{21}{5}\\right|)~~|:~~(\\left|2, -7\\right|)~~|:~~(\\left|-2, -5\\right|)~~','1',' <p style=\"text-align: left;\"> <img src=\"../api/resources/questions/s13q5img1.jpg\" style=\"float: right\"> Given equation x + 2y + 12 = 0 &nbsp;&nbsp;&nbsp;&nbsp;&nbsp;&nbsp;&nbsp;&nbsp;&nbsp;&nbsp;&nbsp;&nbsp;&nbsp;&nbsp;...(i) <br><br>Then Equation of line OP = 2x – y + 3 = 0 ...(ii)<br> <br>Solving (i) and (ii)<br><br> ~~x = -\\frac{18}{5}, y = -\\frac{21}{5}~~ <br><br> Coordinates of the point of contact = ~~(-\\frac{18}{5},-\\frac{21}{5})~~<br><br> </p> ',34,1,'',1,NULL,NULL,0,0,0,0,0,0,0,1,0,0,0,0,0),
	(257,'	 <p style=\"text-align: left;\"> The length of the common chord of the circles ~~x^2 + y^2 + 2x + 3y + 1 = 0~~ and ~~x^2 + y^2 + 4x + 3y + 2 = 0~~, is: <br><br> </p> ','~~\\frac{a}{2}~~|:~~2\\sqrt{2}~~|:~~3\\sqrt{2}~~|:~~\\frac{3}{2}~~','1',' <p style=\"text-align: left;\">Equation of common chord will be <img src=\"../api/resources/questions/s13q6img1.jpg\" style=\"float: right\"> <br>~~(S_1 + S_2) = 0~~ <br><br>=&gt;2x = -1 ...(i)<br><br> $$C_1R = \\left|\\frac{2x - 1 + 1}{2}\\right| = \\frac{1}{2}$$ <br> Length of chord = ~~2 * PR~~ <br><br> ~~2 * \\sqrt{2} = 2\\sqrt{2}~~ <br><br></p> ',34,1,'',1,NULL,NULL,0,0,0,0,0,0,0,1,0,0,0,0,0),
	(258,' <p style=\"text-align: left;\"> Let AB be a chord of the circle ~~x^2 + y^2 = r^2~~ subtending a right angle at the centre. Then the locus of the centroid of the ~~\\Delta~~PAB as P moves on the circle is </p> ','A parabola|:A circle|:An ellipse|:A pair of straight lines','1','	 <p style=\"text-align: left;\"> <img src=\"../api/resources/questions/s13q7img1.jpg\" style=\"float: right\"> <br>Given ~~x^2 + y^2 = r^2~~ equation of circle whose centre at = (0, 0) and radius = r <br><br> Any arbitrary point P on it is ~~(rcos\\theta,rsin\\theta)~~ and choosing A and B as (– r, 0) and (0, – r). <br><br> For locus of centroid of ~~\\Delta~~PAB<br><br> ~~(\\frac{rcos\\theta - r}{3}, \\frac{rsin\\theta - r}{3} ) = (h,k)~~ </p> <p style=\"text-align: left;\"> &nbsp;&nbsp;&nbsp;&nbsp;&nbsp;&nbsp;&nbsp;&nbsp;&nbsp; ~~rcos\\theta = 3h + r~~ ...(i)<br> &nbsp;&nbsp;&nbsp;&nbsp;&nbsp;&nbsp;&nbsp;&nbsp;&nbsp; ~~rsin\\theta = 3k + r~~ ..(ii)<br><br> Squaring and adding both (i) and (ii) <br><br> ~~r^2 = (3h + r)^2 + (3k + r)^2~~<br><br> Hence loucs of centroid of ~~\\Delta PAB~~ <br>~~= (3x + r)^2 + (3y + r)^2 = r^2~~ is a circle<br><br> </p> ',34,1,'',1,NULL,NULL,0,0,0,0,0,0,0,1,0,0,0,0,0),
	(259,' <p style=\"text-align: left;\"> If the chord of contact of tangents from 3 points A, B, C to the circle x<sup>2</sup> + y<sup>2</sup> = a<sup>2</sup> are concurrent, then A, B, C will <br> </p> ','Be Concyclic|:Be Collinear|:Form the vertices of a triangle|:Forms the triangle of area a<sup>2</sup>','1',' <p style=\"text-align: left;\">	 Let coordinates A, B and C be (x<sub>1</sub>, y<sub>1</sub>), (x<sub>2</sub>, y<sub>2</sub>) and (x<sub>3</sub>, y<sub>3</sub>) respectively then, the chord of contanct of tangents drawn from A, B and C are <br> <br> xx<sub>1</sub> + yy<sub>1</sub> = a<sup>2</sup>, xx<sub>2</sub> + yy<sub>2</sub> = a<sup>2</sup> and xx<sub>3</sub> + yy<sub>3</sub> = a<sup>2</sup> <br><br> These three lines will be concurrent, if <br> <img src=\"../api/resources/questions/s13q8img1.jpg\" style=\"float: right\"> <br><br><br> <br> which is the condition of collinearity of A, B, C </p> ',34,1,'',1,NULL,NULL,0,0,0,0,0,0,0,1,0,0,0,0,0),
	(260,' <p style=\"text-align: left;\"> Three normals are drawn to the curve y<sup>2</sup> = x from a point (c, 0). Out of three one is always on x-axis. If two other normals are perpendicular to each other, then the value of c is </p> ','3/4|:1/2|:3/2|:2','0',' <p style=\"text-align: left;\"> Normal at (at<sup>2</sup>, 2at) is y + tx = 2at + at<sup>3</sup>; (a = 1/4).<br><br> If this passes through (c, 0), we have <br>&nbsp;&nbsp;&nbsp;&nbsp; ~~ct = 2at + at^3 =\\frac{t}{2} + \\frac{t^3}{4}~~<br><br> =&gt; ~~t(t^2 + 2 -4c) = 0~~ <br><br> =&gt; t = 0 and ~~t^2 = 4c - 2~~<br><br> If t = 0 the point at which the normal is drawn is (0, 0) </p> <p style=\"text-align: left;\"> If t not equal 0 then the two values of t represents slope of normals through (c, 0) <br><br> If these normals are perpendicular then (-t<sub>1</sub>)(-t<sub>2</sub>) = -1 <br><br> =&gt; &nbsp;&nbsp;&nbsp;&nbsp;&nbsp;&nbsp; t<sub>1</sub>t<sub>2</sub> = -1<br><br> =&gt; &nbsp;&nbsp;&nbsp;&nbsp;&nbsp;&nbsp; ~~(\\sqrt{4c-2})(-sqrt{4c-2})~~ = -1<br><br> =&gt; &nbsp;&nbsp;&nbsp;&nbsp;&nbsp;&nbsp; c = 3/4<br><br> </p> ',34,1,'',1,NULL,NULL,0,0,0,0,0,0,0,1,0,0,0,0,0),
	(261,' <p style=\"text-align: left;\"> If the segment intercepted by the parabola y<sup>2</sup> = 4ax with the line lx + my + n = 0 subtends a right angle at the vertex, then	 </p> ','4al + n = 0|:4al + 4am + n = 0|:4am + n = 0|:al + n = 0','0',' <p style=\"text-align: left;\"> On homogenizing y<sup>2</sup> = 4ax with the help of lx + my + n = 0 we get the equation of lines joining points of intersections of <br>lx + my + n = 0 and y<sup>2</sup> = 4ax,<br> which is y<sup>2</sup> = 4ax ~~(\\frac{lx + my}{-n})~~<br><br> Since these lines are at right angles coefficient of x<sup>2</sup> + coefficient y<sup>2</sup> = 0<br><br> =&gt; ~~\\frac{4al}{n} + 1 = 0 ~~<br> </p> ',34,1,'',1,NULL,NULL,0,0,0,0,0,0,0,1,0,0,0,0,0),
	(262,' <p style=\"text-align: left;\"> PN is the ordinate of any point P on y<sup>2</sup> = 4x. The normal at P to the curve meets the x-axis at G. Then </p> ','NG = 1|:NG = 2|:NG = 4|:NG = 6','1','	 <p style=\"text-align: left;\"> Let P be (t<sup>2</sup>, 2t) <br><br> The normal at P is y + tx = 2t + at<sup>3</sup> which meets x-axis at G(2 + t<sup>2</sup>, 0). Now as N is(t<sup>2</sup>, 0) NG = 2.<br><br> </p> ',34,1,'',1,NULL,NULL,0,0,0,0,0,0,0,1,0,0,0,0,0),
	(263,' <p style=\"text-align: left;\"> Two common tangents to the circle x<sup>2</sup> + y<sup>2</sup> = a<sup>2</sup> and parabola y<sup>2</sup> = 8ax are<br> <br></p> ','x = ~~\\pm~~ (y + 2a)|:y = ~~\\pm~~ (x + 2a)|:x = ~~\\pm~~ (y + a)|:y = ~~\\pm~~ (x + a)','1','	 <p style=\"text-align: left;\"> Any tangent to y<sup>2</sup> = 8ax is y = mx + ~~\\frac{2a}{m}~~<br> or m<sup>2</sup>x - my + 2a = 0 <br><br> If this is a tangent to the circle also<br><br> $$\\left|\\frac{m^2.0 - m.0 + 2a}{\\sqrt{m^4 + m^2}}\\right| = a$$<br> =&gt; m4 + m2 - 2 = 0 <br> =&gt; (m2 – 1)(m2 + 2) = 0<br> =&gt; m = ~~\\pm~~ 1<br> =&gt; Common tangents are y = ~~\\pm~~ (x + 2a).<br> </p> ',34,1,'',1,NULL,NULL,0,0,0,0,0,0,0,1,0,0,0,0,0),
	(264,' <p style=\"text-align: left;\"> The radius of the circle passing through the foci of the ellipse ~~\\frac{x^2}{16} + \\frac{y^2}{9} = 1~~, and having its centre at (0,3) is: <br></p> ','4|:3|:~~\\sqrt{2}~~|:7/2','0','	 <p style=\"text-align: left;\"> For ellipse a<sub>2</sub> = 16, b<sub>2</sub> = 9, b<sub>2</sub> = a<sub>2</sub>(1 - e<sub>2</sub>) <br> =&gt; e = ~~\\sqrt{7}/4~~<br><br> Focus is (ae, 0) or ( ~~\\sqrt{7}~~ , 0). Now radius of the circle <br> <br>= Distance between ( ~~\\sqrt{7}~~ , 0) and (0, 3)<br><br> &nbsp;&nbsp;&nbsp;&nbsp;&nbsp;&nbsp; = ~~\\sqrt{(\\sqrt{7} - 0)^2+(0-3)^2} = 4~~ <br><br> </p> ',34,1,'',1,NULL,NULL,0,0,0,0,0,0,0,1,0,0,0,0,0),
	(265,' <p style=\"text-align: left;\"> Let E be the ellipse ~~\\frac{x^2}{9} + \\frac{y^2}{4} = 1~~ and C be the circle ~~x^2 + y^2 = 4~~. Let P and Q be the points (1, 2) and (2, 1) respectively. Then: </p> ','Q lies inside C but outside E|:Q lies outside both C and E|:P lies inside both C and E|:P lies inside C but outside E','3',' <p style=\"text-align: left;\"> E: ~~\\frac{x^2}{} + \\frac{}{} - 1, C: x^2 + y^2 - 4~~ <br><br> E(1,2) = ~~\\frac{}{} + \\frac{}{} - 1&gt;0~~ <br><br> =&gt; (1,2) lies outside E<br><br> E(2,1) = \\frac{1^2}{9} \\frac{2^2}{4} - 1 &lt; 0<br> =&gt;(1, 2) lies outside E<br> $$E(2,1) = \\frac{2^2}{9} + \\frac{1}{4} - 1 &lt; 0 =&gt; (1, 2) lies inside E$$ C(1, 2) &gt; 0 =&gt; (1, 2) lies outside C<br> C(2, 1) &gt; 0 =&gt; (2, 1) lies outside C<br> No choice fits </p> ',34,1,'',1,NULL,NULL,0,0,0,0,0,0,0,1,0,0,0,0,0),
	(266,' <p style=\"text-align: left;\"> The foci of the ellipse ~~\\frac{x^2}{16} + \\frac{y^2}{b^2} = 1~~, and hyperbola ~~\\frac{x^2}{144} + \\frac{y^2}{81} = \\frac{1}{25}~~ coincide Then the value of b<sup>2</sup> is: <br> </p> ','9|:1|:5|:7','3',' <p style=\"text-align: left;\"> We must have ae = a\'e\' =&gt; 4e = ~~\\frac{12}{15}~~.e\'<br> where b<sup>2</sup> = 16(1 - e<sup>2</sup>) <br><br> ~~\\frac{81}{25} = \\frac{144}{25}~~(e\'<sup>2</sup>-1) from the last equation e\' = 15/12 then,<br><br> from first equation e =3/4<br><br> Hence from second equation b<sup>2</sup> = ~~16(1 - \\frac{9}{12}) = 7~~ <br><br> </p> ',34,1,'',1,NULL,NULL,0,0,0,0,0,0,0,1,0,0,0,0,0),
	(267,' <p style=\"text-align: left;\"> Consider a circle with its centre lying on the focus of the parabola y<sup>2</sup> = 2px, such that it touches the directrix of the parabola. Then point(s) of intersection of the circle and the parabola is (are) - </p> ','~~(\\frac{p}{2},p)~~|:~~(\\frac{p}{2},-p)~~|:~~(\\frac{-p}{2},p)~~|:~~(\\frac{-p}{2},-p)~~','0|:1',' <p style=\"text-align: left;\">Focus of the parabola is ~~(\\frac{p}{2},0)~~. Since the circle touches directrix x = ~~-\\frac{p}{2}~~ of the parabola, the radius of the circle = ~~\\frac{p}{2} + \\frac{p}{2} = p~~ <br> <br> =&gt; Equation of the circle is: <br>$$(x - \\frac{p}{2})^2 + y^2 = p^2$$ $$ \\Rightarrow x^2 + y^2 - px - \\frac{3p^2}{4} = 0 $$<br> </p> <p style=\"text-align: left;\"> This circle meets the parabola y<sup>2</sup> = 2px at points whose abscissae are given by $$ x^2 + 2px - px -\\frac{3p^2}{4} = 0$$ ~~ \\Rightarrow x = \\frac{p}{2}, x = -\\frac{3p}{4}~~, But ~~x = -\\frac{3p}{4}~~ is not possible on parabola, y<sup>2</sup>=2px. <br><br>Therefore ~~x=\\frac{p}{2}~~ </p> ',34,1,'',1,NULL,NULL,0,0,0,0,0,0,0,1,0,0,0,0,0),
	(268,' <p style=\"text-align: left;\"> Ay<sup>2</sup> + By + Cx + D = 0, (ABC 0) be the equation of a parabola, then <br><br></p> ','The length of the latus rectum is ~~\\left|\\frac{C}{A}\\right|~~|:The axis of the parabola is vertical|:The y-coordinate of the vertex is ~~\\frac{-B}{2A}~~|:The x-coordinate of the vertex is ~~\\frac{D}{A} + \\frac{B^2}{4AC}~~','0|:2',' <p style=\"text-align: left;\"> On dividing by A, we get: <br><br> ~~ y^2 + \\frac{B}{A}y = -\\frac{C}{A}x - \\frac{D}{A}~~<br><br> ~~ \\Rightarrow (y + \\frac{B}{2A})^2 = -\\frac{C}{A}x - \\frac{D}{A} + \\frac{B^2}{4A^2} ~~<br> $$ \\Rightarrow (y + \\frac{B}{2A}) = -\\frac{C}{A}(x - \\frac{-\\frac{D}{A} + \\frac{B^2}{4A^2}}{\\frac{C}{A}}) $$<br> Latus rectum is ~~\\left|-\\frac{C}{A}\\right|~~ and y coordinates of the vertex is ~~-\\frac{B}{2A}~~ </p> <p style=\"text-align: left;\"> =&gt; (A) and (C) are correct. <br><br>(B) is incorrect since all such parabolas have their axis as horizontal. <br><br>Since x-coordinate of the vertex is $$\\frac{-\\frac{D}{A} + \\frac{B^2}{4A^2}}{C/A}$$<br>D is incorrect<br><br> </p> ',34,1,'',1,NULL,NULL,0,0,0,0,0,0,0,1,0,0,0,0,0),
	(269,' <p style=\"text-align: left;\"> Let y<sup>2</sup> - 5y + 3x + k = 0 be a parabola, then <br><br></p> ','its latus rectum varies as k varies|:its latus rectum is independent of k|:the line y = 2x + 1 will touch the parabola if k = 73/16|:y = 5/2 is the only normal to the parabola whose slope is zero','0|:1|:2',' <p style=\"text-align: left;\"> The equation to the parabola can be written as <br> ~~(y - \\frac{5}{2})^2 = -3(x - \\frac{25-4k}{12})~~<br><br> =&gt; The length of the latus rectum is 3 and if y = 2x + 1 is a tangent, then quadratic (2x + 1)<sup>2</sup> - 5(2x + 1) + 3x + k = 0 must have equal roots<br><br> Now roots are equal if B<sup>2</sup> = 4AC <br> Quadratic equation is: is 4x<sup>2</sup> - 3x + k - 4 = 0<br> <br>Hence, 9 = 16(k - 4), etc <br> Since y =5/2 is normal at the vertex <br> A, B and C are correct </p> ',34,1,'',1,NULL,NULL,0,0,0,0,0,0,0,1,0,0,0,0,0),
	(270,' <p style=\"text-align: left;\"> On the ellipse 4x<sup>2</sup> + 9y<sup>2</sup> = 1, the points at which the tangents are parallel to 8x = 9y are </p> ','~~(\\frac{2}{5},\\frac{1}{5})~~|:~~(-\\frac{2}{5},\\frac{1}{5})~~|:~~(\\frac{-2}{5},\\frac{-1}{5})~~|:~~(\\frac{2}{5},\\frac{-1}{5})~~','2|:3',' <p style=\"text-align: left;\">	 We have ~~\\frac{dy}{dx} = \\frac{-4x}{9y}~~<br><br> Slope of line 8x = 9y is 8/9 <br><br> (A) is wrong since ~~\\frac{dy}{dx}~~ at the point given is ~~\\frac{-8}{9}~~<br> (B) is similarly wrong<br> (C) is correct since \\frac{dy}{dx} at the point given is ~~\\frac{8}{9}~~<br> (D) Similarly, choice (d) is correct<br><br> </p> ',34,1,'',1,NULL,NULL,0,0,0,0,0,0,0,1,0,0,0,0,0),
	(271,' <p style=\"text-align: left;\"> The focal distances of the point ~~(4\\sqrt{3},5)~~ on the ellipse 25x<sup>2</sup> + 16y<sup>2</sup> = 1600 may be <br><br></p> ','7|:6|:13|:11','0|:2',' <p style=\"text-align: left;\"> Ellipse is ~~\\frac{x^2}{64} + \\frac{y^2}{100} = 1~~<br><br> ~~\\Rightarrow a^2 = 64~~ and ~~b^2 = 100~~ <br><br> ~~\\Rightarrow a^2 = b^2(1 - e^2)~~ &nbsp;&nbsp;&nbsp;&nbsp;&nbsp;&nbsp;&nbsp;&nbsp; (since a &lt; b) <br><br> ~~\\Rightarrow 64 = 100(1 - e^2)~~<br><br> ~~\\Rightarrow e = 3/5~~<br><br> </p> <p style=\"text-align: left;\"> Now focal distance of (x<sub>1</sub>, y<sub>1</sub>) on ellipse<br><br> ~~\\frac{x^2}{a^2} + \\frac{y^2}{b^2} = 1~~ &nbsp;&nbsp;&nbsp;&nbsp;&nbsp;&nbsp; (a &lt; b)<br><br> must be (b - ey<sub>1</sub>, b + ey<sub>1</sub>) i.e., in this question they must be<br><br> ~~(10-\\frac{3}{5}*5, 10+\\frac{3}{5}*5)~~ = 7 and 13<br><br> </p> ',34,1,'',1,NULL,NULL,0,0,0,0,0,0,0,1,0,0,0,0,0),
	(272,'<p style=\"text-align: left;\"> f(x) = ~~tan^{-1}\\frac{(sin(x)-1)}{cos(x)}~~, then value of f(1) = </p> <br><br> ','~~0~~|:~~1-\\frac{\\pi}{2}~~|:~~\\frac{\\pi}{2}-1~~|:~~\\frac{1}{2}-\\frac{\\pi}{4}~~','3','	 <p style=\"text-align: left;\"> Consider ~~tan^{-1}\\frac{(sin(x)-1)}{cos(x)}~~ <br><br> ~~tan^{-1}(\\frac{tan(x/2)-1}{1+tan(x/2)})~~ <br><br> ~~tan^{-1}(tan(x/2-\\pi/4))~~<br><br><br> ~~\\frac{x}{2}-\\frac{\\pi}{4}~~<br><br> For x = 1, we get ~~\\frac{1}{2}-\\frac{\\pi}{4}~~ <br><br> </p><br> ',34,1,'',1,NULL,NULL,0,0,0,0,0,0,0,1,0,0,0,0,0),
	(273,' <p style=\"text-align: left;\"> The inequality ~~log_2(x) &lt; sin^{-1}(sin(5))~~ holds if ~~x \\;\\epsilon~~ </p> <br> ','~~[0, 2^{5 - 2\\pi}]~~|:~~[2^{5 - 2\\pi}, \\infty]~~|:~~[2^{2\\pi - 5}, \\infty]~~|:~~[0, 2^{2\\pi - 5}]~~','0',' <p style=\"text-align: left;\"> ~~ log_2x &lt; sin^{-1}(sin5)~~ <br><br> ~~ log_2x &lt; 5 - 2\\pi ~~<br><br> ~~ 0 &lt; x &lt; 2^{5-2 \\pi}~~<br><br> </p> ',34,1,'',1,NULL,NULL,0,0,0,0,0,0,0,1,0,0,0,0,0),
	(274,' <p style=\"text-align: left;\"> Let f(x) has local maxima at x = ~~\\frac{1}{2}~~. Given f(x) is continuous and differentiable in R.<br><br> ~~S1 \\equiv f(sin(x))~~ has local maxima at ~~x = \\frac{\\pi}{6}~~<br><br> ~~S2 \\equiv f(sin(x))~~ has local maxima at ~~x = \\frac{5\\pi}{6}~~<br><br> </p> ','Both ~~S_1~~ and ~~S_2~~ are correct|:Both ~~S_1~~ and ~~S_2~~ are wrong|:~~S_1~~ is correct but ~~S_2~~ is wrong|:~~S_2~~ is correct but ~~S_1~~ is wrong','0','	 <p style=\"text-align: left;\"> For given function, local max. at ~~x = \\frac{1}{2}~~ <br><br> ~~\\Rightarrow f\'(\\frac{1}{2}) = 0~~ and f (~~\\frac{1}{2}^{-})~~ <f(~~\\frac{1}{2})~~ and=\"\" ~~f(\\frac{1}{2}^{+})~~<f(~~\\frac{1}{2})~~=\"\" <br=\"\"><br> Now let ~~g(x) = f(sinx) \\Rightarrow g\'(x) = cosx f\'(sinx)~~<br> ~~\\Rightarrow g\'(1/2) = 0~~<br> <img src=\"../api/resources/questions/s14q3img1.png\" width=\"650\" style=\"float:left\"> <br><br><br><br><br><br><br> Similarly for ~~x = \\frac{5\\pi}{6}~~ </f(~~\\frac{1}{2})~~></p> ',34,1,'',1,NULL,NULL,0,0,0,0,0,0,0,1,0,0,0,0,0),
	(275,' <p style=\"text-align: left;\"> If ~~y = K.e^{\\frac{x}{(x-a)}}~~ then ~~\\frac{\\mathrm{d} y}{\\mathrm{d} x}~~ is equal to <br><br></p> ',' ~~a(x-a)^2~~|:~~\\frac{-ay}{(x-a)^2}~~|:~~a^2(x-a)^2~~|:~~\\frac{ax}{(x-a)^2}~~','1','	 <p style=\"text-align: left;\"> ~~y = K.e^{\\frac{x}{(x-a)}}~~<br><br> ~~\\Rightarrow \\frac{\\mathrm{d} y}{\\mathrm{d} x} = K.e^{\\frac{x}{(x-a)}} (\\frac{-a}{(x-a)^2})~~ <br> <br><br> ~~= \\frac{-ay}{(x-a)^2}~~ <br><br> </p> ',34,1,'',1,NULL,NULL,0,0,0,0,0,0,0,1,0,0,0,0,0),
	(276,' <p style=\"text-align: left;\"> <strong>Assertion</strong>: Let ~~f\'(x) &lt; 0, \\forall x \\in (-\\infty, a)~~ and ~~f\'(x) &gt; 0, x \\in (a, \\infty)~~ then at x = a, function f(x) will have local minima. <br> <strong>Reason</strong>: If ~~f\'(x) = 0~~ has a root x=a and if ~~f\'(a^-)&lt;0~~ and ~~f\'(a^+)&gt;0~~, then f(x) has local minima at x = a<br><br> </p> ','Assertion is correct and Reason is correct explanation of answer|:Assertion is wrong but Statement given in Reason is correct|:Assertion is correct but Reason is wrong|:Both Assertion and Reason are wrong','1',' <p style=\"text-align: left;\"> <strong>Assertion</strong>: <br> ~~f\'(x)&lt;0 \\forall x \\in (-\\infty, a)~~<br> ~~\\Rightarrow f(x)~~ is decreasing in ~~(-\\infty, a)~~. <br> ~~f\'(x)&gt;0 \\forall x \\in (a, \\infty)~~<br>~~ \\Rightarrow f(x)~~ is increasing in ~~(a, \\infty)~~ <br><br> But as no information about x=a so no comments for extrema <br><br> <strong>Reason</strong>: <br> ~~f\'(a) = 0~~ and ~~f\'(a^+) &gt; 0~~ and ~~f\'(a^-) &lt; 0~~<br> ~~\\Rightarrow~~ Local minima at x = a <br> </p> ',34,1,'',1,NULL,NULL,0,0,0,0,0,0,0,1,0,0,0,0,0),
	(277,'<p style=\"text-align: left;\"> g(x) is an odd function, integrable everywhere and periodic with period 2. If ~~f(x) = \\int_{0}^{x} g(t)dt~~ and f(1) = 2A, then <br><br> </p> ','f(2) = A|:f(2) = A+4|:f(2) = A+2|:f(2) = 0','3',' <p style=\"text-align: left;\"> g(-x) = -g(x) ...(i)<br> g(x+2) = g(x) ..(ii) <br><br> ~~\\Rightarrow g(-x+2) = -g(x)~~ <br><br> ~~f(1) = \\int_{0}^{1} g(t) dt = 2A; f(2) = \\int_{0}^{2} g(t) dt~~ <br><br>~~= \\int_{0}^{1} g(t) dt + \\int_{1}^{2} g(t) dt = I_1 + I_2~~ <br><br> ~~I_2 = \\int_{1}^{2} g(t) dt;~~ </p> <p style=\"text-align: left;\"> <br>Substitute ~~t = -x+2 \\Rightarrow I_2~~ <br><br>~~ = -\\int_{0}^{1} g(-x+2) dx = - \\int_{0}^{1} g(t) dt~~<br><br> ~~f(2) = I_1 + I_2 = 0~~ <br><br></p> ',34,1,'',1,NULL,NULL,0,0,0,0,0,0,0,1,0,0,0,0,0),
	(278,' <p style=\"text-align: left;\"> The solution set of ~~cos^{-1}(cosx) &gt; sin^{-1}(sin(x))~~ is </p> ','~~ x \\in \\bigcup_{n \\in I} (n\\pi , (n+1)\\pi)~~|:~~ x \\in \\bigcup_{n \\in I} (2n\\pi + \\frac{\\pi}{2} , 2n\\pi + 2\\pi)~~|:~~ x \\in \\bigcup_{n \\in I} (2n\\pi , (2n+1)\\pi)~~|:~~\\left \\{ \\phi \\right \\}~~','1','	 <p style=\"text-align: left;\"> <img src=\"../api/resources/questions/s14q7img1.png\" style=\"float:left\" width=\"800\"> <br><br><br><br><br><br><br><br></p> ',34,1,'',1,NULL,NULL,0,0,0,0,0,0,0,1,0,0,0,0,0),
	(279,' <p style=\"text-align: left;\"> $$\\lim_{h \\to 0} \\frac{\\int_{a}^{x+h}\\frac{sin^3(x)}{x^2 + 1}dx - \\int_{a}^{x}\\frac{sin^3(x)}{x^2 + 1}dx}{h}$$ is equal to - <br><br> </p> ','~~\\frac{sin^3(x)}{x^2 + 1}~~|: ~~\\frac{sin^2(x)}{x^2 + 1}^{2} 3cos(x).(x^2 + 1) - (2x)(sinx)~~ |: ~~\\frac{3cosx. sin^2(x)}{2x}~~ |:','0',' <p style=\"text-align: left;\"> ~~\\lim_{h \\to 0} \\frac{\\int_{a}^{x+h}\\frac{sin^3(x)}{x^2 + 1}dx - \\int_{a}^{x}\\frac{sin^3(x)}{x^2 + 1}dx}{h}~~ <br><br> ~~ = \\lim_{h \\to 0}\\frac{f(x+h)-f(x)}{h}~~<br><br> ~~ = f\'(x)~~<br><br> ~~\\Rightarrow~~ Thus, ~~f(x) = \\int_{a}^{x+h} \\frac{sin^3(x)}{x^2 + 1}~~<br><br> ~~\\Rightarrow f\'(x) = \\frac{sin^3(x)}{x^2 + 1}~~<br><br> </p> ',34,1,'',1,NULL,NULL,0,0,0,0,0,0,0,1,0,0,0,0,0),
	(280,' <p style=\"text-align: left;\"> ~~\\lim_{n \\to \\infty} [tan(\\frac{\\pi}{2n}).tan(\\frac{2\\pi}{2n}).... tan(\\frac{(n-1)\\pi}{2n})]^{1/n}~~ is equal to: <br><br> <br><br> </p> <div class=\"option\"> <p style=\"text-align: left;\"> A. <span class=\"otext\"><img src=\"\"> 0</span> </p> <p style=\"text-align: left;\"> B. <span class=\"otext\"><img src=\"\"> 1</span> </p> <p style=\"text-align: left;\"> C. <span class=\"otext\"> e</span> </p> <p style=\"text-align: left;\"> D. <span class=\"otext\">ln(2)</span> </p> </div> ','<img src=\"\"> 0|:<img src=\"\"> 1|: e|:ln(2)','1','	 <p style=\"text-align: left;\"> ~~ln(L) = \\lim{n \\to \\infty}\\frac{1}{n}\\sum_{r=1}^{n-1}ln\\; tan(\\frac{\\pi r}{2n})~~<br><br> Using the definition of integration as a limit of sum: <br><br> ~~I = \\int_{0}^{1} ln\\; tan(\\frac{\\pi}{2}x)dx;~~<br><br> Let ~~\\frac{\\pi}{2}x = t ; \\frac{\\pi}{2}dx = dt~~ <br><br> ~~I = \\frac{2}{\\pi}\\int_{0}^\\frac{\\pi}{2} ln \\;tan(t) dt ~~<br><br> ~~I = \\frac{2}{\\pi} (0) = 0 \\Rightarrow lnL = 0 \\Rightarrow L = 1 ~~ <br><br> </p> ',34,1,'',1,NULL,NULL,0,0,0,0,0,0,0,1,0,0,0,0,0),
	(281,' <p style=\"text-align: left;\"> The value of ~~\\sum_{r=1}^{\\infty} tan^{-1}(\\frac{1}{r^2 + 5r+7})~~ is equal to: <br><br> </p> ','<img src=\"\"> ~~tan^{-1}(3)~~|:<img src=\"\"> ~~\\pi/4~~ |: ~~sin^{-1}(\\frac{1}{\\sqrt{10}})~~ |:~~cot^{-1}(2)~~','2','	 <p style=\"text-align: left;\"> Let ~~T_r = tan^{-1}(\\frac{1}{r^2 + 5r+7}) = tan^{-1}(\\frac{1}{1 + (r^2 + 5r+6)})~~ <br><br> ~~T_r = \\frac{(r+3)-(r+2)}{1 + (r+3)(r+2)} = tan^{-1}(r+3)-tan^{-1}(r+2)~~ <br><br> ~~S_n = tan^{-1}(n+3) - tan^{-1}(3) = tan^{-1}(\\frac{n}{[3n+10]}) ~~ <br><br> ~~\\Rightarrow S_{\\infty} = tan^{-1}(\\frac{1}{3})~~ ~~ = sin^{-1}(\\frac{1}{\\sqrt{10}})~~ <br><br> </p> ',34,1,'',1,NULL,NULL,0,0,0,0,0,0,0,1,0,0,0,0,0),
	(282,' <p style=\"text-align: left;\"> Consider 2 circles ~~C_1: x^2 + y^2 - 1 = 0~~ and ~~C_2: x^2 + y^2 - 2 = 0.~~ Let A(1,0) be a fixed point on the circle ~~C_1~~ and B be any variable point on the circle ~~C_2~~. The line meets the curve ~~C_2~~ again at C. Which of the following alternatives is/are correct? <br></p> ','<img src=\"\"> ~~OA^2 + OB^2 + OC^2 \\in [7,11]~~, where O is the origin.|:<img src=\"\">~~OA^2 + OB^2 + BC^2 \\in [7,11]~~, where O is the origin. |: Locus of midpoint of AB is a circle of radius ~~\\frac{1}{\\sqrt{2}}~~ |: Locus of midpoint of AB is a circle of radius ~~\\frac{\\pi}{2}~~','0|:2|:3','	 <p style=\"text-align: left;\"> <img src=\"../api/resources/questions/s14q11img1.png\" style=\"float:left\" width=\"400\"><br><br><br><br><br><br> We have maximum BC = ~~2\\sqrt{2}~~ and minimum BC = 2<br><br> ~~\\therefore OA^2 + OB^2 + BC^2 \\in [7,11]~~ <br> Let M be the midpoint of AB<br> ~~\\equiv (\\frac{1+\\sqrt{2}cos(\\theta)}{2}, \\sqrt{2}\\frac{sin(\\theta)}{2}) = (h,k)~~ <br><br><br><br> ~~\\therefore sin\\theta = \\frac{2k}{\\sqrt(2)}; cos\\theta = \\frac{2h-1}{\\sqrt(2)}~~<br><br> ~~\\therefore~~ Now on squaring and adding, we get - <br><br> ~~\\Rightarrow 4k^2 + (2h - 1)^2 = 2~~ <br><br> ~~\\therefore~~ Locus of M(h,k) is ~~(x - \\frac{1}{2})^2 + y^2 = (\\frac{1}{\\sqrt{2}})^2~~ <br><br> </p> ',34,1,'',1,NULL,NULL,0,0,0,0,0,0,0,1,0,0,0,0,0),
	(283,' <p style=\"text-align: left;\"> The combined equation of 2 sides of an equilateral triangle is ~~x^2-3y^2-2x+1=0~~. If the length of each side of the triangle is 2, then the equation of the third side can be <br> </p> ','<img src=\"\"> ~~x = \\sqrt{3}-1~~|:<img src=\"\"> ~~y = 1+\\sqrt{3}~~ |: ~~x = \\sqrt{3}+1~~ |: ~~x = 1-\\sqrt{3}~~','1|:3',' <p style=\"text-align: left;\"> <img src=\"../api/resources/questions/s14q12img1.png\" style=\"float:left\" width=\"450\"><br><br><br><br><br> Here ~~(x-1)^2-3y^2= 0~~<br> ~~\\Rightarrow (x + \\sqrt{3}y-1)(x -\\sqrt{3}y-1) = 0~~<br> Now equation of AB is:<br> ~~\\frac{(x-1)}{\\frac{\\sqrt{3}}{2}} = \\frac{(y-0)}{\\frac{1}{2}}=r~~ <br>(put ~~r = \\pm 2)~~<br> From figure, the equation of 3rd side can be: <br> ~~x = 1 \\pm \\sqrt{3}~~ <br></p> ',34,1,'',1,NULL,NULL,0,0,0,0,0,0,0,1,0,0,0,0,0),
	(284,' <p style=\"text-align: left;\"> The range of the function ~~f(x) = tan(x + \\frac{\\pi}{3}) - tan(x - \\frac{\\pi}{3})~~ in ~~x \\in (-\\frac{\\pi}{6}, \\frac{\\pi}{3}] - \\left \\{ {\\frac{\\pi}{6}} \\right \\} ~~ contains the interval <br><br> </p> ','<img src=\"\"> R|:<img src=\"\"> [-1,2] |: ~~(-\\infty,-1] \\cup [5,\\infty)~~ |: ~~(4,\\infty)~~','2|:3',' <p style=\"text-align: left;\"> ~~f(x) = tan(x + \\frac{\\pi}{3}) - tan(x - \\frac{\\pi}{3})~~<br><br> Convert tanx in terms of sinx and cosx<br><br> ~~\\Rightarrow f(x) = \\frac{2\\sqrt{3}}{4cos^2x - 3} ~~; ~~x \\in (-\\frac{\\pi}{6}, \\frac{\\pi}{3}] - \\left \\{ {\\frac{\\pi}{6}} \\right \\}~~<br><br> ~~\\therefore \\frac{1}{4} \\le cos^2x \\le 1~~ <br><br> ~~\\therefore -2 \\le 4cos^2x - 3 \\le 1~~ <br> ~~\\Rightarrow f(x) \\in (-\\infty, -\\sqrt{3}] \\cup [2\\sqrt{3}, \\infty)~~ <br> <br></p> ',34,1,'',1,NULL,NULL,0,0,0,0,0,0,0,1,0,0,0,0,0),
	(285,' <p style=\"text-align: left;\"> ~~f(x) = sin^{-1} (\\frac{2x}{1+x^2})~~ is not differentiable at - <br><br></p> ',' x = 1 |: x = -1|: x = 1/2|:x = -1/2','0|:1/span&gt; ',' <p style=\"text-align: left;\"> <img src=\"../api/resources/questions/s14q14img1.png\" style=\"float:right\" width=\"400\"><br><br> ~~f(x) = sin^{-1}(\\frac{2x}{1+x^2})~~ is not differentiable at sharp points in the graph. <br><br> Hence it is not differentiable at ~~x = \\pm 1~~ <br><br> </p> ',34,1,'',1,NULL,NULL,0,0,0,0,0,0,0,1,0,0,0,0,0),
	(286,' <p style=\"text-align: left;\"> Let ~~I_n = \\int_{-1}^{1} \\left|{x}\\right| (1 + x + \\frac{x^2}{2} + \\frac{x^3}{3} + ...\\frac{x^{2n}}{2n})dx~~<br> If ~~\\lim_{n \\to \\infty} I_n = \\frac{p}{q}~~ where ~~\\frac{p}{q}~~ is in the lowest form, then ~~p + q~~ <br><br></p> ',' 5 |: 7|:9 |: 11 ','0',' <br><br> <p style=\"text-align: left;\"> Since ~~\\int_{-1}^{1}(odd) dx = 0~~,<br><br> ~~I_n = 2\\int_{0}^{1} x(1 + \\frac{x^2}{2} + \\frac{x^4}{4} + \\frac{x^6}{6} + ...\\frac{x^{2n}}{2n})dx~~ <br><br> ~~ = 2[\\frac{x^2}{1.2} + \\frac{x^4}{2.4} + \\frac{x^6}{4.6} + ..... + \\frac{x^{2n+2}}{(2n)(2n+2)}]_0^1 ~~<br><br> = ~~2 [\\frac{1}{1.2} + \\frac{1}{2.4} + \\frac{1}{4.6} + ..... + \\frac{1}{(2n)(2n+2}]~~<br><br> = ~~1 + \\frac{1}{2} [(1 - \\frac{1}{2}) + (\\frac{1}{2} - \\frac{1}{3}) + ..+ (\\frac{1}{n} - \\frac{1}{n+1})]~~<br><br> <br><br> Hence ~~\\lim{n \\to \\infty} [1 + \\frac{1}{2}(1 - \\frac{1}{n+1}) = \\frac{3}{2}~~<br><br> p = 3; q = 2<br><br> ~~\\Rightarrow (p + q) = 5~~ <br><br> </p> ',34,1,'',1,NULL,NULL,0,0,0,0,0,0,0,1,0,0,0,0,0),
	(287,' <p style=\"text-align: left;\"> If ~~\\int_{-1/2}^{7/4} \\sqrt{x+\\sqrt{x^2 + 2}} dx = \\frac{p}{q}~~ <br>then find the value of (p-q) <br><br> Integer Type Answer </p> ','','7',' <p style=\"text-align: left;\">	 ~~x + \\sqrt{x^2 + 2} = t~~ <br><br> ~~\\Rightarrow \\sqrt{x^2 + 2} = t - x~~ <br><br> ~~\\Rightarrow x = \\frac{1}{2}(t - \\frac{2}{t})~~<br> ~~dx = \\frac{1}{2}(1 + \\frac{2}{t^2})dt~~<br><br> ~~\\int_{-1/2}^{7/4} (\\sqrt{t})(\\frac{1}{2} + \\frac{1}{t^2})dt~~<br> ~~=\\frac{1}{3}(x + \\sqrt{x^2 + 2})^{3/2} - \\frac{2}{\\sqrt{x+\\sqrt{x^2 + 2}}} = \\frac{10}{3}~~<br><br> (p - q) = 10 - 3 = 7	 <br> </p> ',34,1,'',1,NULL,NULL,0,0,0,0,0,0,0,1,0,0,0,0,0),
	(288,' <p style=\"text-align: left;\"> If ~~\\alpha~~ satisfies the equation ~~(tan^{-1}((x))^2 + (cot^{-1}(x))^2 = \\frac{5\\pi ^2}{8}~~ <br> then the possible number of values of \'~~\\left|\\alpha\\right|~~\' is <br><br> Integer Type Answer<br><br></p> ','','1',' <br><br> <p style=\"text-align: left;\"> Let ~~tan^{-1}x = t~~<br><br> ~~\\Rightarrow 2t^2 - \\pi t - 3\\frac{\\pi^2}{8} = 0~~<br><br> ~~\\Rightarrow (t - \\frac{3\\pi}{4})(2t + \\frac{\\pi}{2}) = 0~~<br><br> ~~\\Rightarrow t = -\\frac{\\pi}{4} or \\frac{3\\pi}{4}~~ (rejected) <br><br> </p> ',34,1,'',1,NULL,NULL,0,0,0,0,0,0,0,1,0,0,0,0,0),
	(289,' <p style=\"text-align: left;\"> Let f(x) = ~~ln (2x^3 + (b-12) x^2 + b^2 + 2b)~~ be defined in [2, ~~\\infty~~) then the least value of \'b\', for which f(x) is one-one function, is <br><br> Integer Type Answer</p> ','','6',' <p style=\"text-align: left;\">	 ~~g(x) = 2x^3 + (b-12)x^2 + b^2 + 2b~~<br> ~~g\'(x) = 6x (x + \\frac{b-12}{3})~~<br><br> ~~\\frac{12-b}{3} \\le 2~~<br><br> ~~\\Rightarrow b \\ge 6 \\;\\;\\;\\;\\; (i)~~<br><br><br> ~~g(2) &gt; 0~~ <br><br> ~~\\Rightarrow b^2 + 6b - 32 &gt; 0~~<br><br> ~~ b \\in (-\\infty, -3 - \\sqrt{41}) \\cup (\\sqrt{41} - 3, \\infty) \\;\\;\\;\\;\\; (ii)~~<br><br><br><br> Intersection of (i) &amp; (ii):<br><br> ~~\\Rightarrow b \\ge 6~~<br><br> ~~b_{min}~~ = 6 <br><br> </p> ',34,1,'',1,NULL,NULL,0,0,0,0,0,0,0,1,0,0,0,0,0),
	(290,' <p style=\"text-align: left; font-size:30px\"> Match the following: <br><br> </p><table style=\"font-size: 30px\"> <tbody><tr> <td width=\"50\"></td> <td width=\"250\">Column 1</td> <td width=\"50\"></td> <td width=\"200\">Column 2</td> </tr> <tr> <td>(A)</td> <td>The function f : R ~~\\rightarrow~~ R, and is defined as ~~f(x) = e^\\left \\{x \\right \\}~~ is<br> (where {.} denotes fraction part of x)</td> <td>(p)</td> <td>One-one</td> </tr> <tr> <td>(B)</td> <td>The function f : R ~~\\rightarrow~~ R , and is defined as ~~f(x) = 2x + sin x~~ is</td> <td>(q)</td> <td>Many-one</td> </tr> <tr> <td>(C)</td> <td>The function f : R ~~\\rightarrow~~ R, and is defined as ~~f(x) = tan(\\frac{\\pi[x - 1]}{x^2 - x + 1})~~<br> (where [.] denotes greatest integer function) is</td> <td>(r)</td> <td>Into</td> </tr> <tr> <td>(D)</td> <td>Let ~~f: (0, \\pi/2) \\rightarrow~~ [0,2], where ~~f(x) = (cosx)^{cosx} + 1~~ is</td> <td>(s)</td> <td>Onto</td> </tr> </tbody></table><p></p> ','','2',' <br><br> <p style=\"text-align: left;\">	 (i)<br> <img src=\"../api/resources/questions/s14q20img1.png\" style=\"float:left\" width=\"500\"><br><br>	<br><br> <br><br>f : R ~~\\rightarrow~~ R<br> Many one-into <br> Range: [1, e) and co-domain R<br><br><br><br><br> (ii) f(x) = 2x + sinx<br> f\'(x) = 2+ cosx &gt; 0 ~~\\therefore~~ f(x) is increasing function<br><br> Range ~~\\equiv~~ R<br> One-One onto<br><br> (iii) f : R ~~\\rightarrow~~ R <br><br> ~~f(x) = tan(\\frac{\\pi[x - 1]}{x^2 - x + 1}) = \\frac{0}{+ve} ~~<br> f(x) = 0<br><br> Many-one Into<br><br><br><br><br> </p> <br><br> <p style=\"text-align: left;\">	 (iv) f: (0, ~~\\pi/2~~) ~~\\rightarrow~~ [0,2]; ~~f(x) = (cosx)^{cosx} + 1~~<br><br> ~~\\lim_{x \\to 0^+} f(x) = 1^1 + 1 = 2~~ <br> ~~\\lim_{x \\to \\pi/2} f(x) = 0^0 + 1 = 1~~ <br><br> ~~f\'(x) = (cosx)^{cosx} (1+ln (cosx)) - sinx~~<br> ~~f\'(x) = -ve \\;\\; \\frac{1}{e} &lt; cosx &lt; 1~~<br> ~~0 &lt; x &lt; cos^{-1}(1/e)~~<br> ~~f\'(x) = +ve \\;\\; 0 &lt; cosx &lt; \\frac{1}{e}~~ <br> ~~cos^{-1}(1/e) &lt; x &lt; \\frac{\\pi}{2}~~<br><br> </p> ',34,1,'',1,NULL,NULL,0,0,0,0,0,0,0,1,0,0,0,0,0),
	(291,'<p style=\"text-align: left;\"> In three dimesional space, volume of the figure bounded by (x<sup>2</sup> – 4) (y<sup>2</sup> – 4y + 3) (z<sup>2</sup> – 6z + 5) = 0 is equal to </p> <br> ','48 cubic units|:32 cubic units|:24 cubic units|:16 cubic units','1','	 <p style=\"text-align: left;\"> (x<sup>2</sup> – 4) (y<sup>2</sup> – 4y + 3) (z<sup>2</sup> – 6z + 3) = 0<br><br> ~~\\Rightarrow x = \\pm 2 ; y = 1, 3 ; z = 1, 5~~ <br><br> Hence a cuboid with length, width &amp; height 4, 2 &amp; 4 <br><br> Hence volume = 4 * 2 * 4 = 32<br><br> </p><br> ',34,1,'',1,NULL,NULL,0,0,0,0,0,0,0,1,0,0,0,0,0),
	(292,' <p style=\"text-align: left;\">Let A = ~~{A_1, A_2, A_3, ....., A_k}~~ be set of all 3rd order matrices that can be made using the numbers 1, 2, 3, .....9 without repetition. If ~~\\Delta_i~~represents the value of detereminant of Ai, i ~~\\in~~ N. <br><br>Then the value of ~~\\sum_{i=1}^{k}\\Delta_i~~ will be: </p> <br> ','0|:~~\\frac{4}{7}~~|:~~\\frac{2}{7}~~|:~~\\frac{5}{7}~~','0','',34,1,'',1,NULL,NULL,0,0,0,0,0,0,0,1,0,0,0,0,0),
	(293,' <p style=\"text-align: left;\"> In figure shown adjacent, shaded regions are squares with side length as labeled. If ~~\\alpha~~ &amp; ~~\\beta~~ are roots of x<sup>2</sup> – 7x + 11 = 0 then total area of the un-shaded region in figure is <img src=\"../api/resources/questions/s14q3img1.jpg\" style=\"float: right\"> </p><br> ','11|:7 + ~~\\sqrt{5}~~|:22|:None','2','	 <p style=\"text-align: left;\"> <img src=\"../api/resources/questions/s14q3img2.jpg\" style=\"float: right\"> Let hyptoneuse be of length ~~\\gamma~~<br><br> area of ~~A_1 = \\frac{1}{2}\\alpha\\gamma sin(90 + \\theta)~~<br> ~~= \\frac{1}{2}\\alpha\\gamma cos(\\theta) = \\frac{\\alpha\\beta}{2}~~	<br><br> Area of ~~A_2 = \\frac{1}{2}\\alpha\\beta~~<br> Area of ~~A_3 = \\frac{1}{2}\\beta\\gamma sin(180-\\theta) = \\frac{1}{2}\\beta sin\\theta = \\frac{\\alpha\\beta}{2}~~<br>Area of ~~A_4 = \\frac{1}{2}\\alpha\\beta~~<br><br> Total area = ~~2\\alpha\\beta~~ = 2(product of roots) = 2 * 11 = 22<br><br> </p> ',34,1,'',1,NULL,NULL,0,0,0,0,0,0,0,1,0,0,0,0,0),
	(294,' <p style=\"text-align: left;\"> Number of solutions of following simultaneous equation : <br><br> ~~sin \\theta + cos(\\theta/2) = 0~~<br>~~cos \\theta + 2 sin(\\theta/2)~~ = 1 <br><br> in ~~(-5\\pi,-5\\pi)~~ is <br><br></p> ','2|:3|:0|:4','0','	 <p style=\"text-align: left;\"> ~~sin \\theta + cos(\\theta/2) = 0~~ <br>~~\\Rightarrow cos (\\theta/2) (2sin(\\theta/2) + 1) = 0~~ <br> <br> ~~cos \\theta + 2 sin(\\theta/2) = 1~~, <br>if ~~sin(\\theta/2) = -1, \\Rightarrow cos (\\theta) = 3~~ (rejected) <br><br> if ~~cos(\\theta/2) = 0 \\Rightarrow sin(\\theta/2) = 1 \\Rightarrow \\theta = -3\\pi~~ or ~~\\pi~~<br><br> Hence 2 solutions <br><br> </p> ',34,1,'',1,NULL,NULL,0,0,0,0,0,0,0,1,0,0,0,0,0),
	(295,' <p style=\"text-align: left;\"> Value of ~~\\int_{2}^{4} \\frac{(\\sqrt{x} - \\sqrt{6-x}) {\\sqrt{x}}}{x-3}.dx~~ is equal to: <br><br></p> ','1|:2|:4|:6','1',' <p style=\"text-align: left;\"> I = ~~\\int_{2}^{4}\\frac{(\\sqrt{x} - \\sqrt{6-x}) {\\sqrt{x}}}{x-3}.dx~~, Rationalize <br><br>~~\\Rightarrow 2\\int_{2}^{4}\\frac{\\sqrt{x}} {(\\sqrt{x} + \\sqrt{6-x})}.dx~~ <br><br> Applying king property and adding <br><br>~~\\Rightarrow 2I = 2 * 2 \\Rightarrow I = 2~~ </p>',34,1,'',1,NULL,NULL,0,0,0,0,0,0,0,1,0,0,0,0,0),
	(296,'<p style=\"text-align: left;\"> The number of values of \'a\' for which the system of equation x<sup>2</sup> = y<sup>2</sup> , (x – a)<sup>2</sup> + y<sup>2</sup> = 1 has exactly 2 solutions is<br><br> </p> ','1|:2|:3|:4','1',' <p style=\"text-align: left;\"> Exactly two solution means ~~y = \\pm x~~ must be tangent to a given circle.<br><br> <img src=\"&lt;img src=\" ..=\"\" api=\"\" resources=\"\" questions=\"\" s14q6img1.jpg\"=\"\">\" style=\"float: right\"&gt; ~~a^2 = 1^2 + 1^2 \\Rightarrow a = \\pm \\sqrt{2}~~ &nbsp;&nbsp;&nbsp;&nbsp;&nbsp;&nbsp;&nbsp; (2 values) <br><br></p> ',34,1,'',1,NULL,NULL,0,0,0,0,0,0,0,1,0,0,0,0,0),
	(297,' <p style=\"text-align: left;\"> Let ~~A_n = \\begin{bmatrix} 1 &amp; 0 &amp; n \\\\ 0 &amp; 1 &amp; 0 \\\\ 0 &amp; 0 &amp; 1 \\\\ \\end{bmatrix}~~ , n ~~\\in~~ N then sum of <br> <br>elements of the matrix ~~\\sum_{n=1}^{10} A_n~~ is equal to: </p> ','48|:58|:45|:55','1',' <p style=\"text-align: left;\"> ~~\\sum_{n=1}^{10} A_n = A_1.A_2.A_3.A_4.....A_n = \\begin{bmatrix} 1 &amp; 0 &amp; n \\\\ 0 &amp; 1 &amp; 0 \\\\ 0 &amp; 0 &amp; 1 \\\\ \\end{bmatrix}~~	 <br><br><br><br><br> ~~\\Rightarrow A_1A_2 = \\begin{bmatrix} 1 &amp; 0 &amp; (1+2) \\\\ 0 &amp; 1 &amp; 0 \\\\ 0 &amp; 0 &amp; 1 \\\\ \\end{bmatrix} ~~ </p>	 <p style=\"text-align: left;\"> <br> ~~\\Rightarrow A_1A_2A_3.....A_{10}= \\begin{bmatrix} 1 &amp; 0 &amp; (1+2+3...10) \\\\ 0 &amp; 1 &amp; 0 \\\\ 0 &amp; 0 &amp; 1 \\\\ \\end{bmatrix}~~ <br><br><br>~~\\Rightarrow~~ Sum of elements = 3 + ~~\\frac{10*11}{2}~~ = 58 </p><br> ',34,1,'',1,NULL,NULL,0,0,0,0,0,0,0,1,0,0,0,0,0),
	(298,' <p style=\"text-align: left;\"> if f(x) = ~~\\begin{matrix} \\frac{ae^x + b}{be^x - a} &amp; x &gt; 0 \\\\ 2 &amp; x = 0 \\\\ p sin x + qx + q &amp; x &lt; 0 \\\\ \\end{matrix}~~ <br><br> is a differentiable function at x = 0, where a &amp; b are non zero numbers, then - </p> ','b = 3a|:p = -9/2|:q = 2|:','0|:1|:2',' <p style=\"text-align: left;\">	<br> ~~f(0^+) = f(0) \\Rightarrow \\frac{b+a}{b-a} = 2~~ <br><br> &nbsp;&nbsp;&nbsp;&nbsp;&nbsp;&nbsp;&nbsp;~~\\Rightarrow \\frac{b}{a} = 3 \\Rightarrow b = 3a~~<br><br> ~~f(0^-) = f(0) \\Rightarrow q = 2~~<br><br> Hence f(x) = ~~\\begin{matrix} \\frac{ae^x + b}{be^x - a}, &amp; x &gt; 0 \\\\ 2, &amp; x = 0 \\\\ p sin x + qx + q &amp; x &lt; 0 \\\\ \\end{matrix}~~<br> </p> <p style=\"text-align: left;\"><br> ~~\\Rightarrow f\'(0^+) = Lim_{x \\rightarrow 0^+}\\frac{(3e^x - 1)(e^x)-(e^x+3)(3e^x)}{(3e^x - 1)^2} = -\\frac{5}{2}~~<br><br> p sinx + 2x + 2 &lt; 0 <br><br> f\'(0<sup>-</sup>) = ~~Lim_{x\\rightarrow 0^-}~~ p cosx + 2 = p + 2<br><br> p + 2 = -5/2 ~~\\Rightarrow~~ p = -9/2 &amp; f\'(0) = -5/2 </p> ',34,1,'',1,NULL,NULL,0,0,0,0,0,0,0,1,0,0,0,0,0),
	(299,' <p style=\"text-align: left;\"> x (~~lim_{t\\rightarrow x} \\frac{f(t) - f(x)}{t-x}) = 3x^2 - f(x) \\forall x \\in R,~~ where f(x) is differentiable function such that f(1) = 1, then </p> ','<img src=\"\"> f\'(1) + f\'(2) + ......+ f\'(9) = 9f\'(5)|:<img src=\"\"> ~~\\int_0^2 f\'\'(x).dx = 2~~|: ~~\\int_0^2 f\'\'(x).dx = 4~~|:y = f(x) represents a conic with eccentricity 1','0|:2|:3',' <p style=\"text-align: left;\"> ~~x(lim_{t\\rightarrow x} \\frac{f(t) - f(x)}{t-x}) = 3x^2 - f(x)~~<br><br> ~~\\Rightarrow xf\'(x) = 3x^2 – f(x)~~<br><br> let ~~y = f(x) \\Rightarrow x\\frac{dy}{dx} + y = 3x^2~~<br><br> ~~\\frac{dy}{dx}+ (\\frac{1}{x}) y = x \\Rightarrow I.F = x~~<br><br> ~~\\Rightarrow y.x = \\int 3x.x \\Rightarrow xy = \\frac{3x^3}{3} + c~~<br><br> ~~f(1) = 1 \\Rightarrow c = 0~~<br><br> </p> <p style=\"text-align: left;\">	 ~~f(x) = x^2 \\Rightarrow f\'(x) = 2x~~<br><br> ~~\\Rightarrow \\sum_{x=1}^{9} f\'(x) = 2\\sum_{x=1}^{9}x = 2 * \\frac{9*10}{2} = 90~~<br><br> ~~f\"(x) = 2 \\Rightarrow \\int_0^2 f\'\'(x)dx = 4 ~~<br><br> y = x<sup>2</sup> is a parabola ~~\\Rightarrow e = 1~~<br><br> </p> ',34,1,'',1,NULL,NULL,0,0,0,0,0,0,0,1,0,0,0,0,0),
	(300,' <p style=\"text-align: left;\"> ~~\\vec{v(\\theta)} = (sin\\theta + cosec\\theta) \\vec{a} + ((sin\\theta - cosec\\theta) \\vec{b}),~~<br> where ~~\\hat{a}~~ and ~~\\hat{b}~~ are unit vectors such that ~~\\left | \\hat{a} \\times \\hat{b} \\right | = \\frac{\\sqrt{3}}{2}. ~~<br> If ~~\\theta \\in R~~, then choose the correct statement(s) <br><br> </p> <div class=\"option\"> <p style=\"text-align: left;\"> A. <span class=\"otext\"> If ~~\\hat{a}.\\hat{b} &gt; 0 ~~ then minimum value of ~~\\left | \\vec{v} \\right |~~ is ~~(2\\sqrt{3})^{1/2} ~~</span> </p> <p style=\"text-align: left;\"> B. <span class=\"otext\"> If ~~\\hat{a}.\\hat{b} &gt; 0 ~~ then minimum value of ~~\\left | \\vec{v} \\right |~~ is ~~(2\\sqrt{3}) ~~</span> </p> <p style=\"text-align: left;\"> C. <span class=\"otext\"> If ~~\\hat{a}.\\hat{b} &gt; 0 ~~ then minimum value of ~~\\left | \\vec{v} \\right |~~ is 2 </span> </p> <p style=\"text-align: left;\"> D. <span class=\"otext\">If ~~\\hat{a}.\\hat{b} &gt; 0 ~~ then minimum value of ~~\\left | \\vec{v} \\right |~~ is 4 </span> </p> </div> ',' If ~~\\hat{a}.\\hat{b} &gt; 0 ~~ then minimum value of ~~\\left | \\vec{v} \\right |~~ is ~~(2\\sqrt{3})^{1/2} ~~|: If ~~\\hat{a}.\\hat{b} &gt; 0 ~~ then minimum value of ~~\\left | \\vec{v} \\right |~~ is ~~(2\\sqrt{3}) ~~|: If ~~\\hat{a}.\\hat{b} &gt; 0 ~~ then minimum value of ~~\\left | \\vec{v} \\right |~~ is 2 |:If ~~\\hat{a}.\\hat{b} &gt; 0 ~~ then minimum value of ~~\\left | \\vec{v} \\right |~~ is 4 ','0|:2','	 <p style=\"text-align: left;\"> ~~\\left | \\hat{a} \\times \\hat{b} \\right | = \\frac{\\sqrt{3}}{2}~~ <br><br> ~~\\Rightarrow~~ angle b/w ~~\\hat{a}~~ and ~~\\hat{b}~~ is either ~~\\pi/3~~ or ~~2\\pi /3~~ <br><br> ~~\\Rightarrow \\hat{a}.\\hat{b} = \\frac{1}{2}~~ or ~~-\\frac{1}{2}~~ <br><br> ~~\\left | v \\right | = ((sin \\theta + cosec \\theta )^2 + (sin \\theta + cosec \\theta)^2 +~~<br> ~~2 \\hat{a}. \\hat{b} (sin^2 \\theta - cosec^2 \\theta))^{1/2}~~<br><br> If ~~\\hat{a}.\\hat{b} &gt; 0 \\Rightarrow \\hat{a}.\\hat{b} = 1/2~~ <br><br> </p>	 <p style=\"text-align: left;\"> ~~\\Rightarrow \\left | v \\right | = \\sqrt{(\\sqrt{3}sin\\theta - cosec\\theta)^2 + 2\\sqrt{3}}~~<br><br> ~~\\Rightarrow \\left | v \\right |_{min} = 2\\sqrt{3}^{1/2}~~<br><br> If ~~\\hat{a}.\\hat{b} &lt; 0 \\Rightarrow \\hat{a}.\\hat{b} = -1/2~~ <br><br> ~~\\Rightarrow \\left | v \\right | = \\sqrt{(sin^2\\theta + 3cosec^2\\theta)}~~<br><br> ~~\\Rightarrow \\left | v \\right |_{min} = 2~~ when ~~\\theta = \\frac{\\pi}{2}~~<br><br> <br><br> </p> ',34,1,'',1,NULL,NULL,0,0,0,0,0,0,0,1,0,0,0,0,0),
	(301,' <p style=\"text-align: left;\"> Ratio of area of triangle PQR to area of triangle ABC is </p> ','<img src=\"\"> 3/2|:<img src=\"\"> 9/4|: ~~\\sqrt{3/2}~~|:2','0','	 <p style=\"text-align: left;\"> $$\\begin{matrix} A (3cos\\theta_1, 2sin\\theta_1) &amp; P (3cos\\theta_1, 3sin\\theta_1) \\\\ B (3cos\\theta_2, 2sin\\theta_2) &amp; Q (3cos\\theta_2, 3sin\\theta_2) \\\\ C (3cos\\theta_3, 2sin\\theta_3) &amp; R (3cos\\theta_3, 3sin\\theta_3) \\\\ \\end{matrix}$$ <br><br> $$\\frac{\\Delta_{ABC}}{\\Delta_{PQR}}\\Delta_{PQR} =\\frac{1}{2} \\;\\; \\begin{vmatrix} A 3cos\\theta_1 &amp; 3sin\\theta_1 &amp; 1 \\\\ B 3cos\\theta_2 &amp; 3sin\\theta_2 &amp; 1 \\\\ C 3cos\\theta_3 &amp; 3sin\\theta_3 &amp; 1 \\\\ \\end{vmatrix}$$ </p> <p style=\"text-align: left;\"> <img src=\"../api/resources/questions/s14q11img1.jpg\" style=\"float: right\"> $$ = \\frac{9}{2} \\;\\; \\begin{vmatrix} A cos\\theta_1 &amp; sin\\theta_1 &amp; 1 \\\\ B cos\\theta_2 &amp; sin\\theta_2 &amp; 1 \\\\ C cos\\theta_3 &amp; sin\\theta_3 &amp; 1 \\\\ \\end{vmatrix}$$ <br><br> $$\\frac{\\Delta_{PQR}}{\\Delta_{ABC}} = \\frac{9}{6} = \\frac{3}{2}$$ </p> ',34,1,'',1,NULL,NULL,0,0,0,0,0,0,0,1,0,0,0,0,0),
	(302,' <p style=\"text-align: left;\"> ~~\\Delta~~is equal to <br></p> ','~~9\\sqrt{3}~~|:~~27\\sqrt{3}/2~~|: ~~9\\sqrt{3}/2~~|:~~3\\sqrt{3}~~','2','	 <p style=\"text-align: left;\"> Now maximum area of triangle inscribed in a circle is an equilateral triangle. <br> <br> ~~(\\Delta PQR)_{max} = \\frac{\\sqrt{3}}{4}(2*3*\\frac{\\sqrt{3}}{2})^2~~ <br><br> ~~= \\frac{27\\sqrt{3}}{4}~~ <br><br> ~~= \\Delta = \\frac{2}{3} * \\frac{27\\sqrt{3}}{4} = \\frac{9\\sqrt{3}}{2}~~ <br><br> </p> ',34,1,'',1,NULL,NULL,0,0,0,0,0,0,0,1,0,0,0,0,0),
	(303,' <p style=\"text-align: left;\"> Centroid of triangle P\'Q\'R\' <br> </p> ','lies on the ellipse|:lies on y-axis a point other than origin|:lies on x-axis a point other than origin|:is at origin','3','	 <p style=\"text-align: left;\"> since P\'Q\'R\' is an equilateral triangle it\'s centroid and circumcentre coincide <br><br> </p> ',34,1,'',1,NULL,NULL,0,0,0,0,0,0,0,1,0,0,0,0,0),
	(304,' <p style=\"text-align: left;\"> BC cosA is equal to: </p> ','14|:7|:28|:56','3',' <p style=\"text-align: left;\"> <img src=\"\"> AB = ~~9\\frac{1}{2}\\sqrt{2b^2+ 2c^2- 10^2}~~; <br><br> cos A ~~= \\frac{b^2+ c^2-10^2}{2}~~<br><br> ~~\\Rightarrow b^2 + c^2 = 212 <br><br>\\Rightarrow bc cos A = 56~~<br> <br></p> ',34,1,'',1,NULL,NULL,0,0,0,0,0,0,0,1,0,0,0,0,0),
	(305,' <p style=\"text-align: left;\"> l is equal to: <br><br></p> ','~~\\sqrt{13}~~ |:~~3\\sqrt{13}~~|:~~2\\sqrt{13}~~|:~~2\\sqrt{10}~~','1',' <p style=\"text-align: left;\"> <img src=\"../api/resources/questions/s14q15img1.jpg\" style=\"float: right\"> <br> ~~ l =\\frac{1}{2}\\sqrt{2(10)^2 + 2b^2 - c^2}~~ <br><br> ~~\\Rightarrow~~ In DEB ~~\\Rightarrow AB = \\sqrt{6^2 + 4^2 } = \\sqrt{52} = c~~<br><br> ~~\\Rightarrow b^2 = 212 - 52 = 160~~<br><br> ~~\\Rightarrow l = 3\\sqrt{3}~~ <br><br>	 </p> ',34,1,'',1,NULL,NULL,0,0,0,0,0,0,0,1,0,0,0,0,0),
	(306,' <p style=\"text-align: left;\"> Let f(x) = x<sup>2</sup> – 10x + 5 <br><br>The sum of all the solution of f(f(f(x))) = 0 is 10 ~~\\lambda~~, then find the value of ~~\\lambda~~. <br><br></p> ','','4',' <br><br><p style=\"text-align: left;\"> Let g(x) = f(f(f(x)) <br> since f (x) = f(10 – x) ~~\\Rightarrow~~ g (x) = g (10 – x)<br><br> If x = ~~\\alpha~~ is a root of g(x) = 0 , then 10 - ~~\\alpha~~ is also a root.<br><br> Since g(x) is a polynomial of degree 8 sum of it\'s roots is 40<br><br> Hence ~~\\lambda~~ = 4 </p><p style=\"text-align: left;\"><br><br> </p> ',34,1,'',1,NULL,NULL,0,0,0,0,0,0,0,1,0,0,0,0,0),
	(307,' <p style=\"text-align: left;\"> A function f(x) is such that f\'(x<sup>2</sup>)=~~\\frac{e^x}{x}~~ and f(0)=2, then find the value of ~~\\int_0^1f(x).dx~~ <br><br></p> ','','4',' <br> <p style=\"text-align: left;\">	 f\'(x<sup>2</sup>) = ~~\\frac{e^x}{x}~~; x<sup>2</sup> = t<br><br> ~~\\Rightarrow f\'(t) = \\frac{e^{\\sqrt{t}}}{\\sqrt{t}}.dt~~ ~~\\Rightarrow 2e^{\\sqrt{t} + c}~~<br><br> f(0) = ~~2 \\Rightarrow~~ f(t) = ~~2e^{\\sqrt t}~~ or ~~f(x) = 2e^{\\sqrt x}~~<br><br> Hence I = ~~2\\int_0^1 e^{\\sqrt x}.dx; x = z^2 \\Rightarrow dx = 2zdz~~<br><br> ~~\\Rightarrow I = 4\\int_0^1 ze^zdz = 4(ze^2 - \\int_0^1e^zdz) = 4~~<br><br> </p> ',34,1,'',1,NULL,NULL,0,0,0,0,0,0,0,1,0,0,0,0,0),
	(308,' <p style=\"text-align: left;\"> Consider the two graphs y = 2x and x<sup>2</sup> – xy + 2y<sup>2</sup> = 28. <br><br>What is the absolute value of the tangent of the angle between the two curves at the points where they meet ? <br><br></p> ','','2',' <p style=\"text-align: left;\"> y = 2x ; &nbsp;&nbsp;&nbsp;x<sup>2</sup> – xy + 2y<sup>2</sup> = 28 <br>Solving two curves we get A(2, 4) &amp; B(– 2, – 4) <br><br> Now 2x – xy\' + 4yy\' = 0 <br><br>~~\\Rightarrow \\frac{dy}{dx} =\\frac{2x-y}{x-4y}; \\; \\frac{dy}{dx}~~ at A &amp; B = 0 <br><br> for y = 2x ~~\\Rightarrow \\frac{dy}{dx} = 2 = m, m_2 = 0~~<br><br>~~\\left|tan \\theta\\right| = \\left| \\frac{m_1-m_2}{1 + m_1m_2} \\right| = 2~~ <br><br> </p> ',34,1,'',1,NULL,NULL,0,0,0,0,0,0,0,1,0,0,0,0,0),
	(309,' <p style=\"text-align: left;\"> Let P(n) be the probability that when n dice are tossed atleast 2 show the same outcome. <br><br>Then find the value of	~~\\frac{3P(3)}{P(2)}~~? <br><br></p> ','','8',' <br><br> <p style=\"text-align: left;\">	 P(3) = 1 – none of dice have some output = ~~1 – \\frac{6.5.4}{6.6.6}~~ <br><br> P(2) = 1 – none of dice have same output = ~~1 – \\frac{6.5}{6.6}~~ <br><br> ~~\\Rightarrow \\frac{3P(3)}{P(2)} = 8~~ </p><br> ',34,1,'',1,NULL,NULL,0,0,0,0,0,0,0,1,0,0,0,0,0),
	(310,' <p style=\"text-align: left;\"> A&nbsp;&nbsp;&nbsp;&nbsp;~~(\\sqrt{3} - 1, 1 + \\sqrt{3})~~, <br> B&nbsp;&nbsp;&nbsp;&nbsp;~~(1 - \\sqrt{3}, -1 - \\sqrt{3})~~ and,<br> C&nbsp;&nbsp;&nbsp;&nbsp;(2, 2)<br> are vertices of a triangle. <br><br>Line joining orthocentre and centroid meets it\'s circumcircle at point P(~~\\alpha, \\beta~~) in third quadrant, then ~~\\frac{\\beta}{\\alpha}~~ is equal to <br><br></p> ','','1',' <br> <p style=\"text-align: left;\">	 Clearly three points lie on circumcircle x<sup>2</sup> + y<sup>2</sup> = 8 with circumcenter (0, 0) &amp; centroid ~~(\\frac{2}{3},\\frac{2}{3})~~ <br><br> ~~\\Rightarrow~~ Line joining centroid &amp; cirumcentre is y = x will be the same line joining orthocenter &amp; centroid. <br><br> Hence any point ~~(\\alpha,\\beta)~~ on this line ~~\\alpha = \\beta \\Rightarrow \\frac{\\beta}{alpha} = 1~~ </p><br> ',34,1,'',1,NULL,NULL,0,0,0,0,0,0,0,1,0,0,0,0,0),
	(311,'<p style=\"text-align: left;\"> The solution set of ~~(log_5 x)2 + log_5 x + 1 = \\frac{7}{log_5x - 1}~~ contains: </p> <br><br> ','~~(1,3)~~|:~~5~~|:~~{25}~~|:~~{1,25}~~','2','	 <p style=\"text-align: left;\"> Put ~~log_5x = t,~~ we get ~~t^2 + t + 1 = \\frac{7}{(t-1)}~~ <br><br> ~~(t-1)(t^2 + t + 1) = 7 \\Rightarrow t^3 + t^2 + t - t - 1~~ <br>~~ = 7 \\Rightarrow t^3 - 8 = 0~~ <br><br> Now, ~~t = log_5 x~~, so ~~log_5 x = 2~~<br><br> ~~x = 5^2 \\Rightarrow \\;\\; x = 25~~ <br><br> </p><br> ',34,1,'',1,NULL,NULL,0,0,0,0,0,0,0,1,0,0,0,0,0),
	(312,' <p style=\"text-align: left;\"> If ~~sin^4\\alpha cos^2\\alpha = \\sum_{k=0}^{3}C_k cos2k\\alpha~~ , and <br> ~~C_1 + C_3 = x, \\;\\; C_0 + C_2 = y,~~ <br>~~C_1 + C_2 + C_3 + C_0 = z~~, <br> then the value of ~~(x,y,z)~~ is - <br> </p> <br> ','(0,1,2)|:(0,0,0)|:(0,2,3)|:(0,-1,2)','1','',34,1,'',1,NULL,NULL,0,0,0,0,0,0,0,1,0,0,0,0,0),
	(313,' <p style=\"text-align: left;\"> The number of integral roots of the equation ~~x^4 + \\sqrt{(x^4 + 20)} = 22~~<br><br> are </p> ','0|:2|:4|:8','1','	 <p style=\"text-align: left;\"> Put ~~x^4 = y~~ and write: <br><br> ~~y + 20 = (22 - y)^2~~ <br><br> ~~\\Rightarrow y = 16,29~~ But y = 29 is not possible and ~~x^4 = y = 16~~ <br><br> ~~x = \\pm 2~~ as x is an integer <br><br> </p> ',34,1,'',1,NULL,NULL,0,0,0,0,0,0,0,1,0,0,0,0,0),
	(314,' <p style=\"text-align: left;\"> If the numbers a,b,c,d,e form an A.P., then the values of (a - 4b + 6c - 4d + e) is. <br><br></p> ',' 1|:2|:0|:None of these','2','	 <p style=\"text-align: left;\"> a - 4b + 6c - 4d + e <br><br> = a - 4(a + d) + 6(a + 2d) - 4 (a + 3d) + (a + 4d) <br><br> = 0 <br><br> </p> ',34,1,'',1,NULL,NULL,0,0,0,0,0,0,0,1,0,0,0,0,0),
	(315,' <p style=\"text-align: left;\"> If r&gt;1 and ~~x = a + \\frac{a}{r} + \\frac{a}{r^2} +...+ \\infty~~, <br><br> ~~y = b - \\frac{b}{r} + \\frac{b}{r^2}...+ \\infty~~ <br><br> and ~~z = c + \\frac{c}{r^2} + \\frac{c}{r^4} +...+ \\infty~~,<br> then ~~\\frac{xy}{z}~~ is equal to: </p> ','ab/c|:ac/b|:bc/a|:None of these','0',' <p style=\"text-align: left;\"> ~~x = \\frac{a}{(1-\\frac{1}{r})} = \\frac{ar}{r-1}~~<br><br> ~~y = \\frac{b}{(1+\\frac{1}{r})} = \\frac{br}{r+1}~~<br><br> ~~z = \\frac{c}{(1-\\frac{1}{r^2})} = \\frac{cr^2}{r^2-1}~~ <br><br> ~~\\therefore \\frac{xy}{z} = \\frac{ab}{c}~~<br><br> </p> ',34,1,'',1,NULL,NULL,0,0,0,0,0,0,0,1,0,0,0,0,0),
	(316,'<p style=\"text-align: left;\"> If ~~x = rsin(\\theta)cos(\\phi)~~, ~~y = rsin(\\theta)sin(\\phi)~~ and ~~z = rcos(\\theta)~~<br> then ~~(x^2 + y^2 + z^2)~~ will be independent of:<br> </p> ','~~r~~|:~~\\theta~~ and ~~\\phi~~|:~~\\theta~~ and ~~r~~|:None of these','1',' <p style=\"text-align: left;\"> ~~x^2 + y^2 + z^2~~<br> ~~= r^2 sin^2(\\theta)(cos^2\\phi + sin^2\\phi) + r^2 cos^2(\\theta)~~ <br> ~~= r^2(sin^2\\theta +cos^2\\theta)~~<br> = ~~r^2~~<br><br> ~~\\therefore~~ it is independent of ~~\\theta~~ and ~~\\phi~~<br><br> </p> ',34,1,'',1,NULL,NULL,0,0,0,0,0,0,0,1,0,0,0,0,0),
	(317,' <p style=\"text-align: left;\"> If ~~cos(25^o) + sin(25^o) = k~~ then ~~cos(20^o)~~ is equal to: </p> ','~~ \\frac{k}{\\sqrt{2}}~~|:~~ -\\frac{k}{\\sqrt{2}}~~|:~~ \\frac{k}{2}~~|:None of these','0','	 <p style=\"text-align: left;\"> We are given that - <br> ~~cos(25^o) + sin(25^o) = k~~ then ~~cos(20^o)~~<br><br> ~~sin(65^o) + sin(25^o) = k~~ <br><br><br><br> ~~cos(20^o) = \\frac{k}{\\sqrt{2}}~~ <br><br></p> ',34,1,'',1,NULL,NULL,0,0,0,0,0,0,0,1,0,0,0,0,0),
	(318,' <p style=\"text-align: left;\"> If ~~\\left | 4sinx - 1 \\right | &lt; \\sqrt{5}	~~ and ~~x \\in (-\\pi, \\pi)~~ then all such ~~x~~ lie in the interval <br><br> </p> ','~~(-\\frac{\\pi}{10}, \\frac{3\\pi}{10})~~|: ~~(\\frac{\\pi}{10}, \\frac{3\\pi}{10})~~ |: ~~(\\frac{-3\\pi}{10}, \\frac{\\pi}{10})~~ |:','0',' <p style=\"text-align: left;\"> ~~\\left | 4sinx - 1 \\right | &lt; \\sqrt{5} ~~ <br><br> ~~\\Rightarrow - \\sqrt{5} &lt; 4sinx - 1 &lt; \\sqrt{5}~~ <br><br> ~~\\frac{1 - \\sqrt{5}}{4} &lt; sinx &lt; \\frac{1 + \\sqrt{5}}{4}~~ <br><br> ~~\\Rightarrow x \\in (-\\frac{\\pi}{10}, \\frac{3\\pi}{10}).~~ </p> ',34,1,'',1,NULL,NULL,0,0,0,0,0,0,0,1,0,0,0,0,0),
	(319,' <p style=\"text-align: left;\"> Let ~~x_1~~ and ~~x_2~~ are the solutions of the equation ~~secx = 1 + cosx + cos^2x + cos^3x + ... + \\infty~~ <br> where ~~x_1, x_2 \\in (0,2\\pi) - \\left \\{ \\pi \\right \\} ~~.<br><br> The value of ~~\\left | x_1 - x_2 \\right |~~ is <br> <br> </p> <div class=\"option\"> <p style=\"text-align: left;\"> A. <span class=\"otext\"><img src=\"\"> ~~4\\pi /3~~ </span> </p> <p style=\"text-align: left;\"> B. <span class=\"otext\"><img src=\"\"> ~~2\\pi /3~~</span> </p> <p style=\"text-align: left;\"> C. <span class=\"otext\"> ~~\\pi /3~~</span> </p> <p style=\"text-align: left;\"> D. <span class=\"otext\">~~\\pi~~</span> </p> </div> ','<img src=\"\"> ~~4\\pi /3~~ |:<img src=\"\"> ~~2\\pi /3~~|: ~~\\pi /3~~|:~~\\pi~~','1','	 <p style=\"text-align: left;\"> We have ~~secx = 1 + cosx + cos^2x + cos^3x + ... + \\infty~~ <br> ~~\\therefore secx = \\frac{1}{1-cosx}~~<br> ~~ \\Rightarrow secx (1 - cosx) = 1~~<br><br> ~~ \\Rightarrow cosx = \\frac{1}{2}~~<br><br> ~~ \\Rightarrow x \\in \\left \\{\\frac{\\pi}{3}, \\frac{5\\pi}{3} \\right \\}~~ <br><br> </p> ',34,1,'',1,NULL,NULL,0,0,0,0,0,0,0,1,0,0,0,0,0),
	(320,' <p style=\"text-align: left;\"> If ~~ax + by~~ = 1, ~~cx^2 + dy^2~~ = 1 have only one solution, then <br><br> </p> ','<img src=\"\"> ~~\\frac{a^2}{c} + \\frac{b^2}{d} = 1~~|:<img src=\"\"> ~~x = \\frac{a}{c}~~ |: ~~y = \\frac{b}{d}~~ |:None of these','0|:1|:2','	 <p style=\"text-align: left;\"> ~~ ax + by = 1; \\;\\; \\Rightarrow y = \\frac{1-ax}{b}~~ <br><br> Putting this value in second equation, we get - <br> ~~cx^2 + \\frac{d}{b^2}(1-ax)^2~~ <br><br> ~~= 1 \\Rightarrow (b^2c + a^2d)x^2 - 2abx + d - b^2 = 0;~~<br><br> Equation will have equal roots, if - <br><br> ~~D = 4a^2d^2 - 4(b^2c + a^2d)(d-b^2) = 0~~ <br><br> ~~b^2[b^2c + a^2d - cd] = 0~~ <br><br> </p> <p style=\"text-align: left;\"> ~~\\frac{b^2}{d} + \\frac{a^2}{c} = 1~~ <br><br> Also in this case - <br><br> ~~x = \\frac{2ad}{2(b^2c + a^2d)} = \\frac{a}{c}~~ <br><br> ~~y = \\frac{1-ax}{b)} = \\frac{1}{b} (1 - \\frac{a^2}{c} ) = \\frac{b}{d}~~<br><br> </p> ',34,1,'',1,NULL,NULL,0,0,0,0,0,0,0,1,0,0,0,0,0),
	(321,' <p style=\"text-align: left;\"> If real numbers x and y satisfy ~~(x+5)^2 + (y-12)^2 = (14)^2~~, then the minimum value of ~~\\sqrt{x^2 + y^2}~~ is <br></p> ','<img src=\"\"> Rational|:<img src=\"\">Irrational |: Integral |: Prime','0|:2','	 <p style=\"text-align: left;\"> ~~x + 5 = 14 cos\\theta~~<br><br> ~~y - 12 = 14 sin\\theta~~<br><br> ~~\\therefore x^2 + y^2 = (14cos\\theta - 5)^2 + (14sin\\theta + 12)^2~~<br> ~~=196 + 25 + 144 + 28(12sin\\theta - 5cos\\theta)~~<br> ~~= 365 + 28(12sin\\theta - 5cos\\theta)~~<br><br> ~~\\sqrt{x^2 + y^2}|_{min} = \\sqrt{365 - (28 \\times 13)} = 1~~ <br><br> </p> ',34,1,'',1,NULL,NULL,0,0,0,0,0,0,0,1,0,0,0,0,0),
	(322,' <p style=\"text-align: left;\"> In ~~\\Delta ABC, \\angle C = 2\\angle A~~ and ~~AC= 2BC~~, then which of the following is/are TRUE? <br><br> </p> ','<img src=\"\"> Angles A, B, C are in arithmetic progression|:<img src=\"\">Angles A, C, B are in arithmetic progression |: ~~\\Delta ABC~~ is a right angled isosceles triangle |: sin A + sin B + cos C = 2','1|:3',' <p style=\"text-align: left;\"> We know that - ~~\\angle A + \\angle B + \\angle C = \\pi~~ and ~~\\angle C = 2 \\angle A~~ (given) <br> ~~\\Rightarrow \\angle B = \\pi - 3A~~ <br><br> 0 &lt; C &lt; ~~ \\pi \\Rightarrow 0 &lt; 2A &lt; \\pi \\Rightarrow 0 &lt; A &lt; \\pi /2~~ <br><br> By sine rule, ~~\\frac{a}{sinA} = \\frac{b}{sinB} \\Rightarrow \\frac{a}{sinA} = \\frac{2a}{sin(\\pi - 3A)}~~ <br><br> ~~\\Rightarrow \\frac{a}{1} = \\frac{2a}{3 - 4sin^2A}~~<br><br> ~~\\Rightarrow 3 - 4sin^2A = 2 \\Rightarrow = sin^2A = \\frac{1}{4}~~<br><br> ~~\\Rightarrow A = \\frac{\\pi}{6} or \\frac{5\\pi}{6} ~~ </p> <p style=\"text-align: left;\"> But ~~0 &lt; A &lt; \\frac{\\pi}{2} \\Rightarrow \\angle A = \\frac{\\pi}{6}~~, <br> ~~\\angle B = \\frac{\\pi}{2}~~ and ~~\\angle B = \\frac{\\pi}{2}~~ <br><br> Since angle A, C and B are in A.P. <br><br>~~\\Rightarrow~~ (B) is correct and (A) is incorrect Also, ~~\\Delta~~ ABC is right angled but not isosceles<br><br> ~~\\Rightarrow~~ (C) is incorrect <br><br> sin A + sin B + cos C = 1/2 + 1 + 1/2 = 2<br> ~~\\Rightarrow~~ (D) is correct <br></p> ',34,1,'',1,NULL,NULL,0,0,0,0,0,0,0,1,0,0,0,0,0),
	(323,' <p style=\"text-align: left;\"> Which of the following statements are true? <br><br> <br><br> </p> ','<img src=\"\"> ~~cos(-\\theta) = cos(\\theta)~~ for all angles ~~\\theta~~|:<img src=\"\"> ~~sin(-\\theta) = sin(\\theta)~~ for all angles ~~\\theta~~ |: ~~cos(-\\theta) = cos(\\theta)~~ not for all values of ~~\\theta~~|: ~~sin(-\\theta) = sin(\\theta)~~ not for all angles ~~\\theta~~','2|:3',' <p style=\"text-align: left;\"> ~~cos(\\theta) = cos(-\\theta) \\forall \\theta \\in R~~ <br><br> ~~cos(\\theta) = cos(-\\theta) \\forall \\theta = n\\pi~~ <br> <br></p> ',34,1,'',1,NULL,NULL,0,0,0,0,0,0,0,1,0,0,0,0,0),
	(324,' <p style=\"text-align: left;\"> ~~(1+\\alpha)(1+\\beta)~~ is equal to:	 <br><br></p> ',' 1 |: C|: C+1|:x = 1-C','3',' <p style=\"text-align: left;\"> ~~(x - 1)^2 - P(x) - C~~ = 0 <br> ~~\\Rightarrow x^2 -(P + 2)x +(1 - C) = 0~~ <br> Hence ~~(1 + \\alpha)(1 + \\beta) = 1 - C~~ <br><br> </p> ',34,1,'',1,NULL,NULL,0,0,0,0,0,0,0,1,0,0,0,0,0),
	(325,' <p style=\"text-align: left;\"> A + B equals to - </p> ',' -C |: -P |: C|: P ','2',' <p style=\"text-align: left;\"> Equation whose roots are ~~\\frac{-1}{\\beta}~~, ~~\\frac{-1}{\\alpha}~~<br><br> ~~\\Rightarrow (P+C)x^2 - px - 1 = 0~~ and given equation ~~Ax^2 + Bx - 1 = 0~~ <br><br> ~~\\Rightarrow A = P + C; B = -P~~ <br><br> A + B = C <br><br> </p> ',34,1,'',1,NULL,NULL,0,0,0,0,0,0,0,1,0,0,0,0,0),
	(326,' <p style=\"text-align: left;\"> The value of expression - <br> $$\\frac{\\alpha^2 + 2\\alpha + 1}{\\alpha^2 + 2\\alpha + C} + \\frac{\\beta^2 + 2\\beta + 1}{\\beta^2 + 2\\beta + C}$$ </p> ',' -1 |: 0 |: 1|: None of these','2',' <p style=\"text-align: left;\">	 ~~\\frac{(\\alpha + 1)^2}{(\\alpha+1)^2 + (C-1)} + \\frac{(\\beta + 1)^2}{(\\beta+1)^2 + (C-1)}~~ <br><br> ~~\\frac{(\\alpha + 1)}{(\\alpha+1) + \\frac{(C-1)}{(\\alpha + 1)}} + \\frac{(\\beta + 1)}{(\\beta+1) + \\frac{(C-1)}{(\\beta + 1)}}~~ <br><br> ~~\\because (\\alpha + 1)(\\beta + 1) = 1 - c ~~ <br><br> ~~ \\Rightarrow \\frac{\\alpha + 1}{\\alpha - \\beta} + \\frac{\\beta + 1}{\\beta - \\alpha}~~ <br><br> ~~ = \\frac{\\alpha - \\beta}{\\alpha - \\beta} = 1 ~~<br><br> </p> ',34,1,'',1,NULL,NULL,0,0,0,0,0,0,0,1,0,0,0,0,0),
	(327,' <p style=\"text-align: left;\"> If ~~r_1~~, ~~r_2~~ and ~~r_3~~ are the radii of the 3 escribed circles of a triangle, then - <br><br> ~~\\frac{(a+b+c)^2}{r_1r_2 + r_2r_3 + r_3r_1}~~ is equal to<br><br> Integer Type Answer<br><br></p> ','','4',' <p style=\"text-align: left;\"> ~~r_1 = \\frac{\\Delta}{s-a} , r_2 = \\frac{\\Delta}{s-b}~~ etc <br><br> ~~\\Rightarrow \\sum r_1r_2 = \\Delta^2[\\sum(\\frac{1}{s-a})(\\frac{1}{s-b})]~~ <br> ~~= \\Delta^2 [\\frac{3s - (a+b+c)}{(s-a)(s-b)(s-c)}]~~ <br><br> ~~= \\frac{Delta^2s}{(s-a)(s-b)(s-c)} = s^2 = \\frac{(a+b+c)^2}{4}~~ <br><br> [~~\\because \\Delta^2 = s(s-a)(s-b)(s-c)~~]<br><br> Hence the required ratio is 4 </p> ',34,1,'',1,NULL,NULL,0,0,0,0,0,0,0,1,0,0,0,0,0),
	(328,' <p style=\"text-align: left;\"> If ~~a,b,c &gt; 0~~ and ~~a+b+c = 1~~, then least value of <br> $$\\frac{a(1-a)}{bc} + \\frac{b(1-b)}{ca} + \\frac{c(1-c)}{ab} $$ <br><br> <br><br>Integer Type Answer <br><br></p> ','','6',' <p style=\"text-align: left;\">	 1 - a = b + c, <br> 1 - b = c + a, <br> 1 - c = a + b <br><br> =~~\\frac{a(b+c)}{bc} + \\frac{b(c+a)}{ac} + \\frac{c(a+b)}{ab}~~<br><br> =~~ \\frac{a}{c} + \\frac{a}{b} + \\frac{b}{a} + \\frac{b}{c} + \\frac{c}{b} + \\frac{c}{a}~~<br><br> ~~\\Rightarrow (\\frac{a}{c} + \\frac{c}{a} + \\frac{a}{b} + \\frac{b}{a} + \\frac{b}{c} + \\frac{c}{b}) \\ge 6~~<br><br> <br><br> </p> ',34,1,'',1,NULL,NULL,0,0,0,0,0,0,0,1,0,0,0,0,0),
	(329,' <p style=\"text-align: left; \"> If both roots of the equation ~~e^{2x} - 2ae^x + (a^2 - 1) = 0~~ are real, then least possible integral value of \'a\' is <br><br> Integer Type Answer <br><br> </p> ','','1',' <p style=\"text-align: left;\">	 ~~e^{2x} - 2ae^x + (a^2 - 1) = 0~~ <br><br> ~~(e^{x} - a)^2 = 1~~<br><br> ~~(e^{x} = a \\pm 1~~ <br> For x to be real, 1 + a &gt; 0 and a - 1 &gt; 0 <br><br> ~~ \\Rightarrow a &gt; 1~~<br><br> </p> ',34,1,'',1,NULL,NULL,0,0,0,0,0,0,0,1,0,0,0,0,0),
	(330,' <p style=\"text-align: left; \"> Let ~~a_1, a_2, ...~~ be an AP and ~~b_1, b_2, b_3, ...~~ be a GP. Consider the sequence ~~c_1, c_2, c_3, ...~~ such that ~~c_n = a_n + b_n~~ and ~~c_1 = 2, c_2 = 4, c_3 = 7~~ and ~~c_4 = 12~~, then <br><br> $$\\frac{2(b_1 + b_2 + b_3 + b_4)}{a_1 + a_2 + a_3 + a_4}$$ <br><br> Integer Type Answer <br><br> </p> ','','3',' <p style=\"text-align: left;\">	 Let common difference = \"d\" , common ratio = \"r\" <br><br> ~~C_1 = a_1 + b_1 = 2\\;\\;\\;\\;..(i)~~ <br> ~~C_2 = (a_1+d) + b_1r = 4\\;\\;\\;\\;..(ii)~~ <br> ~~C_3 = (a_1+2d) + b_1r^2 = 7\\;\\;\\;\\;..(iii)~~ <br> ~~C_4 = (a_1+3d) + b_1r^3 = 12\\;\\;\\;\\;..(iv)~~ <br><br> From (i) and (ii) ~~- d + b_1(r-1) = 2~~ <br> From (ii) and (iii) ~~- d + b_1r(r-1) = 3~~ <br> From (iii) and (iv) ~~- d + b_1r^2(r-1) = 5~~ </p> <p style=\"text-align: left;\"> ~~\\Rightarrow b_1(r-1)^2 = 1~~ <br> ~~\\;\\; b_1r(r-1)^2 = 1~~<br><br> ~~ i.e. r = 2, b = 1, a_1 = 1~~ and ~~d = 1~~ On solving <br><br> Series in AP is: (1 + 2 + 3 + 4) <br> Series in GP is: (1 + 2 + 4 + 8) <br><br> The required ratio is: <br> $$\\frac{2(1+2+4+8)}{(1+2+3+4)} = 3$$ <br> </p> ',34,1,'',1,NULL,NULL,0,0,0,0,0,0,0,1,0,0,0,0,0);

/*!40000 ALTER TABLE `questions` ENABLE KEYS */;
UNLOCK TABLES;


# Dump of table quizzes
# ------------------------------------------------------------

LOCK TABLES `quizzes` WRITE;
/*!40000 ALTER TABLE `quizzes` DISABLE KEYS */;
INSERT INTO `quizzes` (`id`, `questionIds`, `description`, `descriptionShort`, `conceptsTested`, `tags`, `l3Ids`, `l2Ids`, `questionCount`, `allotedTime`, `difficulty`, `ratings`, `rec`, `typeId`, `facultyId`, `available`, `mobileFlag`, `addedOn`, `totalAttempts`, `streamId`, `maxScore`)
VALUES
	(1,'1|:2|:3|:4|:5|:6|:7|:8|:9|:10|:11|:12','Advanced Questions on Electricity & Magnetism','Questions on Electricity & Magnetism from the last 4 years IIT-JEE papers','Electricity & Magnetism','IIT JEE','44|:45|:46|:47','7',12,3600,2,NULL,0,2,3,NULL,NULL,NULL,0,1,36),
	(2,'13|:14|:15|:16|:17|:18|:19|:20|:21|:22|:23|:24|:25|:26|:27|:28|:29|:30|:31|:32','Covers Redox Reactions , Stoichiometry, Chemical and Ionic Equilibrium','Advanced questions on Physicl Chemistry','Physical Chemistry','','61|:62|:63','10',20,3600,2,NULL,0,2,1,NULL,NULL,NULL,0,1,100),
	(3,'33|:34|:35|:36|:37|:38|:39|:40|:41|:42|:43|:44|:45|:46|:47|:48|:49|:50|:51|:52|:53|:54|:55|:56|:57','Medium difficulty question to strengthen the key topics of Kinematics and Collisions','Practice Set on Kinematics & Collisions','Mechanics','','34|:35','6',25,3600,2,NULL,0,2,2,NULL,NULL,NULL,0,1,100),
	(4,'58|:59|:60|:61|:62|:63|:64|:65|:66|:67|:68|:69|:70|:71|:72|:73|:74|:75|:76|:77','Advanced Practice Set on Kinematics & Collisions','JEE advanced level question to strengthen the key topics of Kinematics and Collisions','Mechanics','','34|:35','6',20,3600,2,NULL,0,2,2,NULL,NULL,NULL,0,1,100),
	(5,'78|:79|:80|:81|:82|:83|:84|:85|:86|:87|:88|:89|:90|:91|:92|:93|:94|:95|:96|:97','The set includes easy to medium questions on the topics of Relatve Velocity','Basic Question on Kinematics','Mechanics','','34|:35','6',20,3600,2,NULL,0,2,6,NULL,NULL,NULL,0,1,100),
	(6,'98|:99|:100|:101|:102|:103|:104|:105|:106|:107|:108|:109|:110|:111|:112|:113|:114|:115|:116|:117','The set includes easy to medium questions on AC circuits. This test is for students comfortable with DC circuits but looking to practice the topic of AC','Basic Question on Alternating Currents / Circuits','Electricity & Magnetism','','45|:46','7',20,3600,2,NULL,0,2,6,NULL,NULL,NULL,0,1,100),
	(7,'118|:119|:120|:121|:122|:123|:124|:125|:126|:127|:128|:129|:130|:131|:132|:133|:134|:135|:136|:137',NULL,NULL,NULL,NULL,NULL,'7',20,3600,2,NULL,0,2,3,NULL,NULL,NULL,0,1,100),
	(8,'138|:139|:140|:141|:142|:143|:144|:145|:146|:147|:148|:149|:150|:151|:152|:153|:154|:155|:156|:157|:158|:159',NULL,NULL,NULL,NULL,NULL,'7',22,3600,2,NULL,0,2,3,NULL,NULL,NULL,0,1,100),
	(9,'160|:161|:162|:163|:164|:165|:166|:167|:168|:169|:170|:171|:172|:173|:174|:175|:176|:177|:178|:179',NULL,NULL,NULL,NULL,NULL,'7',20,3600,2,NULL,0,2,3,NULL,NULL,NULL,0,1,100),
	(10,'180|:181|:182|:183|:184|:185|:186|:187|:188|:189|:190|:191|:192|:193|:194|:195|:196|:197|:198|:199|:200',NULL,NULL,NULL,NULL,NULL,'7',21,3600,2,NULL,0,2,3,NULL,NULL,NULL,0,1,100),
	(11,'201|:202|:203|:204|:205|:206|:207|:208|:209|:210|:211|:212|:213|:214|:215|:216|:217|:218|:219|:220',NULL,NULL,NULL,NULL,NULL,'7',20,3600,2,NULL,0,2,3,NULL,NULL,NULL,0,1,100),
	(12,'232|:233|:234|:235|:236|:237|:238|:239|:240|:241|:242|:243|:244|:245|:246|:247|:248|:249|:250|:251',NULL,NULL,NULL,NULL,NULL,'7',20,3600,2,NULL,0,2,3,NULL,NULL,NULL,0,1,100),
	(13,'252|:253|:254|:255|:256|:257|:258|:259|:260|:261|:262|:263|:264|:265|:266|:267|:268|:269|:270|:271',NULL,NULL,NULL,NULL,NULL,'7',20,3600,2,NULL,0,2,3,NULL,NULL,NULL,0,1,100),
	(14,'272|:273|:274|:275|:276|:277|:278|:279|:280|:281|:282|:283|:284|:285|:286|:287|:288|:289|:290',NULL,NULL,NULL,NULL,NULL,'7',19,3600,2,NULL,0,2,3,NULL,NULL,NULL,0,1,100),
	(15,'291|:292|:293|:294|:295|:296|:297|:298|:299|:300|:301|:302|:303|:304|:305|:306|:307|:308|:309|:310',NULL,NULL,NULL,NULL,NULL,'7',20,3600,2,NULL,0,2,3,NULL,NULL,NULL,0,1,100),
	(16,'311|:312|:313|:314|:315|:316|:317|:318|:319|:320|:321|:322|:323|:324|:325|:326|:327|:328|:329|:330',NULL,NULL,NULL,NULL,NULL,'7',20,3600,2,NULL,0,2,3,NULL,NULL,NULL,0,1,100);

/*!40000 ALTER TABLE `quizzes` ENABLE KEYS */;
UNLOCK TABLES;


# Dump of table quizzes_queue
# ------------------------------------------------------------



# Dump of table quizzes_type
# ------------------------------------------------------------

LOCK TABLES `quizzes_type` WRITE;
/*!40000 ALTER TABLE `quizzes_type` DISABLE KEYS */;
INSERT INTO `quizzes_type` (`id`,`type`)
VALUES
	(1,'full'),
	(2,'sectional');

/*!40000 ALTER TABLE `quizzes_type` ENABLE KEYS */;
UNLOCK TABLES;


# Dump of table resources
# ------------------------------------------------------------



# Dump of table responses
# ------------------------------------------------------------

LOCK TABLES `responses` WRITE;
/*!40000 ALTER TABLE `responses` DISABLE KEYS */;
INSERT INTO `responses` (`accountId`,`questionId`,`optionSelected`,`timeTaken`,`abilityScoreBefore`,`delta`,`timeStamp`,`status`)
VALUES
	(4,58,'',98844,54,0,'2013-02-06 17:06:53','3'),
	(4,59,'',39148,54,0,'2013-02-06 17:07:39','3'),
	(4,60,'',51858,54,0,'2013-02-06 17:08:41','3'),
	(4,1,'1',3808,41,-1,'2013-02-06 17:10:37','2'),
	(4,2,'',12945,43,0,'2013-02-06 17:12:52','3'),
	(4,3,'',1213,71,0,'2013-02-06 17:12:56','4'),
	(4,4,'',14881,50,0,'2013-02-06 17:13:59','3'),
	(42,13,'1',2507,70,-2,'2013-02-08 00:44:24','2'),
	(44,13,'1',2808,43,-1,'2013-02-08 01:17:58','2'),
	(44,14,'2',1934,42,-1,'2013-02-08 01:17:58','2'),
	(44,15,'',0,41,0,'2013-02-08 01:17:58','4'),
	(44,16,'',0,42,0,'2013-02-08 01:17:58','4'),
	(44,17,'',0,42,0,'2013-02-08 01:17:58','4'),
	(44,18,'',0,50,0,'2013-02-08 01:17:58','4'),
	(44,19,'',0,50,0,'2013-02-08 01:17:58','4'),
	(44,20,'',0,41,0,'2013-02-08 01:17:58','4'),
	(44,21,'',0,42,0,'2013-02-08 01:17:58','4'),
	(44,22,'',0,41,0,'2013-02-08 01:17:58','4'),
	(44,23,'',0,50,0,'2013-02-08 01:17:58','4'),
	(44,24,'',0,42,0,'2013-02-08 01:17:58','4'),
	(44,25,'',0,41,0,'2013-02-08 01:17:58','4'),
	(44,26,'',0,50,0,'2013-02-08 01:17:58','4'),
	(44,27,'',0,50,0,'2013-02-08 01:17:58','4'),
	(44,28,'',0,42,0,'2013-02-08 01:17:58','4'),
	(44,29,'',0,42,0,'2013-02-08 01:17:58','4'),
	(44,30,'',0,41,0,'2013-02-08 01:17:58','4'),
	(44,31,'',0,41,0,'2013-02-08 01:17:58','4'),
	(44,32,'',0,41,0,'2013-02-08 01:17:58','4'),
	(45,13,'2',2110,34,-1,'2013-02-08 01:19:21','2'),
	(45,14,'',1109,27,0,'2013-02-08 01:19:21','4'),
	(45,15,'',0,27,0,'2013-02-08 01:19:21','4'),
	(45,16,'',0,33,0,'2013-02-08 01:19:21','4'),
	(45,17,'',0,33,0,'2013-02-08 01:19:21','4'),
	(45,18,'',0,80,0,'2013-02-08 01:19:21','4'),
	(45,19,'',0,80,0,'2013-02-08 01:19:21','4'),
	(45,20,'',0,27,0,'2013-02-08 01:19:21','4'),
	(45,21,'',0,33,0,'2013-02-08 01:19:21','4'),
	(45,22,'',0,27,0,'2013-02-08 01:19:21','4'),
	(45,23,'',0,80,0,'2013-02-08 01:19:21','4'),
	(45,24,'',0,33,0,'2013-02-08 01:19:21','4'),
	(45,25,'',0,27,0,'2013-02-08 01:19:21','4'),
	(45,26,'',0,80,0,'2013-02-08 01:19:21','4'),
	(45,27,'',0,80,0,'2013-02-08 01:19:21','4'),
	(45,28,'',0,33,0,'2013-02-08 01:19:21','4'),
	(45,29,'',0,33,0,'2013-02-08 01:19:21','4'),
	(45,30,'',0,27,0,'2013-02-08 01:19:21','4'),
	(45,31,'',0,27,0,'2013-02-08 01:19:21','4'),
	(45,32,'',0,27,0,'2013-02-08 01:19:21','4'),
	(46,1,'1',2064,75,-1,'2013-02-08 01:20:41','2'),
	(46,2,'2',2237,69,-1,'2013-02-08 01:20:41','2'),
	(46,3,'0',2242,77,-1,'2013-02-08 01:20:41','2'),
	(46,4,'',8358,86,0,'2013-02-08 01:20:41','3'),
	(46,5,'',906,74,0,'2013-02-08 01:20:41','4'),
	(46,6,'',0,68,0,'2013-02-08 01:20:41','4'),
	(46,7,'',0,76,0,'2013-02-08 01:20:42','4'),
	(46,8,'',0,86,0,'2013-02-08 01:20:42','4'),
	(46,9,'',0,74,0,'2013-02-08 01:20:42','4'),
	(46,10,'',0,68,0,'2013-02-08 01:20:42','4'),
	(46,11,'',0,76,0,'2013-02-08 01:20:42','4'),
	(46,12,'',0,86,0,'2013-02-08 01:20:42','4'),
	(4,78,'1',2088,45,4,'2013-02-08 12:16:03','1'),
	(4,79,'',1583,54,0,'2013-02-08 12:16:03','4'),
	(4,80,'',0,54,0,'2013-02-08 12:16:03','4'),
	(4,81,'',0,49,0,'2013-02-08 12:16:03','4'),
	(4,82,'',0,49,0,'2013-02-08 12:16:03','4'),
	(4,83,'',0,49,0,'2013-02-08 12:16:03','4'),
	(4,84,'',0,54,0,'2013-02-08 12:16:03','4'),
	(4,85,'',0,54,0,'2013-02-08 12:16:03','4'),
	(4,86,'',0,54,0,'2013-02-08 12:16:04','4'),
	(4,87,'',0,49,0,'2013-02-08 12:16:04','4'),
	(4,88,'',0,49,0,'2013-02-08 12:16:04','4'),
	(4,89,'',0,54,0,'2013-02-08 12:16:04','4'),
	(4,90,'',0,54,0,'2013-02-08 12:16:04','4'),
	(4,91,'',0,49,0,'2013-02-08 12:16:04','4'),
	(4,92,'',0,49,0,'2013-02-08 12:16:04','4'),
	(4,93,'',0,54,0,'2013-02-08 12:16:04','4'),
	(4,94,'',0,54,0,'2013-02-08 12:16:04','4'),
	(4,95,'',0,54,0,'2013-02-08 12:16:04','4'),
	(4,96,'',0,54,0,'2013-02-08 12:16:04','4'),
	(4,97,'',0,49,0,'2013-02-08 12:16:04','4'),
	(47,1,'1',5156,87,-1,'2013-02-11 03:50:43','2'),
	(47,2,'1',2300,68,-1,'2013-02-11 03:50:43','2'),
	(47,3,'1',2510,74,4,'2013-02-11 03:50:43','1'),
	(47,4,'2',2096,43,-1,'2013-02-11 03:50:43','2'),
	(47,5,'',2087,86,0,'2013-02-11 03:50:43','3'),
	(47,6,'',0,67,0,'2013-02-11 03:50:43','4'),
	(47,7,'',0,78,0,'2013-02-11 03:50:43','4'),
	(47,8,'',0,42,0,'2013-02-11 03:50:43','4'),
	(47,9,'',0,86,0,'2013-02-11 03:50:43','4'),
	(47,10,'',0,67,0,'2013-02-11 03:50:43','4'),
	(47,11,'',0,78,0,'2013-02-11 03:50:43','4'),
	(47,12,'',0,42,0,'2013-02-11 03:50:43','4'),
	(49,1,'1',2527,68,-1,'2013-02-11 04:20:19','2'),
	(49,2,'',892,70,0,'2013-02-11 04:20:19','4'),
	(49,3,'',0,26,0,'2013-02-11 04:20:19','4'),
	(49,4,'',0,75,0,'2013-02-11 04:20:19','4'),
	(49,5,'',0,67,0,'2013-02-11 04:20:19','4'),
	(49,6,'',0,70,0,'2013-02-11 04:20:19','4'),
	(49,7,'',0,26,0,'2013-02-11 04:20:19','4'),
	(49,8,'',0,75,0,'2013-02-11 04:20:19','4'),
	(49,9,'',0,67,0,'2013-02-11 04:20:19','4'),
	(49,10,'',0,70,0,'2013-02-11 04:20:19','4'),
	(49,11,'',0,26,0,'2013-02-11 04:20:19','4'),
	(49,12,'',0,75,0,'2013-02-11 04:20:19','4');

/*!40000 ALTER TABLE `responses` ENABLE KEYS */;
UNLOCK TABLES;


# Dump of table results
# ------------------------------------------------------------

LOCK TABLES `results` WRITE;
/*!40000 ALTER TABLE `results` DISABLE KEYS */;
INSERT INTO `results` (`quizId`,`accountId`,`selectedAnswers`,`score`,`timePerQuestion`,`timeTaken`,`data`,`timestamp`,`attemptedAs`,`startTime`,`endTime`,`state`,`numCorrect`,`numIncorrect`)
VALUES
	(1,4,'[\"1\",\"\",\"\",\"\"]',-1,'[3808,12945,1213,14881]',NULL,'[{\"t\":\"1360151024568\",\"e\":\"3\",\"q\":\"4\"},{\"t\":\"1360151039449\",\"e\":\"4\",\"q\":\"4\"}]','2013-02-06 17:13:59',2,'2013-02-06 14:25:30',NULL,3,0,1),
	(2,4,NULL,0,NULL,NULL,NULL,NULL,1,'2013-02-06 16:54:08',NULL,NULL,0,0),
	(3,4,NULL,0,NULL,NULL,NULL,NULL,1,'2013-02-06 16:56:27',NULL,NULL,0,0),
	(4,4,'[\"\",\"\",\"\"]',0,'[98844,39148,51858]',NULL,'[{\"t\":\"1360150669319\",\"e\":\"3\",\"q\":\"60\"},{\"t\":\"1360150721177\",\"e\":\"4\",\"q\":\"60\"}]','2013-02-06 17:08:41',2,'2013-02-06 17:04:59',NULL,2,0,0),
	(2,42,'[\"1\"]',-1,'[2507]',NULL,'[{\"t\":\"1360264462194\",\"e\":\"3\",\"q\":\"13\"},{\"t\":\"1360264463872\",\"e\":\"0\",\"q\":\"13\",\"o\":\"1\"},{\"t\":\"1360264464701\",\"e\":\"4\",\"q\":\"13\"}]','2013-02-08 00:44:24',2,'2013-02-08 00:44:07',NULL,0,0,1),
	(2,44,'[\"1\",\"2\",\"\",\"\",\"\",\"\",\"\",\"\",\"\",\"\",\"\",\"\",\"\",\"\",\"\",\"\",\"\",\"\",\"\",\"\"]',-2,'[2808,1934,0,0,0,0,0,0,0,0,0,0,0,0,0,0,0,0,0,0]',NULL,'[{\"t\":\"1360266473315\",\"e\":\"10\"},{\"t\":\"1360266473440\",\"e\":\"3\",\"q\":\"13\"},{\"t\":\"1360266474968\",\"e\":\"0\",\"q\":\"13\",\"o\":\"1\"},{\"t\":\"1360266476248\",\"e\":\"4\",\"q\":\"13\"},{\"t\":\"1360266476257\",\"e\":\"3\",\"q\":\"14\"},{\"t\":\"1360266477286\",\"e\":\"0\",\"q\":\"14\",\"o\":\"2\"},{\"t\":\"1360266478191\",\"e\":\"4\",\"q\":\"14\"},{\"t\":\"1360266478192\",\"e\":\"8\"}]','2013-02-08 01:17:58',1,'2013-02-08 01:17:50',NULL,20,0,2),
	(2,45,'[\"2\",\"\",\"\",\"\",\"\",\"\",\"\",\"\",\"\",\"\",\"\",\"\",\"\",\"\",\"\",\"\",\"\",\"\",\"\",\"\"]',-1,'[2110,1109,0,0,0,0,0,0,0,0,0,0,0,0,0,0,0,0,0,0]',NULL,'[{\"t\":\"1360266558060\",\"e\":\"10\"},{\"t\":\"1360266558114\",\"e\":\"3\",\"q\":\"13\"},{\"t\":\"1360266559046\",\"e\":\"0\",\"q\":\"13\",\"o\":\"2\"},{\"t\":\"1360266560224\",\"e\":\"4\",\"q\":\"13\"},{\"t\":\"1360266560234\",\"e\":\"3\",\"q\":\"14\"},{\"t\":\"1360266561343\",\"e\":\"4\",\"q\":\"14\"},{\"t\":\"1360266561344\",\"e\":\"8\"}]','2013-02-08 01:19:21',1,'2013-02-08 01:19:15',NULL,20,0,1),
	(1,46,'[\"1\",\"2\",\"0\",\"\",\"\",\"\",\"\",\"\",\"\",\"\",\"\",\"\"]',-3,'[2064,2237,2242,8358,906,0,0,0,0,0,0,0]',NULL,'[{\"t\":\"1360266625659\",\"e\":\"10\"},{\"t\":\"1360266625725\",\"e\":\"3\",\"q\":\"1\"},{\"t\":\"1360266626797\",\"e\":\"0\",\"q\":\"1\",\"o\":\"1\"},{\"t\":\"1360266627789\",\"e\":\"4\",\"q\":\"1\"},{\"t\":\"1360266627798\",\"e\":\"3\",\"q\":\"2\"},{\"t\":\"1360266628680\",\"e\":\"0\",\"q\":\"2\",\"o\":\"2\"},{\"t\":\"1360266630035\",\"e\":\"4\",\"q\":\"2\"},{\"t\":\"1360266630045\",\"e\":\"3\",\"q\":\"3\"},{\"t\":\"1360266631063\",\"e\":\"0\",\"q\":\"3\",\"o\":\"0\"},{\"t\":\"1360266632287\",\"e\":\"4\",\"q\":\"3\"},{\"t\":\"1360266632297\",\"e\":\"3\",\"q\":\"4\"},{\"t\":\"1360266640655\",\"e\":\"4\",\"q\":\"4\"},{\"t\":\"1360266640668\",\"e\":\"3\",\"q\":\"5\"},{\"t\":\"1360266641574\",\"e\":\"4\",\"q\":\"5\"},{\"t\":\"1360266641575\",\"e\":\"8\"}]','2013-02-08 01:20:42',1,'2013-02-08 01:20:23',NULL,12,0,3),
	(5,4,'[\"1\",\"\",\"\",\"\",\"\",\"\",\"\",\"\",\"\",\"\",\"\",\"\",\"\",\"\",\"\",\"\",\"\",\"\",\"\",\"\"]',4,'[2088,1583,0,0,0,0,0,0,0,0,0,0,0,0,0,0,0,0,0,0]',NULL,'[{\"t\":\"1360305959612\",\"e\":\"10\"},{\"t\":\"1360305959692\",\"e\":\"3\",\"q\":\"78\"},{\"t\":\"1360305960948\",\"e\":\"0\",\"q\":\"78\",\"o\":\"1\"},{\"t\":\"1360305961780\",\"e\":\"4\",\"q\":\"78\"},{\"t\":\"1360305961788\",\"e\":\"3\",\"q\":\"79\"},{\"t\":\"1360305963371\",\"e\":\"4\",\"q\":\"79\"},{\"t\":\"1360305963371\",\"e\":\"8\"}]','2013-02-08 12:16:04',1,'2013-02-08 12:15:54',NULL,20,1,0),
	(1,47,'[\"1\",\"1\",\"1\",\"2\",\"\",\"\",\"\",\"\",\"\",\"\",\"\",\"\"]',1,'[5156,2300,2510,2096,2087,0,0,0,0,0,0,0]',NULL,'[{\"t\":\"1360534828925\",\"e\":\"10\"},{\"t\":\"1360534829024\",\"e\":\"3\",\"q\":\"1\"},{\"t\":\"1360534833149\",\"e\":\"0\",\"q\":\"1\",\"o\":\"1\"},{\"t\":\"1360534834180\",\"e\":\"4\",\"q\":\"1\"},{\"t\":\"1360534834189\",\"e\":\"3\",\"q\":\"2\"},{\"t\":\"1360534835359\",\"e\":\"0\",\"q\":\"2\",\"o\":\"1\"},{\"t\":\"1360534836489\",\"e\":\"4\",\"q\":\"2\"},{\"t\":\"1360534836498\",\"e\":\"3\",\"q\":\"3\"},{\"t\":\"1360534837631\",\"e\":\"0\",\"q\":\"3\",\"o\":\"1\"},{\"t\":\"1360534839008\",\"e\":\"4\",\"q\":\"3\"},{\"t\":\"1360534839017\",\"e\":\"3\",\"q\":\"4\"},{\"t\":\"1360534840065\",\"e\":\"0\",\"q\":\"4\",\"o\":\"2\"},{\"t\":\"1360534841113\",\"e\":\"4\",\"q\":\"4\"},{\"t\":\"1360534841122\",\"e\":\"3\",\"q\":\"5\"},{\"t\":\"1360534843209\",\"e\":\"4\",\"q\":\"5\"},{\"t\":\"1360534843209\",\"e\":\"8\"}]','2013-02-11 03:50:43',1,'2013-02-11 03:50:26',NULL,12,1,3),
	(1,49,'[\"1\",\"\",\"\",\"\",\"\",\"\",\"\",\"\",\"\",\"\",\"\",\"\"]',-1,'[2527,892,0,0,0,0,0,0,0,0,0,0]',NULL,'[{\"t\":\"1360536615422\",\"e\":\"10\"},{\"t\":\"1360536615616\",\"e\":\"3\",\"q\":\"1\"},{\"t\":\"1360536617329\",\"e\":\"0\",\"q\":\"1\",\"o\":\"1\"},{\"t\":\"1360536618143\",\"e\":\"4\",\"q\":\"1\"},{\"t\":\"1360536618156\",\"e\":\"3\",\"q\":\"2\"},{\"t\":\"1360536619048\",\"e\":\"4\",\"q\":\"2\"},{\"t\":\"1360536619048\",\"e\":\"8\"}]','2013-02-11 04:20:19',1,'2013-02-11 04:20:13',NULL,12,0,1),
	(2,49,NULL,0,NULL,NULL,NULL,NULL,1,'2013-02-11 04:20:33',NULL,NULL,0,0),
	(3,49,NULL,0,NULL,NULL,NULL,NULL,1,'2013-02-11 04:22:32',NULL,NULL,0,0),
	(4,49,NULL,0,NULL,NULL,NULL,NULL,1,'2013-02-11 04:37:39',NULL,NULL,0,0),
	(5,49,NULL,0,NULL,NULL,NULL,NULL,1,'2013-02-11 04:38:25',NULL,NULL,0,0),
	(2,50,NULL,0,NULL,NULL,NULL,NULL,1,'2013-02-11 05:03:37',NULL,NULL,0,0);

/*!40000 ALTER TABLE `results` ENABLE KEYS */;
UNLOCK TABLES;


# Dump of table roles
# ------------------------------------------------------------

LOCK TABLES `roles` WRITE;
/*!40000 ALTER TABLE `roles` DISABLE KEYS */;
INSERT INTO `roles` (`id`,`name`)
VALUES
	(1,'Admin'),
	(2,'student'),
	(3,'faculty');

/*!40000 ALTER TABLE `roles` ENABLE KEYS */;
UNLOCK TABLES;


# Dump of table section_l1
# ------------------------------------------------------------

LOCK TABLES `section_l1` WRITE;
/*!40000 ALTER TABLE `section_l1` DISABLE KEYS */;
INSERT INTO `section_l1` (`id`,`displayName`,`longName`,`streamId`)
VALUES
	(1,'Maths','NULL','1'),
	(2,'Physics','NULL','1'),
	(3,'Chemistry','NULL','1'),
	(4,'Physics','NULL','2'),
	(5,'Chemistry','NULL','2'),
	(6,'Biology','NULL','2');

/*!40000 ALTER TABLE `section_l1` ENABLE KEYS */;
UNLOCK TABLES;


# Dump of table section_l2
# ------------------------------------------------------------

LOCK TABLES `section_l2` WRITE;
/*!40000 ALTER TABLE `section_l2` DISABLE KEYS */;
INSERT INTO `section_l2` (`id`,`displayName`,`longName`,`l1Id`,`streamId`,`weightage`)
VALUES
	(1,'Algebra','NULL',1,1,0.25),
	(2,'Trigonometry','NULL',1,1,0.25),
	(3,'Coordinate Geometry','NULL',1,1,0.25),
	(4,'Calculus','NULL',1,1,0.25),
	(5,'General','NULL',2,1,0.2),
	(6,'Mechanics','NULL',2,1,0.2),
	(7,'Electricity and Magnetism','NULL',2,1,0.2),
	(8,'Optics','NULL',2,1,0.2),
	(9,'Modern Physics','NULL',2,1,0.2),
	(10,'Physical Chemistry','NULL',3,1,0.333333),
	(11,'Inorganic Chemistry','NULL',3,1,0.333333),
	(12,'Organic Chemistry','NULL',3,1,0.333333),
	(13,'General','NULL',4,2,0.2),
	(14,'Mechanics','NULL',4,2,0.2),
	(15,'Electricity and Magnetism','NULL',4,2,0.2),
	(16,'Optics','NULL',4,2,0.2),
	(17,'Modern Physics','NULL',4,2,0.2),
	(18,'Physical Chemistry','NULL',5,2,0.25),
	(19,'Inorganic Chemistry','NULL',5,2,0.25),
	(20,'Organic Chemistry','NULL',5,2,0.25),
	(21,'Biochemistry','NULL',5,2,0.25),
	(22,'Diversity in Living World','NULL',6,2,0.1),
	(23,'Structures in Plants and Anima','NULL',6,2,0.1),
	(24,'Cell Structure and Function','NULL',6,2,0.1),
	(25,'Plant Physiology','NULL',6,2,0.1),
	(26,'Human Physiology','NULL',6,2,0.1),
	(27,'Reproduction','NULL',6,2,0.1),
	(28,'Genetics and Evolution','NULL',6,2,0.1),
	(29,'Biology and Human Welfare','NULL',6,2,0.1),
	(30,'Biotechnology and its applicat','NULL',6,2,0.1),
	(31,'Ecology and Environment','NULL',6,2,0.1);

/*!40000 ALTER TABLE `section_l2` ENABLE KEYS */;
UNLOCK TABLES;


# Dump of table section_l3
# ------------------------------------------------------------

LOCK TABLES `section_l3` WRITE;
/*!40000 ALTER TABLE `section_l3` DISABLE KEYS */;
INSERT INTO `section_l3` (`id`,`displayName`,`longName`,`l2Id`,`streamId`,`weightage`)
VALUES
	(1,'Sets, Relations & Functions','',1,1,0.1),
	(2,'Equations','',1,1,0.1),
	(3,'Complex Numbers','',1,1,0.1),
	(4,'Progressions','',1,1,0.1),
	(5,'Logarithms','',1,1,0.1),
	(6,'Permutations and Combinations','',1,1,0.1),
	(7,'Binomial Theorem','',1,1,0.1),
	(8,'Matrices','',1,1,0.1),
	(9,'Probability','',1,1,0.1),
	(10,'Mathematical Induction','',1,1,0.1),
	(11,'Trigonometric Equations','',2,1,0.2),
	(12,'Sine Rule','',2,1,0.2),
	(13,'Cosine Rule','',2,1,0.2),
	(14,'Half angle formula','',2,1,0.2),
	(15,'Inverse Trigonometric functions','',2,1,0.2),
	(16,'Cartesian Coordinates','',3,1,0.142857),
	(17,'Lines','',3,1,0.142857),
	(18,'Triangles','',3,1,0.142857),
	(19,'Circle','',3,1,0.142857),
	(20,'Conic Sections','',3,1,0.142857),
	(21,'Locus','',3,1,0.142857),
	(22,'3-D Geometry','',3,1,0.142857),
	(23,'Limit and Continuity','',4,1,0.166667),
	(24,'Derivatives','',4,1,0.166667),
	(25,'Rolle\'s and Lagrange\'s Theorem','',4,1,0.166667),
	(26,'Indefinite and definite integrals','',4,1,0.166667),
	(27,'Applications of integrations','',4,1,0.166667),
	(28,'Ordinary Differential Equations','',4,1,0.166667),
	(29,'Units and Dimensions','',5,1,0.2),
	(30,'Physical Experiments','',5,1,0.2),
	(31,'Optics Experiments','',5,1,0.2),
	(32,'Electricity experiments','',5,1,0.2),
	(33,'Heat Experiments','',5,1,0.2),
	(34,'Kinematics','',6,1,0.1),
	(35,'Newtons Laws','',6,1,0.1),
	(36,'Collisions','',6,1,0.1),
	(37,'Gravitation','',6,1,0.1),
	(38,'Momentum','',6,1,0.1),
	(39,'Bulk Matter','',6,1,0.1),
	(40,'Fluid dynamics','',6,1,0.1),
	(41,'Wave motion','',6,1,0.1),
	(42,'Thermal Physics','',6,1,0.1),
	(43,'Perfect Gas and Kinetic Theory','',6,1,0.1),
	(44,'Electrostatics','',7,1,0.166667),
	(45,'Capacitance','',7,1,0.166667),
	(46,'Electric Current','',7,1,0.166667),
	(47,'Magnetic effects of current and magnetism','',7,1,0.166667),
	(48,'Electromagnetic Induction','',7,1,0.166667),
	(49,'Electromagnetic Waves','',7,1,0.166667),
	(50,'Reflection and Refraction','',8,1,0.25),
	(51,'Lenses','',8,1,0.25),
	(52,'Prisms','',8,1,0.25),
	(53,'Intereference','',8,1,0.25),
	(54,'Atoms and Nuclei','',9,1,0.25),
	(55,'Radioactive Decay','',9,1,0.25),
	(56,'Dual Nature of Matter and Radiation (incl PE effec','',9,1,0.25),
	(57,'Waves','',9,1,0.25),
	(58,'Mole Concept','',10,1,0.0769231),
	(59,'Electro Chemistry','',10,1,0.0769231),
	(60,'States of Matter','',10,1,0.0769231),
	(61,'Thermodynamics','',10,1,0.0769231),
	(62,'Chemical Equilibrium','',10,1,0.0769231),
	(63,'Ionic Equilibrium','',10,1,0.0769231),
	(64,'Chemical Kinetics','',10,1,0.0769231),
	(65,'Solutions','',10,1,0.0769231),
	(66,'Surface Chemistry','',10,1,0.0769231),
	(67,'Nuclear Chemistry','',10,1,0.0769231),
	(68,'Stoichiometry','',10,1,0.0769231),
	(69,'Redox Reactions','',10,1,0.0769231),
	(70,'Solid State ','',10,1,0.0769231),
	(71,'Ores and Minerals','',11,1,0.166667),
	(72,'Extractive Metallurgy','',11,1,0.166667),
	(73,'Qualitative Analysis','',11,1,0.166667),
	(74,'S-Block Elements','',11,1,0.166667),
	(75,'P-Block Elements','',11,1,0.166667),
	(76,'D and F Block Elements','',11,1,0.166667),
	(77,'General Concepts','',12,1,0.125),
	(78,'Alkanes, Alkenes and Alkynes','',12,1,0.125),
	(79,'Isomerism','',12,1,0.125),
	(80,'Alcohols, Phenols and Ethers','',12,1,0.125),
	(81,'Aldehydes, Ketones and Acids','',12,1,0.125),
	(82,'Biomolecules','',12,1,0.125),
	(83,'Practical Organic Chemistry','',12,1,0.125),
	(84,'Aromatic Compounds','',12,1,0.125),
	(85,'Units and Dimensions','NULL',13,2,0.2),
	(86,'Physical Experiments','NULL',13,2,0.2),
	(87,'Optics Experiments','NULL',13,2,0.2),
	(88,'Electricity experiments','NULL',13,2,0.2),
	(89,'Heat Experiments','NULL',13,2,0.2),
	(90,'Kinematics','NULL',14,2,0.1),
	(91,'Newtons Laws','NULL',14,2,0.1),
	(92,'Collisions','NULL',14,2,0.1),
	(93,'Gravitation','NULL',14,2,0.1),
	(94,'Momentum','NULL',14,2,0.1),
	(95,'Bulk Matter','NULL',14,2,0.1),
	(96,'Fluid dynamics','NULL',14,2,0.1),
	(97,'Wave motion','NULL',14,2,0.1),
	(98,'Thermal Physics','NULL',14,2,0.1),
	(99,'Perfect Gas and Kinetic Theory','NULL',14,2,0.1),
	(100,'Electrostatics','NULL',15,2,0.166667),
	(101,'Capacitance','NULL',15,2,0.166667),
	(102,'Electric Current','NULL',15,2,0.166667),
	(103,'Magnetic effects of current and magnetism','NULL',15,2,0.166667),
	(104,'Electromagnetic induction','NULL',15,2,0.166667),
	(105,'Electromagnetic waves','NULL',15,2,0.166667),
	(106,'Reflection and refraction','NULL',16,2,0.25),
	(107,'Lenses','NULL',16,2,0.25),
	(108,'Prisms','NULL',16,2,0.25),
	(109,'Intereference','NULL',16,2,0.25),
	(110,'Atoms and Nuclei','NULL',17,2,0.25),
	(111,'Radioactive Decay','NULL',17,2,0.25),
	(112,'Dual Nature of Matter and Radiation (incl PE effec','NULL',17,2,0.25),
	(113,'Electronic Devices','NULL',17,2,0.25),
	(114,'Electro Chemistry','',18,2,0.125),
	(115,'States of matter','',18,2,0.125),
	(116,'Thermodynamics','',18,2,0.125),
	(117,'Chemical Equilibrium','',18,2,0.125),
	(118,'Chemical Kinetics','',18,2,0.125),
	(119,'Solutions','',18,2,0.125),
	(120,'Surface Chemistry','',18,2,0.125),
	(121,'Nuclear Chemistry','',18,2,0.125),
	(122,'Ores and Minerals','',19,2,0.0909091),
	(123,'Oxygen compunds','',19,2,0.0909091),
	(124,'Carbon compounds','',19,2,0.0909091),
	(125,'Chlorine Compounds','',19,2,0.0909091),
	(126,'Sulphur Compounds','',19,2,0.0909091),
	(127,'Transition Elements','',19,2,0.0909091),
	(128,'Extractive Metallurgy','',19,2,0.0909091),
	(129,'Qualitative Analysis','',19,2,0.0909091),
	(130,'S-block Elements','',19,2,0.0909091),
	(131,'P-Block Elements','',19,2,0.0909091),
	(132,'d and f block elements','',19,2,0.0909091),
	(133,'General Concepts','',20,2,0.142857),
	(134,'Alkanes','',20,2,0.142857),
	(135,'Alkenes and Alkynes','',20,2,0.142857),
	(136,'Alcohols, Phenols and Ethers','',20,2,0.142857),
	(137,'Aldehydes, Ketones and Acids','',20,2,0.142857),
	(138,'Amino acids and peptides','',20,2,0.142857),
	(139,'Practical Organic Chemistry','',20,2,0.142857),
	(140,'Environmental chemistry','',21,2,0.333333),
	(141,'Biomolecules','',21,2,0.333333),
	(142,'Polymers','',21,2,0.333333),
	(143,'Classification ','',22,2,0.333333),
	(144,'Features and classification of plants','',22,2,0.333333),
	(145,'Features and classification of animals','',22,2,0.333333),
	(146,'Morphology and Anatomy (plants)','',23,2,0.5),
	(147,'Morphology and Anatomy (animals)','',23,2,0.5),
	(148,'Cell theory','',24,2,0.333333),
	(149,'Chemical Constituents of living cells','',24,2,0.333333),
	(150,'Cell division','',24,2,0.333333),
	(151,'Transport in plants','',25,2,0.2),
	(152,'Mineral Nutrition','',25,2,0.2),
	(153,'Photosynthesis','',25,2,0.2),
	(154,'Respiration','',25,2,0.2),
	(155,'Plant growth and development','',25,2,0.2),
	(156,'Digestion and absorption','',26,2,0.166667),
	(157,'Breathing and respiration','',26,2,0.166667),
	(158,'Body fluids and circulation','',26,2,0.166667),
	(159,'Excretory products','',26,2,0.166667),
	(160,'Locomotion and movement','',26,2,0.166667),
	(161,'Neural control and coordination','',26,2,0.166667),
	(162,'Reproduction in organisms','',27,2,0.25),
	(163,'Sexual reproduction in plants','',27,2,0.25),
	(164,'Human reproduction','',27,2,0.25),
	(165,'Reproductive Health','',27,2,0.25),
	(166,'Heredity and Variation','',28,2,0.333333),
	(167,'Inheritance','',28,2,0.333333),
	(168,'Evolution','',28,2,0.333333),
	(169,'Health and disease','',29,2,0.333333),
	(170,'Improvement in food production','',29,2,0.333333),
	(171,'Microbes in human welfare','',29,2,0.333333),
	(172,'Genetic Engineering','',30,2,0.5),
	(173,'Applications of biotechnology','',30,2,0.5),
	(174,'Organisms and environment','',31,2,0.25),
	(175,'Ecosystem','',31,2,0.25),
	(176,'Biodiversity','',31,2,0.25),
	(177,'Environmental issues','',31,2,0.25);

/*!40000 ALTER TABLE `section_l3` ENABLE KEYS */;
UNLOCK TABLES;


# Dump of table streams
# ------------------------------------------------------------

LOCK TABLES `streams` WRITE;
/*!40000 ALTER TABLE `streams` DISABLE KEYS */;
INSERT INTO `streams` (`id`,`displayName`,`topFacultyIds`,`basicInfo`,`quizIds`,`sampleQuizIds`)
VALUES
	(1,'Engineering',NULL,NULL,NULL,NULL),
	(2,'Medical',NULL,NULL,NULL,NULL),
	(3,'Civil Services',NULL,NULL,NULL,NULL),
	(4,'Law',NULL,NULL,NULL,NULL);

/*!40000 ALTER TABLE `streams` ENABLE KEYS */;
UNLOCK TABLES;


# Dump of table students
# ------------------------------------------------------------

LOCK TABLES `students` WRITE;
/*!40000 ALTER TABLE `students` DISABLE KEYS */;
INSERT INTO `students` (`ascoreL1`,`ascoreL2`,`quizzesAttempted`,`accountId`,`streamId`,`quizzesRemaining`)
VALUES
	(0,0,'[\"1\",\"2\",\"3\",\"4\",\"5\"]',4,1,75),
	(0,0,NULL,5,1,0),
	(0,0,NULL,7,1,0),
	(0,0,'[\"5\"]',8,1,0),
	(0,0,'[\"2\",\"3\",\"1\",\"4\",\"5\"]',9,1,0),
	(0,0,'[\"2\",\"3\",\"4\",\"1\"]',10,1,0),
	(0,0,'[\"2\",\"3\"]',11,1,0),
	(0,0,'[\"1\",\"2\",\"3\",\"4\"]',12,1,0),
	(0,0,'[\"1\",\"2\",\"3\",\"5\",\"4\",\"6\"]',13,1,0),
	(0,0,'[\"2\",\"4\",\"3\",\"5\"]',14,1,0),
	(0,0,'[\"2\",\"1\",\"3\",\"4\",\"5\",\"6\"]',15,1,0),
	(0,0,'[\"2\"]',16,1,0),
	(0,0,'[\"2\",\"1\",\"3\",\"4\",\"5\"]',17,1,0),
	(0,0,'[\"3\",\"1\",\"2\",\"4\",\"5\",\"6\"]',18,1,0),
	(0,0,'[\"3\",\"2\",\"1\"]',19,1,0),
	(0,0,'[\"1\",\"2\"]',20,1,0),
	(0,0,'[\"3\",\"2\",\"1\",\"4\",\"5\"]',21,1,0),
	(0,0,'[\"2\"]',22,1,0),
	(0,0,'[\"1\",\"2\",\"4\",\"3\",\"5\"]',23,1,0),
	(0,0,'[\"1\",\"2\",\"3\"]',24,1,0),
	(0,0,'[\"1\",\"2\",\"3\",\"4\",\"5\",\"6\"]',25,1,0),
	(0,0,'[\"1\"]',26,1,0),
	(0,0,'[\"9\",\"1\",\"2\"]',31,1,0),
	(0,0,NULL,32,1,0),
	(0,0,'[\"8\",\"2\"]',33,1,0),
	(0,0,'[\"3\",\"2\",\"1\",\"4\",\"6\",\"5\",\"7\",\"8\"]',34,1,0),
	(0,0,'[\"1\"]',35,1,0),
	(0,0,NULL,36,1,0),
	(0,0,NULL,37,1,0),
	(0,0,'[\"1\"]',38,1,0),
	(0,0,NULL,39,1,0),
	(0,0,'[\"3\",\"2\"]',40,1,0),
	(0,0,NULL,41,1,0),
	(0,0,'[\"2\"]',42,1,4),
	(0,0,NULL,43,1,0),
	(0,0,'[\"2\"]',44,1,9),
	(0,0,'[\"2\"]',45,1,9),
	(0,0,'[\"1\"]',46,1,9),
	(0,0,'[\"1\"]',47,1,4),
	(0,0,NULL,48,1,0),
	(0,0,'[\"1\",\"2\",\"3\",\"4\",\"5\"]',49,1,5),
	(0,0,'[\"2\"]',50,1,9);

/*!40000 ALTER TABLE `students` ENABLE KEYS */;
UNLOCK TABLES;





/*!40111 SET SQL_NOTES=@OLD_SQL_NOTES */;
/*!40101 SET SQL_MODE=@OLD_SQL_MODE */;
/*!40014 SET FOREIGN_KEY_CHECKS=@OLD_FOREIGN_KEY_CHECKS */;
/*!40101 SET CHARACTER_SET_CLIENT=@OLD_CHARACTER_SET_CLIENT */;
/*!40101 SET CHARACTER_SET_RESULTS=@OLD_CHARACTER_SET_RESULTS */;
/*!40101 SET COLLATION_CONNECTION=@OLD_COLLATION_CONNECTION */;
